Timestamp,Voltage (V),Current (A),Power (W),Magnetic Field (G),Event,Event Type
2025-11-05 22:26:13,231.05,1.0,231.05,17.68,Normal Operation,Normal
2025-11-05 22:26:13,229.88,0.75,172.41,17.32,Normal Operation,Normal
2025-11-05 22:26:14,229.58,1.78,408.6524,12.66,Normal Operation,Normal
2025-11-05 22:26:14,230.05,0.79,181.73950000000002,14.6,Normal Operation,Normal
2025-11-05 22:26:15,230.0,0.65,149.5,13.64,Normal Operation,Normal
2025-11-05 22:26:15,228.85,1.71,391.33349999999996,12.19,Normal Operation,Normal
2025-11-05 22:26:16,230.55,0.82,189.051,16.88,Normal Operation,Normal
2025-11-05 22:26:16,229.31,0.67,153.63770000000002,13.79,Normal Operation,Normal
2025-11-05 22:26:17,228.89,1.56,357.0684,13.79,Normal Operation,Normal
2025-11-05 22:26:17,231.57,1.12,259.3584,17.07,Normal Operation,Normal
2025-11-05 22:26:18,230.13,1.08,248.5404,14.65,Normal Operation,Normal
2025-11-05 22:26:18,231.02,0.96,221.7792,12.41,Normal Operation,Normal
2025-11-05 22:26:19,228.93,1.11,254.11230000000003,13.36,Normal Operation,Normal
2025-11-05 22:26:20,230.02,1.56,358.8312,12.52,Normal Operation,Normal
2025-11-05 22:26:20,231.15,0.67,154.87050000000002,14.95,Normal Operation,Normal
2025-11-05 22:26:21,229.48,1.72,394.7056,13.42,Normal Operation,Normal
2025-11-05 22:26:21,230.89,1.58,364.8062,15.17,Normal Operation,Normal
2025-11-05 22:26:22,231.94,0.84,194.8296,12.46,Normal Operation,Normal
2025-11-05 22:26:23,228.06,0.9,205.25400000000002,16.28,Normal Operation,Normal
2025-11-05 22:26:23,230.79,1.58,364.64820000000003,13.16,Normal Operation,Normal
2025-11-05 22:26:24,230.0,1.24,285.2,16.58,Normal Operation,Normal
2025-11-05 22:26:25,229.76,1.41,323.9616,14.73,Normal Operation,Normal
2025-11-05 22:26:25,231.28,9.92,2294.2976,16.15,Normal Operation,Normal
2025-11-05 22:26:26,229.71,1.28,294.0288,14.02,Normal Operation,Normal
2025-11-05 22:26:26,229.4,0.8,183.52,15.27,Normal Operation,Normal
2025-11-05 22:26:27,231.54,0.89,206.07059999999998,14.55,Normal Operation,Normal
2025-11-05 22:26:27,229.29,0.66,151.3314,13.65,Normal Operation,Normal
2025-11-05 22:26:28,229.35,1.59,364.6665,14.3,Normal Operation,Normal
2025-11-05 22:26:28,230.22,1.42,326.9124,15.81,Normal Operation,Normal
2025-11-05 22:26:30,231.79,1.64,380.13559999999995,12.79,Normal Operation,Normal
2025-11-05 22:26:31,231.13,0.97,224.1961,14.84,Normal Operation,Normal
2025-11-05 22:26:32,229.72,0.86,197.5592,17.54,Normal Operation,Normal
2025-11-05 22:26:32,229.28,1.14,261.37919999999997,15.41,Normal Operation,Normal
2025-11-05 22:26:33,229.4,0.76,174.344,12.64,Normal Operation,Normal
2025-11-05 22:26:33,231.21,1.34,309.82140000000004,15.61,Normal Operation,Normal
2025-11-05 22:26:34,229.4,0.82,188.108,16.43,Normal Operation,Normal
2025-11-05 22:26:34,231.7,0.68,157.556,15.2,Normal Operation,Normal
2025-11-05 22:26:35,228.5,1.48,338.18,16.4,Normal Operation,Normal
2025-11-05 22:26:36,228.3,1.76,401.80800000000005,16.74,Normal Operation,Normal
2025-11-05 22:26:36,229.48,1.53,351.1044,14.59,Normal Operation,Normal
2025-11-05 22:26:37,229.39,1.23,282.1497,17.13,Normal Operation,Normal
2025-11-05 22:26:37,228.82,0.72,164.75039999999998,13.15,Normal Operation,Normal
2025-11-05 22:26:38,229.98,0.68,156.3864,12.03,Normal Operation,Normal
2025-11-05 22:26:38,229.14,1.07,245.1798,14.83,Normal Operation,Normal
2025-11-05 22:26:39,231.58,1.6,370.528,12.45,Normal Operation,Normal
2025-11-05 22:26:40,231.34,1.7,393.278,15.96,Normal Operation,Normal
2025-11-05 22:26:41,230.04,1.08,248.44320000000002,13.53,Normal Operation,Normal
2025-11-05 22:26:42,231.05,0.78,180.21900000000002,13.66,Normal Operation,Normal
2025-11-05 22:26:42,229.04,1.2,274.84799999999996,17.98,Normal Operation,Normal
2025-11-05 22:26:43,231.83,0.67,155.32610000000003,12.27,Normal Operation,Normal
2025-11-05 22:26:43,230.83,0.97,223.9051,16.63,Normal Operation,Normal
2025-11-05 22:26:44,231.87,1.38,319.9806,17.77,Normal Operation,Normal
2025-11-05 22:26:44,230.19,0.76,174.9444,12.65,Normal Operation,Normal
2025-11-05 22:26:45,230.06,0.82,188.64919999999998,13.4,Normal Operation,Normal
2025-11-05 22:26:46,230.44,1.3,299.572,13.8,Normal Operation,Normal
2025-11-05 22:26:47,229.71,1.13,259.5723,16.29,Normal Operation,Normal
2025-11-05 22:26:47,230.38,1.35,311.01300000000003,13.33,Normal Operation,Normal
2025-11-05 22:26:48,230.26,0.71,163.48459999999997,15.93,Normal Operation,Normal
2025-11-05 22:26:48,231.69,0.64,148.2816,15.17,Normal Operation,Normal
2025-11-05 22:26:49,231.86,1.29,299.0994,15.76,Normal Operation,Normal
2025-11-05 22:26:49,229.38,1.61,369.3018,14.6,Normal Operation,Normal
2025-11-05 22:26:50,228.05,0.98,223.489,14.5,Normal Operation,Normal
2025-11-05 22:26:51,228.76,0.96,219.60959999999997,17.55,Normal Operation,Normal
2025-11-05 22:26:51,228.49,0.78,178.22220000000002,16.86,Normal Operation,Normal
2025-11-05 22:26:52,228.42,14.79,3378.3317999999995,13.58,Normal Operation,Normal
2025-11-05 22:26:53,230.17,0.97,223.26489999999998,12.12,Normal Operation,Normal
2025-11-05 22:26:54,229.3,0.93,213.24900000000002,13.05,Normal Operation,Normal
2025-11-05 22:26:54,231.78,1.17,271.1826,17.08,Normal Operation,Normal
2025-11-05 22:26:55,230.43,1.68,387.12239999999997,16.59,Normal Operation,Normal
2025-11-05 22:26:56,228.92,1.35,309.04200000000003,14.72,Normal Operation,Normal
2025-11-05 22:26:56,229.73,1.01,232.0273,15.86,Normal Operation,Normal
2025-11-05 22:26:57,231.83,1.42,329.1986,16.91,Normal Operation,Normal
2025-11-05 22:26:58,228.22,1.3,296.68600000000004,16.78,Normal Operation,Normal
2025-11-05 22:26:58,229.06,0.85,194.701,13.62,Normal Operation,Normal
2025-11-05 22:26:59,231.01,1.21,279.52209999999997,12.57,Normal Operation,Normal
2025-11-05 22:26:59,231.41,1.67,386.4547,17.59,Normal Operation,Normal
2025-11-05 22:27:00,228.7,0.74,169.238,12.75,Normal Operation,Normal
2025-11-05 22:27:01,229.76,1.36,312.47360000000003,16.86,Normal Operation,Normal
2025-11-05 22:27:01,230.29,1.5,345.435,12.25,Normal Operation,Normal
2025-11-05 22:27:02,230.14,1.31,301.4834,14.62,Normal Operation,Normal
2025-11-05 22:27:02,230.84,1.67,385.5028,14.4,Normal Operation,Normal
2025-11-05 22:27:03,228.82,1.78,407.2996,17.71,Normal Operation,Normal
2025-11-05 22:27:03,231.08,0.87,201.0396,15.02,Normal Operation,Normal
2025-11-05 22:27:04,231.79,0.64,148.3456,17.15,Normal Operation,Normal
2025-11-05 22:27:05,228.91,0.82,187.7062,14.1,Normal Operation,Normal
2025-11-05 22:27:05,229.92,1.14,262.1088,13.87,Normal Operation,Normal
2025-11-05 22:27:06,229.28,1.23,282.0144,12.92,Normal Operation,Normal
2025-11-05 22:27:07,228.16,0.63,143.7408,12.31,Normal Operation,Normal
2025-11-05 22:27:07,229.59,1.36,312.24240000000003,13.97,Normal Operation,Normal
2025-11-05 22:27:08,229.18,1.02,233.76360000000003,15.68,Normal Operation,Normal
2025-11-05 22:27:09,230.92,1.21,279.41319999999996,15.38,Normal Operation,Normal
2025-11-05 22:27:09,228.21,1.51,344.5971,12.56,Normal Operation,Normal
2025-11-05 22:27:10,229.96,1.61,370.23560000000003,16.51,Normal Operation,Normal
2025-11-05 22:27:10,229.95,0.72,165.564,14.96,Normal Operation,Normal
2025-11-05 22:27:11,231.82,0.65,150.683,13.66,Normal Operation,Normal
2025-11-05 22:27:12,229.55,1.46,335.14300000000003,16.12,Normal Operation,Normal
2025-11-05 22:27:13,229.5,0.82,188.19,15.4,Normal Operation,Normal
2025-11-05 22:27:14,228.31,1.26,287.6706,16.47,Normal Operation,Normal
2025-11-05 22:27:14,231.79,1.78,412.5862,13.37,Normal Operation,Normal
2025-11-05 22:27:15,228.82,1.17,267.71939999999995,12.46,Normal Operation,Normal
2025-11-05 22:27:15,231.89,13.73,3183.8496999999998,15.17,Normal Operation,Normal
2025-11-05 22:27:16,231.33,1.47,340.05510000000004,14.87,Normal Operation,Normal
2025-11-05 22:27:16,229.68,0.78,179.15040000000002,13.28,Normal Operation,Normal
2025-11-05 22:27:17,228.28,0.93,212.30040000000002,17.16,Normal Operation,Normal
2025-11-05 22:27:18,228.05,1.35,307.86750000000006,15.53,Normal Operation,Normal
2025-11-05 22:27:18,228.77,0.83,189.8791,15.68,Normal Operation,Normal
2025-11-05 22:27:19,228.86,1.31,299.8066,16.3,Normal Operation,Normal
2025-11-05 22:27:19,230.62,1.58,364.37960000000004,16.49,Normal Operation,Normal
2025-11-05 22:27:20,230.66,1.37,316.0042,14.04,Normal Operation,Normal
2025-11-05 22:27:21,230.85,0.84,193.914,15.8,Normal Operation,Normal
2025-11-05 22:27:22,230.52,1.09,251.26680000000002,15.23,Normal Operation,Normal
2025-11-05 22:27:22,231.45,1.25,289.3125,13.62,Normal Operation,Normal
2025-11-05 22:27:23,230.43,0.75,172.8225,12.09,Normal Operation,Normal
2025-11-05 22:27:24,229.53,1.38,316.7514,17.64,Normal Operation,Normal
2025-11-05 22:27:24,228.86,1.24,283.7864,16.46,Normal Operation,Normal
2025-11-05 22:27:25,231.04,1.42,328.0768,16.16,Normal Operation,Normal
2025-11-05 22:27:25,230.26,1.12,257.8912,15.76,Normal Operation,Normal
2025-11-05 22:27:26,229.34,1.72,394.4648,12.21,Normal Operation,Normal
2025-11-05 22:27:27,231.83,1.6,370.92800000000005,13.7,Normal Operation,Normal
2025-11-05 22:27:28,228.63,1.46,333.7998,16.99,Normal Operation,Normal
2025-11-05 22:27:28,230.6,1.04,239.824,13.45,Normal Operation,Normal
2025-11-05 22:27:29,229.91,0.99,227.6109,15.78,Normal Operation,Normal
2025-11-05 22:27:29,228.99,0.61,139.6839,13.19,Normal Operation,Normal
2025-11-05 22:27:31,231.15,1.36,314.36400000000003,16.08,Normal Operation,Normal
2025-11-05 22:27:31,229.79,1.42,326.30179999999996,15.47,Normal Operation,Normal
2025-11-05 22:27:32,230.04,11.98,2755.8792,15.04,Normal Operation,Normal
2025-11-05 22:27:33,231.29,0.67,154.9643,17.9,Normal Operation,Normal
2025-11-05 22:27:34,230.4,1.71,393.984,16.42,Normal Operation,Normal
2025-11-05 22:27:34,230.15,0.92,211.73800000000003,16.33,Normal Operation,Normal
2025-11-05 22:27:35,231.81,11.87,2751.5847,17.63,Normal Operation,Normal
2025-11-05 22:27:36,231.03,1.76,406.6128,16.36,Normal Operation,Normal
2025-11-05 22:27:37,231.22,1.59,367.63980000000004,15.49,Normal Operation,Normal
2025-11-05 22:27:38,229.38,1.31,300.4878,12.25,Normal Operation,Normal
2025-11-05 22:27:38,231.43,0.85,196.7155,12.48,Normal Operation,Normal
2025-11-05 22:27:39,231.04,1.14,263.38559999999995,16.2,Normal Operation,Normal
2025-11-05 22:27:41,230.19,1.73,398.2287,16.04,Normal Operation,Normal
2025-11-05 22:27:41,229.81,1.4,321.734,16.37,Normal Operation,Normal
2025-11-05 22:27:42,229.54,0.69,158.38259999999997,17.13,Normal Operation,Normal
2025-11-05 22:27:42,231.19,0.95,219.63049999999998,15.8,Normal Operation,Normal
2025-11-05 22:27:43,229.65,1.69,388.1085,15.67,Normal Operation,Normal
2025-11-05 22:27:43,230.16,1.52,349.8432,12.53,Normal Operation,Normal
2025-11-05 22:27:45,228.03,1.12,255.39360000000002,17.45,Normal Operation,Normal
2025-11-05 22:27:45,229.31,1.1,252.241,13.02,Normal Operation,Normal
2025-11-05 22:27:46,231.69,1.65,382.2885,14.19,Normal Operation,Normal
2025-11-05 22:27:46,229.69,1.48,339.9412,14.0,Normal Operation,Normal
2025-11-05 22:27:47,228.73,1.65,377.4045,13.53,Normal Operation,Normal
2025-11-05 22:27:47,228.38,1.25,285.475,17.53,Normal Operation,Normal
2025-11-05 22:27:48,231.88,1.44,333.9072,13.38,Normal Operation,Normal
2025-11-05 22:27:49,228.69,0.83,189.81269999999998,16.01,Normal Operation,Normal
2025-11-05 22:27:49,229.87,0.79,181.59730000000002,12.68,Normal Operation,Normal
2025-11-05 22:27:50,228.8,1.51,345.488,16.8,Normal Operation,Normal
2025-11-05 22:27:51,229.19,1.01,231.4819,14.39,Normal Operation,Normal
2025-11-05 22:27:51,228.19,1.65,376.51349999999996,13.72,Normal Operation,Normal
2025-11-05 22:27:52,231.93,1.29,299.1897,17.31,Normal Operation,Normal
2025-11-05 22:27:52,231.99,0.61,141.5139,13.48,Normal Operation,Normal
2025-11-05 22:27:53,229.31,1.03,236.1893,14.64,Normal Operation,Normal
2025-11-05 22:27:54,231.16,1.75,404.53,14.16,Normal Operation,Normal
2025-11-05 22:27:54,228.78,1.19,272.2482,13.24,Normal Operation,Normal
2025-11-05 22:27:55,228.79,1.5,343.185,14.31,Normal Operation,Normal
2025-11-05 22:27:55,229.96,0.76,174.7696,16.14,Normal Operation,Normal
2025-11-05 22:27:56,230.41,1.45,334.0945,17.78,Normal Operation,Normal
2025-11-05 22:27:56,231.6,1.42,328.87199999999996,16.18,Normal Operation,Normal
2025-11-05 22:27:58,228.03,1.79,408.1737,16.14,Normal Operation,Normal
2025-11-05 22:27:58,230.13,1.23,283.05989999999997,17.55,Normal Operation,Normal
2025-11-05 22:27:59,228.47,0.78,178.2066,12.59,Normal Operation,Normal
2025-11-05 22:27:59,231.52,0.95,219.944,13.32,Normal Operation,Normal
2025-11-05 22:28:00,230.88,1.05,242.424,16.07,Normal Operation,Normal
2025-11-05 22:28:00,229.72,1.17,268.7724,12.97,Normal Operation,Normal
2025-11-05 22:28:01,231.45,1.03,238.3935,13.57,Normal Operation,Normal
2025-11-05 22:28:01,231.59,0.96,222.3264,17.27,Normal Operation,Normal
2025-11-05 22:28:02,231.17,0.62,143.3254,17.43,Normal Operation,Normal
2025-11-05 22:28:03,231.59,1.28,296.4352,14.94,Normal Operation,Normal
2025-11-05 22:28:04,230.58,0.72,166.01760000000002,12.82,Normal Operation,Normal
2025-11-05 22:28:04,230.28,0.99,227.9772,16.25,Normal Operation,Normal
2025-11-05 22:28:05,228.05,1.63,371.7215,12.29,Normal Operation,Normal
2025-11-05 22:28:06,228.1,1.23,280.563,14.19,Normal Operation,Normal
2025-11-05 22:28:07,231.78,0.87,201.6486,17.31,Normal Operation,Normal
2025-11-05 22:28:07,228.15,1.54,351.351,13.09,Normal Operation,Normal
2025-11-05 22:28:08,229.45,0.87,199.6215,13.35,Normal Operation,Normal
2025-11-05 22:28:08,229.13,1.79,410.1427,12.89,Normal Operation,Normal
2025-11-05 22:28:09,231.58,1.35,312.63300000000004,17.2,Normal Operation,Normal
2025-11-05 22:28:09,230.66,1.34,309.0844,15.75,Normal Operation,Normal
2025-11-05 22:28:10,230.37,1.21,278.7477,15.83,Normal Operation,Normal
2025-11-05 22:28:10,228.27,1.33,303.5991,12.63,Normal Operation,Normal
2025-11-05 22:28:11,228.67,1.59,363.5853,13.99,Normal Operation,Normal
2025-11-05 22:28:12,229.48,0.82,188.1736,16.18,Normal Operation,Normal
2025-11-05 22:28:13,228.29,1.01,230.5729,15.62,Normal Operation,Normal
2025-11-05 22:28:13,228.65,1.57,358.9805,14.25,Normal Operation,Normal
2025-11-05 22:28:14,230.73,0.83,191.50589999999997,12.8,Normal Operation,Normal
2025-11-05 22:28:14,229.08,1.79,410.0532,14.59,Normal Operation,Normal
2025-11-05 22:28:16,228.72,1.45,331.644,13.12,Normal Operation,Normal
2025-11-05 22:28:16,230.32,1.72,396.1504,14.03,Normal Operation,Normal
2025-11-05 22:28:17,230.81,0.73,168.4913,17.13,Normal Operation,Normal
2025-11-05 22:28:17,229.69,0.82,188.3458,12.23,Normal Operation,Normal
2025-11-05 22:28:18,229.41,1.5,344.115,15.37,Normal Operation,Normal
2025-11-05 22:28:18,228.79,1.08,247.0932,12.44,Normal Operation,Normal
2025-11-05 22:28:19,229.75,0.72,165.42,17.76,Normal Operation,Normal
2025-11-05 22:28:19,230.69,1.11,256.0659,15.94,Normal Operation,Normal
2025-11-05 22:28:20,230.52,1.7,391.884,13.54,Normal Operation,Normal
2025-11-05 22:28:21,228.13,0.87,198.4731,17.99,Normal Operation,Normal
2025-11-05 22:28:21,229.67,0.9,206.703,12.5,Normal Operation,Normal
2025-11-05 22:28:22,230.23,0.73,168.06789999999998,14.62,Normal Operation,Normal
2025-11-05 22:28:23,229.0,1.7,389.3,14.22,Normal Operation,Normal
2025-11-05 22:28:23,230.32,1.67,384.63439999999997,12.71,Normal Operation,Normal
2025-11-05 22:28:24,230.17,1.69,388.98729999999995,13.97,Normal Operation,Normal
2025-11-05 22:28:25,228.28,1.44,328.72319999999996,13.1,Normal Operation,Normal
2025-11-05 22:28:25,228.56,1.46,333.6976,16.49,Normal Operation,Normal
2025-11-05 22:28:26,231.16,11.82,2732.3112,17.36,Normal Operation,Normal
2025-11-05 22:28:26,229.28,0.99,226.9872,12.52,Normal Operation,Normal
2025-11-05 22:28:27,229.69,1.3,298.597,16.56,Normal Operation,Normal
2025-11-05 22:28:28,231.26,1.77,409.3302,15.45,Normal Operation,Normal
2025-11-05 22:28:28,231.6,0.88,203.808,15.76,Normal Operation,Normal
2025-11-05 22:28:29,230.44,1.5,345.65999999999997,14.25,Normal Operation,Normal
2025-11-05 22:28:30,228.33,1.72,392.7276,16.17,Normal Operation,Normal
2025-11-05 22:28:30,231.67,0.8,185.336,16.79,Normal Operation,Normal
2025-11-05 22:28:31,228.34,1.77,404.1618,15.83,Normal Operation,Normal
2025-11-05 22:28:31,229.26,1.06,243.0156,15.29,Normal Operation,Normal
2025-11-05 22:28:32,231.06,1.68,388.1808,16.59,Normal Operation,Normal
2025-11-05 22:28:32,231.63,1.56,361.3428,17.04,Normal Operation,Normal
2025-11-05 22:28:33,230.92,0.74,170.8808,15.8,Normal Operation,Normal
2025-11-05 22:28:34,230.92,1.73,399.49159999999995,13.66,Normal Operation,Normal
2025-11-05 22:28:35,230.75,1.28,295.36,16.02,Normal Operation,Normal
2025-11-05 22:28:36,231.68,1.38,319.7184,16.29,Normal Operation,Normal
2025-11-05 22:28:36,231.6,1.22,282.55199999999996,16.47,Normal Operation,Normal
2025-11-05 22:28:37,229.16,0.77,176.4532,12.44,Normal Operation,Normal
2025-11-05 22:28:37,230.17,1.72,395.89239999999995,16.92,Normal Operation,Normal
2025-11-05 22:28:38,230.28,1.11,255.6108,16.91,Normal Operation,Normal
2025-11-05 22:28:39,231.74,1.65,382.371,13.35,Normal Operation,Normal
2025-11-05 22:28:40,228.35,0.71,162.12849999999997,13.5,Normal Operation,Normal
2025-11-05 22:28:40,230.76,8.72,2012.2272,14.55,Normal Operation,Normal
2025-11-05 22:28:41,231.72,1.31,303.5532,16.99,Normal Operation,Normal
2025-11-05 22:28:41,231.14,1.31,302.7934,16.4,Normal Operation,Normal
2025-11-05 22:28:42,229.05,0.67,153.4635,15.3,Normal Operation,Normal
2025-11-05 22:28:43,228.96,0.85,194.616,12.81,Normal Operation,Normal
2025-11-05 22:28:43,229.2,1.67,382.76399999999995,17.04,Normal Operation,Normal
2025-11-05 22:28:44,230.61,0.98,225.9978,15.98,Normal Operation,Normal
2025-11-05 22:28:45,228.82,1.3,297.466,12.93,Normal Operation,Normal
2025-11-05 22:28:45,229.24,1.01,231.53240000000002,17.34,Normal Operation,Normal
2025-11-05 22:28:47,228.39,1.02,232.9578,12.74,Normal Operation,Normal
2025-11-05 22:28:48,228.41,1.38,315.20579999999995,12.1,Normal Operation,Normal
2025-11-05 22:28:48,228.76,1.66,379.74159999999995,16.92,Normal Operation,Normal
2025-11-05 22:28:49,228.79,1.39,318.01809999999995,15.27,Normal Operation,Normal
2025-11-05 22:28:49,229.33,0.76,174.29080000000002,12.13,Normal Operation,Normal
2025-11-05 22:28:50,231.39,0.93,215.1927,16.43,Normal Operation,Normal
2025-11-05 22:28:50,230.86,1.13,260.8718,17.04,Normal Operation,Normal
2025-11-05 22:28:51,228.15,0.66,150.579,15.46,Normal Operation,Normal
2025-11-05 22:28:52,229.81,0.95,218.3195,13.1,Normal Operation,Normal
2025-11-05 22:28:52,231.71,1.48,342.93080000000003,12.38,Normal Operation,Normal
2025-11-05 22:28:53,231.05,1.24,286.502,17.47,Normal Operation,Normal
2025-11-05 22:28:53,230.03,1.42,326.64259999999996,17.06,Normal Operation,Normal
2025-11-05 22:28:54,230.01,1.78,409.4178,16.15,Normal Operation,Normal
2025-11-05 22:28:55,228.95,1.64,375.47799999999995,14.53,Normal Operation,Normal
2025-11-05 22:28:55,229.89,1.45,333.34049999999996,12.23,Normal Operation,Normal
2025-11-05 22:28:56,231.55,1.75,405.21250000000003,15.37,Normal Operation,Normal
2025-11-05 22:28:57,229.47,1.75,401.5725,17.62,Normal Operation,Normal
2025-11-05 22:28:57,229.71,1.43,328.4853,17.16,Normal Operation,Normal
2025-11-05 22:28:58,231.46,1.6,370.336,15.96,Normal Operation,Normal
2025-11-05 22:28:58,229.37,0.91,208.72670000000002,14.55,Normal Operation,Normal
2025-11-05 22:28:59,228.71,1.79,409.39090000000004,12.44,Normal Operation,Normal
2025-11-05 22:28:59,231.95,1.6,371.12,13.07,Normal Operation,Normal
2025-11-05 22:29:00,228.92,0.93,212.8956,15.09,Normal Operation,Normal
2025-11-05 22:29:01,228.93,0.98,224.3514,16.39,Normal Operation,Normal
2025-11-05 22:29:01,230.95,1.54,355.663,13.61,Normal Operation,Normal
2025-11-05 22:29:02,231.25,1.32,305.25,12.5,Normal Operation,Normal
2025-11-05 22:29:02,230.05,0.93,213.94650000000001,17.83,Normal Operation,Normal
2025-11-05 22:29:03,230.6,1.2,276.71999999999997,17.49,Normal Operation,Normal
2025-11-05 22:29:03,230.65,1.05,242.1825,12.95,Normal Operation,Normal
2025-11-05 22:29:04,230.82,1.78,410.8596,13.66,Normal Operation,Normal
2025-11-05 22:29:05,231.58,1.02,236.2116,14.46,Normal Operation,Normal
2025-11-05 22:29:05,230.6,1.55,357.43,15.17,Normal Operation,Normal
2025-11-05 22:29:06,231.84,1.17,271.2528,15.4,Normal Operation,Normal
2025-11-05 22:29:06,231.77,0.71,164.5567,14.09,Normal Operation,Normal
2025-11-05 22:29:07,229.32,1.48,339.3936,15.58,Normal Operation,Normal
2025-11-05 22:29:07,230.4,1.25,288.0,14.5,Normal Operation,Normal
2025-11-05 22:29:08,228.79,1.13,258.5327,17.39,Normal Operation,Normal
2025-11-05 22:29:08,230.97,1.48,341.8356,15.52,Normal Operation,Normal
2025-11-05 22:29:09,230.61,1.08,249.05880000000002,17.93,Normal Operation,Normal
2025-11-05 22:29:10,229.76,1.56,358.4256,17.69,Normal Operation,Normal
2025-11-05 22:29:10,229.8,1.05,241.29000000000002,17.71,Normal Operation,Normal
2025-11-05 22:29:11,228.33,0.68,155.26440000000002,17.13,Normal Operation,Normal
2025-11-05 22:29:12,229.37,1.05,240.8385,14.93,Normal Operation,Normal
2025-11-05 22:29:12,229.27,1.58,362.24660000000006,17.27,Normal Operation,Normal
2025-11-05 22:29:13,230.48,0.69,159.03119999999998,15.28,Normal Operation,Normal
2025-11-05 22:29:14,230.71,1.16,267.6236,16.18,Normal Operation,Normal
2025-11-05 22:29:14,229.64,1.23,282.4572,16.8,Normal Operation,Normal
2025-11-05 22:29:15,230.89,1.59,367.1151,17.19,Normal Operation,Normal
2025-11-05 22:29:16,231.25,1.18,272.875,12.62,Normal Operation,Normal
2025-11-05 22:29:16,229.49,1.53,351.1197,15.71,Normal Operation,Normal
2025-11-05 22:29:17,231.87,1.47,340.8489,14.18,Normal Operation,Normal
2025-11-05 22:29:17,229.74,0.71,163.1154,15.65,Normal Operation,Normal
2025-11-05 22:29:18,231.1,0.8,184.88,13.89,Normal Operation,Normal
2025-11-05 22:29:19,231.04,1.41,325.7664,12.6,Normal Operation,Normal
2025-11-05 22:29:19,231.46,1.32,305.52720000000005,15.43,Normal Operation,Normal
2025-11-05 22:29:20,228.15,1.09,248.68350000000004,16.71,Normal Operation,Normal
2025-11-05 22:29:21,231.57,1.36,314.9352,14.95,Normal Operation,Normal
2025-11-05 22:29:21,229.87,1.36,312.62320000000005,16.91,Normal Operation,Normal
2025-11-05 22:29:22,228.44,1.09,248.99960000000002,12.44,Normal Operation,Normal
2025-11-05 22:29:23,229.87,0.97,222.9739,14.63,Normal Operation,Normal
2025-11-05 22:29:25,230.18,0.7,161.126,16.17,Normal Operation,Normal
2025-11-05 22:29:25,228.15,10.13,2311.1595,14.07,Normal Operation,Normal
2025-11-05 22:29:26,229.6,0.63,144.648,12.47,Normal Operation,Normal
2025-11-05 22:29:26,231.32,1.01,233.6332,12.91,Normal Operation,Normal
2025-11-05 22:29:27,228.99,0.82,187.77179999999998,15.32,Normal Operation,Normal
2025-11-05 22:38:49,228.99,11.04,2528.0496,17.71,Normal Operation,Normal
2025-11-05 22:38:49,228.75,1.13,258.48749999999995,14.91,Normal Operation,Normal
2025-11-05 22:38:50,228.92,0.74,169.40079999999998,14.3,Normal Operation,Normal
2025-11-05 22:38:50,228.6,0.89,203.454,13.98,Normal Operation,Normal
2025-11-05 22:38:51,228.69,1.53,349.8957,14.85,Normal Operation,Normal
2025-11-05 22:38:51,229.2,1.57,359.844,15.89,Normal Operation,Normal
2025-11-05 22:38:53,231.27,1.25,289.08750000000003,16.85,Normal Operation,Normal
2025-11-05 22:38:53,231.09,1.19,274.9971,13.08,Normal Operation,Normal
2025-11-05 22:38:54,230.07,1.04,239.2728,13.52,Normal Operation,Normal
2025-11-05 22:38:54,230.72,1.76,406.0672,12.89,Normal Operation,Normal
2025-11-05 22:38:55,231.54,0.83,192.17819999999998,16.1,Normal Operation,Normal
2025-11-05 22:38:56,231.39,1.21,279.9819,17.01,Normal Operation,Normal
2025-11-05 22:38:57,230.94,1.47,339.48179999999996,15.25,Normal Operation,Normal
2025-11-05 22:38:57,231.58,0.66,152.8428,15.26,Normal Operation,Normal
2025-11-05 22:38:58,230.55,1.16,267.438,17.58,Normal Operation,Normal
2025-11-05 22:38:58,231.93,0.85,197.1405,13.41,Normal Operation,Normal
2025-11-05 22:38:59,228.82,1.53,350.0946,16.19,Normal Operation,Normal
2025-11-05 22:39:00,231.72,1.06,245.6232,15.13,Normal Operation,Normal
2025-11-05 22:39:01,229.81,1.35,310.24350000000004,17.38,Normal Operation,Normal
2025-11-05 22:39:01,230.11,0.86,197.8946,15.3,Normal Operation,Normal
2025-11-05 22:39:02,229.66,1.3,298.558,17.81,Normal Operation,Normal
2025-11-05 22:39:03,230.53,1.48,341.1844,13.85,Normal Operation,Normal
2025-11-05 22:39:03,228.34,1.31,299.1254,17.18,Normal Operation,Normal
2025-11-05 22:39:04,228.78,1.05,240.21900000000002,16.46,Normal Operation,Normal
2025-11-05 22:39:04,230.67,1.37,316.0179,13.62,Normal Operation,Normal
2025-11-05 22:39:05,231.55,1.29,298.6995,14.29,Normal Operation,Normal
2025-11-05 22:39:05,230.09,1.07,246.1963,13.61,Normal Operation,Normal
2025-11-05 22:39:06,231.59,0.78,180.64020000000002,16.3,Normal Operation,Normal
2025-11-05 22:39:07,228.93,1.79,409.78470000000004,16.65,Normal Operation,Normal
2025-11-05 22:39:07,230.93,1.72,397.19960000000003,14.27,Normal Operation,Normal
2025-11-05 22:39:08,230.95,0.82,189.379,15.41,Normal Operation,Normal
2025-11-05 22:39:08,229.95,1.67,384.01649999999995,17.59,Normal Operation,Normal
2025-11-05 22:39:09,228.54,0.94,214.8276,14.04,Normal Operation,Normal
2025-11-05 22:39:09,229.45,0.87,199.6215,17.29,Normal Operation,Normal
2025-11-05 22:39:10,229.51,0.63,144.5913,13.7,Normal Operation,Normal
2025-11-05 22:39:10,231.8,1.05,243.39000000000001,16.06,Normal Operation,Normal
2025-11-05 22:39:11,228.34,0.81,184.95540000000003,15.2,Normal Operation,Normal
2025-11-05 22:39:12,228.05,1.15,262.2575,13.44,Normal Operation,Normal
2025-11-05 22:39:12,230.02,1.73,397.9346,16.11,Normal Operation,Normal
2025-11-05 22:39:13,231.67,1.13,261.78709999999995,16.29,Normal Operation,Normal
2025-11-05 22:39:14,230.35,1.03,237.2605,16.44,Normal Operation,Normal
2025-11-05 22:39:14,229.73,1.22,280.2706,14.97,Normal Operation,Normal
2025-11-05 22:39:15,230.56,1.45,334.312,16.35,Normal Operation,Normal
2025-11-05 22:39:16,229.02,1.27,290.85540000000003,14.33,Normal Operation,Normal
2025-11-05 22:39:17,229.01,1.66,380.15659999999997,13.97,Normal Operation,Normal
2025-11-05 22:39:17,229.43,1.02,234.01860000000002,16.36,Normal Operation,Normal
2025-11-05 22:39:18,230.42,1.58,364.0636,13.34,Normal Operation,Normal
2025-11-05 22:39:18,231.82,1.42,329.1844,17.35,Normal Operation,Normal
2025-11-05 22:39:19,230.05,1.01,232.3505,16.84,Normal Operation,Normal
2025-11-05 22:39:19,230.59,1.36,313.60240000000005,15.11,Normal Operation,Normal
2025-11-05 22:39:20,231.28,1.07,247.4696,12.14,Normal Operation,Normal
2025-11-05 22:39:20,231.66,0.8,185.328,12.35,Normal Operation,Normal
2025-11-05 22:39:21,231.0,1.01,233.31,16.1,Normal Operation,Normal
2025-11-05 22:39:22,231.92,1.7,394.26399999999995,16.31,Normal Operation,Normal
2025-11-05 22:39:22,231.3,0.89,205.857,14.45,Normal Operation,Normal
2025-11-05 22:39:23,228.22,1.58,360.5876,16.59,Normal Operation,Normal
2025-11-05 22:39:23,228.75,1.63,372.86249999999995,17.41,Normal Operation,Normal
2025-11-05 22:39:24,228.09,0.86,196.1574,14.98,Normal Operation,Normal
2025-11-05 22:39:24,229.66,1.31,300.8546,14.51,Normal Operation,Normal
2025-11-05 22:39:25,230.2,0.84,193.368,16.57,Normal Operation,Normal
2025-11-05 22:39:26,229.41,0.77,176.6457,14.7,Normal Operation,Normal
2025-11-05 22:39:26,230.13,0.66,151.88580000000002,14.66,Normal Operation,Normal
2025-11-05 22:39:27,229.49,1.77,406.19730000000004,12.08,Normal Operation,Normal
2025-11-05 22:39:27,229.9,1.25,287.375,14.02,Normal Operation,Normal
2025-11-05 22:39:28,229.96,1.3,298.94800000000004,12.99,Normal Operation,Normal
2025-11-05 22:39:28,228.93,0.92,210.61560000000003,13.66,Normal Operation,Normal
2025-11-05 22:39:29,229.84,1.17,268.9128,13.79,Normal Operation,Normal
2025-11-05 22:39:29,228.15,1.13,257.80949999999996,17.62,Normal Operation,Normal
2025-11-05 22:39:30,230.08,1.14,262.2912,17.56,Normal Operation,Normal
2025-11-05 22:39:31,231.49,1.67,386.5883,13.78,Normal Operation,Normal
2025-11-05 22:39:31,229.38,8.53,1956.6113999999998,15.57,Normal Operation,Normal
2025-11-05 22:39:32,228.45,0.91,207.8895,17.81,Normal Operation,Normal
2025-11-05 22:39:32,231.61,9.52,2204.9272,17.01,Normal Operation,Normal
2025-11-05 22:39:33,231.36,1.12,259.12320000000005,14.24,Normal Operation,Normal
2025-11-05 22:39:33,228.9,1.4,320.46,17.68,Normal Operation,Normal
2025-11-05 22:39:34,231.67,1.12,259.4704,12.69,Normal Operation,Normal
2025-11-05 22:39:34,230.54,1.56,359.6424,17.01,Normal Operation,Normal
2025-11-05 22:39:35,229.49,1.18,270.7982,17.4,Normal Operation,Normal
2025-11-05 22:39:36,228.05,1.35,307.86750000000006,12.4,Normal Operation,Normal
2025-11-05 22:39:37,231.56,1.49,345.0244,13.25,Normal Operation,Normal
2025-11-05 22:39:37,228.91,1.2,274.692,16.43,Normal Operation,Normal
2025-11-05 22:39:38,231.97,1.73,401.30809999999997,16.08,Normal Operation,Normal
2025-11-05 22:39:38,228.25,1.36,310.42,14.8,Normal Operation,Normal
2025-11-05 22:39:39,228.81,1.33,304.31730000000005,13.66,Normal Operation,Normal
2025-11-05 22:39:40,229.35,1.31,300.4485,16.75,Normal Operation,Normal
2025-11-05 22:39:41,231.95,0.93,215.7135,13.27,Normal Operation,Normal
2025-11-05 22:39:42,229.79,1.13,259.6627,14.8,Normal Operation,Normal
2025-11-05 22:39:42,230.5,0.79,182.095,15.3,Normal Operation,Normal
2025-11-05 22:39:43,228.05,1.77,403.6485,17.57,Normal Operation,Normal
2025-11-05 22:39:43,228.74,1.5,343.11,17.93,Normal Operation,Normal
2025-11-05 22:39:44,231.39,1.25,289.23749999999995,13.08,Normal Operation,Normal
2025-11-05 22:39:45,229.64,0.62,142.3768,12.95,Normal Operation,Normal
2025-11-05 22:39:46,229.14,1.44,329.9616,12.68,Normal Operation,Normal
2025-11-05 22:39:46,228.4,1.73,395.132,13.41,Normal Operation,Normal
2025-11-05 22:39:47,230.8,1.03,237.72400000000002,15.01,Normal Operation,Normal
2025-11-05 22:39:47,231.88,1.2,278.256,15.91,Normal Operation,Normal
2025-11-05 22:39:48,231.73,1.39,322.1047,16.46,Normal Operation,Normal
2025-11-05 22:39:48,230.07,1.19,273.7833,14.29,Normal Operation,Normal
2025-11-05 22:39:49,229.45,1.49,341.8805,16.5,Normal Operation,Normal
2025-11-05 22:39:50,228.34,1.71,390.4614,14.12,Normal Operation,Normal
2025-11-05 22:39:50,228.61,0.82,187.4602,14.58,Normal Operation,Normal
2025-11-05 22:39:51,230.69,1.13,260.67969999999997,13.25,Normal Operation,Normal
2025-11-05 22:39:51,231.96,9.5,2203.62,17.55,Normal Operation,Normal
2025-11-05 22:39:52,231.25,0.7,161.875,16.83,Normal Operation,Normal
2025-11-05 22:39:52,230.62,0.8,184.496,17.21,Normal Operation,Normal
2025-11-05 22:39:53,229.69,1.35,310.0815,14.41,Normal Operation,Normal
2025-11-05 22:39:54,230.04,0.78,179.4312,16.58,Normal Operation,Normal
2025-11-05 22:39:54,230.34,1.4,322.476,16.16,Normal Operation,Normal
2025-11-05 22:39:55,231.2,1.22,282.06399999999996,15.43,Normal Operation,Normal
2025-11-05 22:39:55,229.47,1.55,355.6785,13.45,Normal Operation,Normal
2025-11-05 22:39:56,229.89,1.07,245.9823,13.29,Normal Operation,Normal
2025-11-05 22:39:57,228.24,1.31,298.99440000000004,14.0,Normal Operation,Normal
2025-11-05 22:39:58,229.73,1.16,266.48679999999996,12.51,Normal Operation,Normal
2025-11-05 22:39:58,230.72,0.61,140.73919999999998,17.15,Normal Operation,Normal
2025-11-05 22:39:59,228.81,0.81,185.33610000000002,16.78,Normal Operation,Normal
2025-11-05 22:39:59,229.73,0.87,199.86509999999998,13.02,Normal Operation,Normal
2025-11-05 22:40:00,230.7,0.64,147.648,14.78,Normal Operation,Normal
2025-11-05 22:40:00,230.64,1.2,276.768,15.93,Normal Operation,Normal
2025-11-05 22:40:01,230.56,1.05,242.08800000000002,14.27,Normal Operation,Normal
2025-11-05 22:40:01,228.91,0.82,187.7062,12.67,Normal Operation,Normal
2025-11-05 22:40:02,230.2,0.9,207.18,13.13,Normal Operation,Normal
2025-11-05 22:40:03,228.68,0.78,178.37040000000002,12.53,Normal Operation,Normal
2025-11-05 22:40:03,231.2,1.62,374.544,13.16,Normal Operation,Normal
2025-11-05 22:40:04,229.43,1.78,408.3854,17.91,Normal Operation,Normal
2025-11-05 22:40:04,231.73,1.35,312.8355,13.77,Normal Operation,Normal
2025-11-05 22:40:05,228.21,1.38,314.9298,17.16,Normal Operation,Normal
2025-11-05 22:40:05,231.37,0.83,192.03709999999998,12.95,Normal Operation,Normal
2025-11-05 22:40:06,230.7,1.49,343.743,15.76,Normal Operation,Normal
2025-11-05 22:40:06,228.2,1.53,349.146,14.97,Normal Operation,Normal
2025-11-05 22:40:07,231.36,1.69,390.9984,14.46,Normal Operation,Normal
2025-11-05 22:40:08,231.89,1.21,280.58689999999996,15.48,Normal Operation,Normal
2025-11-05 22:40:08,229.61,1.07,245.68270000000004,13.83,Normal Operation,Normal
2025-11-05 22:40:09,231.82,1.18,273.5476,15.6,Normal Operation,Normal
2025-11-05 22:40:09,228.82,0.99,226.5318,16.62,Normal Operation,Normal
2025-11-05 22:40:10,231.13,0.93,214.95090000000002,16.42,Normal Operation,Normal
2025-11-05 22:40:10,231.82,1.06,245.7292,13.08,Normal Operation,Normal
2025-11-05 22:40:11,230.94,0.69,159.34859999999998,12.18,Normal Operation,Normal
2025-11-05 22:40:11,228.28,1.22,278.5016,17.59,Normal Operation,Normal
2025-11-05 22:40:12,231.09,1.04,240.33360000000002,16.77,Normal Operation,Normal
2025-11-05 22:40:13,228.28,1.02,232.84560000000002,17.11,Normal Operation,Normal
2025-11-05 22:40:13,231.59,1.31,303.3829,14.27,Normal Operation,Normal
2025-11-05 22:40:14,228.26,1.12,255.65120000000002,13.58,Normal Operation,Normal
2025-11-05 22:40:14,229.28,0.9,206.352,12.58,Normal Operation,Normal
2025-11-05 22:40:15,230.48,1.11,255.83280000000002,16.1,Normal Operation,Normal
2025-11-05 22:40:15,229.47,1.47,337.3209,12.47,Normal Operation,Normal
2025-11-05 22:40:16,230.87,1.23,283.9701,17.05,Normal Operation,Normal
2025-11-05 22:40:17,229.16,1.08,247.49280000000002,13.2,Normal Operation,Normal
2025-11-05 22:40:17,228.36,1.77,404.1972,12.86,Normal Operation,Normal
2025-11-05 22:40:18,229.58,0.67,153.8186,12.79,Normal Operation,Normal
2025-11-05 22:40:19,231.17,1.53,353.6901,13.73,Normal Operation,Normal
2025-11-05 22:40:19,228.26,1.3,296.738,14.73,Normal Operation,Normal
2025-11-05 22:40:20,229.45,1.62,371.709,14.29,Normal Operation,Normal
2025-11-05 22:40:21,229.21,1.73,396.5333,16.27,Normal Operation,Normal
2025-11-05 22:40:21,229.33,1.55,355.46150000000006,16.84,Normal Operation,Normal
2025-11-05 22:40:22,231.23,1.47,339.9081,15.88,Normal Operation,Normal
2025-11-05 22:40:22,229.42,1.07,245.4794,16.34,Normal Operation,Normal
2025-11-05 22:40:23,231.83,1.52,352.38160000000005,17.42,Normal Operation,Normal
2025-11-05 22:40:23,231.33,1.4,323.862,14.13,Normal Operation,Normal
2025-11-05 22:40:24,230.3,0.71,163.513,17.61,Normal Operation,Normal
2025-11-05 22:40:24,230.27,1.62,373.03740000000005,17.88,Normal Operation,Normal
2025-11-05 22:40:25,230.72,0.63,145.3536,17.81,Normal Operation,Normal
2025-11-05 22:40:26,230.84,1.49,343.9516,16.02,Normal Operation,Normal
2025-11-05 22:40:26,230.04,0.79,181.73160000000001,16.34,Normal Operation,Normal
2025-11-05 22:40:27,229.75,0.8,183.8,13.42,Normal Operation,Normal
2025-11-05 22:40:27,228.07,1.14,259.9998,17.68,Normal Operation,Normal
2025-11-05 22:40:28,228.57,0.78,178.2846,14.42,Normal Operation,Normal
2025-11-05 22:40:28,228.38,1.09,248.9342,12.39,Normal Operation,Normal
2025-11-05 22:40:29,228.14,1.69,385.55659999999995,15.51,Normal Operation,Normal
2025-11-05 22:40:30,231.84,1.21,280.5264,17.59,Normal Operation,Normal
2025-11-05 22:40:30,231.06,1.4,323.484,14.57,Normal Operation,Normal
2025-11-05 22:40:31,231.29,1.16,268.29639999999995,16.58,Normal Operation,Normal
2025-11-05 22:40:31,228.76,0.66,150.98160000000001,16.74,Normal Operation,Normal
2025-11-05 22:40:32,228.78,1.71,391.2138,14.22,Normal Operation,Normal
2025-11-05 22:40:32,229.54,1.53,351.1962,14.9,Normal Operation,Normal
2025-11-05 22:40:33,230.78,1.13,260.78139999999996,15.98,Normal Operation,Normal
2025-11-05 22:40:34,228.15,1.07,244.12050000000002,17.66,Normal Operation,Normal
2025-11-05 22:40:34,230.48,1.24,285.79519999999997,15.79,Normal Operation,Normal
2025-11-05 22:40:35,228.52,0.7,159.964,14.87,Normal Operation,Normal
2025-11-05 22:40:35,228.1,1.52,346.712,14.86,Normal Operation,Normal
2025-11-05 22:40:36,228.1,1.42,323.902,14.51,Normal Operation,Normal
2025-11-05 22:40:36,231.44,0.8,185.15200000000002,13.7,Normal Operation,Normal
2025-11-05 22:40:37,229.91,1.56,358.6596,12.79,Normal Operation,Normal
2025-11-05 22:40:38,231.37,0.71,164.2727,14.91,Normal Operation,Normal
2025-11-05 22:40:38,228.15,1.6,365.04,12.85,Normal Operation,Normal
2025-11-05 22:40:39,230.26,0.74,170.39239999999998,12.49,Normal Operation,Normal
2025-11-05 22:40:39,230.05,1.73,397.98650000000004,12.9,Normal Operation,Normal
2025-11-05 22:40:40,228.14,0.99,225.8586,17.86,Normal Operation,Normal
2025-11-05 22:40:40,229.33,1.39,318.76869999999997,14.14,Normal Operation,Normal
2025-11-05 22:40:41,229.52,1.51,346.5752,12.8,Normal Operation,Normal
2025-11-05 22:40:41,230.65,1.6,369.04,15.67,Normal Operation,Normal
2025-11-05 22:40:42,231.35,0.63,145.7505,16.99,Normal Operation,Normal
2025-11-05 22:40:43,231.37,0.86,198.9782,14.29,Normal Operation,Normal
2025-11-05 22:40:44,230.83,0.7,161.581,13.57,Normal Operation,Normal
2025-11-05 22:40:44,231.44,0.79,182.8376,17.88,Normal Operation,Normal
2025-11-05 22:40:45,228.57,1.02,233.1414,17.22,Normal Operation,Normal
2025-11-05 22:40:45,230.19,0.87,200.2653,16.06,Normal Operation,Normal
2025-11-05 22:40:46,231.81,1.13,261.9453,17.62,Normal Operation,Normal
2025-11-05 22:40:46,231.71,1.19,275.7349,16.71,Normal Operation,Normal
2025-11-05 22:51:38,231.49,0.63,145.83870000000002,17.78,Normal Operation,Normal
2025-11-05 22:51:39,229.96,1.32,303.54720000000003,12.17,Normal Operation,Normal
2025-11-05 22:51:39,231.59,1.06,245.48540000000003,15.13,Normal Operation,Normal
2025-11-05 22:51:40,230.91,13.71,3165.7761,15.61,WARNING: High Current Detected! Current: 13.71A,Overload Detected
2025-11-05 22:51:41,228.5,1.17,267.34499999999997,14.57,Normal Operation,Normal
2025-11-05 22:51:41,231.4,1.52,351.728,17.54,Normal Operation,Normal
2025-11-05 22:51:42,228.84,1.02,233.4168,16.94,Normal Operation,Normal
2025-11-05 22:51:42,229.27,0.85,194.8795,15.63,WARNING: Unexpected Power Drop Detected!,Power Mismatch
2025-11-05 22:51:43,229.93,0.96,220.7328,17.12,Normal Operation,Normal
2025-11-05 22:51:43,228.44,1.72,392.91679999999997,14.55,Normal Operation,Normal
2025-11-05 22:51:44,230.91,1.2,277.092,16.99,Normal Operation,Normal
2025-11-05 22:51:44,231.33,0.72,166.5576,14.07,WARNING: Unexpected Power Drop Detected!,Power Mismatch
2025-11-05 22:51:45,231.61,0.91,210.76510000000002,15.15,Normal Operation,Normal
2025-11-05 22:51:45,231.9,0.99,229.58100000000002,15.59,Normal Operation,Normal
2025-11-05 22:51:46,229.39,1.75,401.4325,15.57,Normal Operation,Normal
2025-11-05 22:51:47,231.38,13.26,3068.0987999999998,15.81,WARNING: High Current Detected! Current: 13.26A,Overload Detected
2025-11-05 22:51:47,228.38,1.28,292.3264,15.88,Normal Operation,Normal
2025-11-05 22:51:48,228.23,-1.97,-449.6131,14.37,WARNING: Reverse Power Flow Detected! Current: -1.97A,Reverse Flow
2025-11-05 22:51:48,231.48,0.7,162.03599999999997,12.33,Normal Operation,Normal
2025-11-05 22:51:49,228.96,0.72,164.8512,14.14,Normal Operation,Normal
2025-11-05 22:51:49,231.06,1.61,372.00660000000005,16.65,Normal Operation,Normal
2025-11-05 22:51:50,231.26,1.68,388.5168,14.31,Normal Operation,Normal
2025-11-05 22:51:50,230.2,1.77,407.454,13.81,Normal Operation,Normal
2025-11-05 22:51:51,230.82,0.87,200.8134,16.19,Normal Operation,Normal
2025-11-05 22:51:52,231.19,1.8,416.142,15.22,Normal Operation,Normal
2025-11-05 22:51:52,231.78,1.3,301.314,16.13,Normal Operation,Normal
2025-11-05 22:51:53,228.25,0.67,152.9275,17.72,Normal Operation,Normal
2025-11-05 22:51:53,231.59,-1.21,-280.2239,16.19,WARNING: Reverse Power Flow Detected! Current: -1.21A,Reverse Flow
2025-11-05 22:51:54,231.68,1.36,315.08480000000003,13.56,Normal Operation,Normal
2025-11-05 22:51:54,228.01,0.98,223.44979999999998,13.61,Normal Operation,Normal
2025-11-05 22:51:55,229.36,-1.79,-410.55440000000004,16.11,WARNING: Reverse Power Flow Detected! Current: -1.79A,Reverse Flow
2025-11-05 22:51:55,229.57,1.28,293.8496,13.08,Normal Operation,Normal
2025-11-05 22:51:56,228.35,1.34,305.98900000000003,13.5,Normal Operation,Normal
2025-11-05 22:51:56,228.3,1.66,378.978,14.79,Normal Operation,Normal
2025-11-05 22:51:57,231.88,12.35,2863.718,15.28,WARNING: High Current Detected! Current: 12.35A,Overload Detected
2025-11-05 22:51:58,231.17,1.76,406.8592,15.51,Normal Operation,Normal
2025-11-05 22:51:58,228.18,1.19,271.5342,17.43,Normal Operation,Normal
2025-11-05 22:51:59,231.19,0.69,159.5211,17.36,Normal Operation,Normal
2025-11-05 22:51:59,230.08,1.15,264.592,15.84,Normal Operation,Normal
2025-11-05 22:52:00,228.35,1.14,260.31899999999996,17.03,Normal Operation,Normal
2025-11-05 22:52:00,228.78,0.01,2.2878000000000003,15.89,WARNING: Unexpected Power Drop Detected!,Power Mismatch
2025-11-05 22:52:01,229.14,12.23,2802.3822,12.56,WARNING: High Current Detected! Current: 12.23A,Overload Detected
2025-11-05 22:52:01,229.26,0.97,222.38219999999998,12.97,WARNING: Unexpected Power Drop Detected!,Power Mismatch
2025-11-05 22:52:02,231.96,0.86,199.4856,17.07,WARNING: Unexpected Power Drop Detected!,Power Mismatch
2025-11-05 22:52:03,231.43,12.39,2867.4177000000004,16.23,WARNING: High Current Detected! Current: 12.39A,Overload Detected
2025-11-05 22:52:03,231.64,1.45,335.878,17.01,Normal Operation,Normal
2025-11-05 22:52:04,269.15,1.64,441.40599999999995,17.8,WARNING: Voltage Out of Range: 269.15V,Voltage Anomaly
2025-11-05 22:52:04,231.64,1.55,359.042,12.59,Normal Operation,Normal
2025-11-05 22:52:05,229.89,1.8,413.80199999999996,12.05,Normal Operation,Normal
2025-11-05 22:52:05,228.49,0.84,191.9316,94.77,WARNING: Magnetic Interference Detected! Field: 94.77 G,Magnetic Tamper
2025-11-05 22:52:06,229.22,1.39,318.6158,15.57,Normal Operation,Normal
2025-11-05 22:52:06,230.07,1.21,278.3847,17.15,Normal Operation,Normal
2025-11-05 22:52:07,228.3,12.8,2922.2400000000002,14.74,WARNING: High Current Detected! Current: 12.80A,Overload Detected
2025-11-05 22:52:08,229.36,0.79,181.19440000000003,16.53,WARNING: Unexpected Power Drop Detected!,Power Mismatch
2025-11-05 22:52:08,229.19,1.32,302.5308,15.68,Normal Operation,Normal
2025-11-05 22:52:09,229.94,0.7,160.958,12.47,WARNING: Unexpected Power Drop Detected!,Power Mismatch
2025-11-05 22:52:09,229.74,1.26,289.4724,14.82,Normal Operation,Normal
2025-11-05 22:52:10,231.81,1.26,292.0806,13.55,Normal Operation,Normal
2025-11-05 22:52:10,230.17,8.18,1882.7905999999998,16.52,WARNING: High Current Detected! Current: 8.18A,Overload Detected
2025-11-05 22:52:11,230.04,1.45,333.558,12.51,Normal Operation,Normal
2025-11-05 22:52:11,231.38,1.7,393.346,16.62,Normal Operation,Normal
2025-11-05 22:52:12,228.49,1.35,308.46150000000006,15.82,Normal Operation,Normal
2025-11-05 22:52:12,229.11,1.06,242.85660000000001,14.81,Normal Operation,Normal
2025-11-05 22:52:13,229.26,1.28,293.45279999999997,119.57,WARNING: Magnetic Interference Detected! Field: 119.57 G,Magnetic Tamper
2025-11-05 22:52:14,229.83,1.79,411.39570000000003,15.46,Normal Operation,Normal
2025-11-05 22:52:14,231.56,1.17,270.92519999999996,15.13,Normal Operation,Normal
2025-11-05 22:52:15,228.31,0.95,216.8945,16.13,Normal Operation,Normal
2025-11-05 22:52:15,228.11,0.91,207.58010000000002,17.01,Normal Operation,Normal
2025-11-05 22:52:16,229.62,1.47,337.5414,16.25,Normal Operation,Normal
2025-11-05 22:52:16,229.8,1.5,344.70000000000005,15.57,Normal Operation,Normal
2025-11-05 22:52:17,230.74,0.73,168.4402,14.74,Normal Operation,Normal
2025-11-05 22:52:17,229.31,1.55,355.4305,17.06,Normal Operation,Normal
2025-11-05 22:52:18,228.77,1.71,391.1967,13.83,Normal Operation,Normal
2025-11-05 22:52:18,228.92,1.42,325.0664,13.09,Normal Operation,Normal
2025-11-05 22:52:19,229.61,1.45,332.9345,12.06,Normal Operation,Normal
2025-11-05 22:52:19,229.47,1.64,376.33079999999995,12.44,Normal Operation,Normal
2025-11-05 22:52:20,177.15,1.3,230.29500000000002,16.37,WARNING: Voltage Out of Range: 177.15V,Voltage Anomaly
2025-11-05 22:52:20,229.36,1.65,378.444,16.92,Normal Operation,Normal
2025-11-05 22:52:21,229.05,1.78,407.709,14.08,Normal Operation,Normal
2025-11-05 22:52:22,230.91,1.0,230.91,17.25,Normal Operation,Normal
2025-11-05 22:52:22,230.54,1.39,320.45059999999995,16.0,Normal Operation,Normal
2025-11-05 22:52:23,228.35,0.01,2.2835,17.44,WARNING: Unexpected Power Drop Detected!,Power Mismatch
2025-11-05 22:52:23,231.44,1.31,303.1864,13.68,Normal Operation,Normal
2025-11-05 22:52:24,228.57,-2.95,-674.2815,17.4,WARNING: Reverse Power Flow Detected! Current: -2.95A,Reverse Flow
2025-11-05 22:52:24,228.04,1.67,380.8268,15.61,Normal Operation,Normal
2025-11-05 22:52:25,229.93,1.59,365.5887,14.18,Normal Operation,Normal
2025-11-05 22:52:26,229.01,0.68,155.7268,15.85,Normal Operation,Normal
2025-11-05 22:52:26,230.19,1.72,395.9268,14.12,Normal Operation,Normal
2025-11-05 22:52:27,231.82,0.99,229.5018,17.02,Normal Operation,Normal
2025-11-05 22:52:27,231.79,0.01,2.3179,16.34,WARNING: Unexpected Power Drop Detected!,Power Mismatch
2025-11-05 22:52:28,228.49,1.1,251.33900000000003,17.2,Normal Operation,Normal
2025-11-05 22:52:28,229.99,1.51,347.2849,13.31,Normal Operation,Normal
2025-11-05 22:52:29,228.2,0.96,219.07199999999997,15.42,Normal Operation,Normal
2025-11-05 22:52:29,230.29,0.62,142.7798,14.75,Normal Operation,Normal
2025-11-05 22:52:30,228.8,1.72,393.536,15.68,Normal Operation,Normal
2025-11-05 22:52:31,229.01,0.91,208.3991,14.56,Normal Operation,Normal
2025-11-05 22:52:31,228.79,1.22,279.12379999999996,15.73,Normal Operation,Normal
2025-11-05 22:52:32,228.87,1.52,347.8824,15.55,Normal Operation,Normal
2025-11-05 22:52:32,228.48,11.5,2627.52,13.84,WARNING: High Current Detected! Current: 11.50A,Overload Detected
2025-11-05 22:52:33,231.45,0.88,203.676,14.32,Normal Operation,Normal
2025-11-05 22:52:33,178.31,0.62,110.5522,13.23,WARNING: Voltage Out of Range: 178.31V,Voltage Anomaly
2025-11-05 22:52:34,229.19,0.01,2.2919,15.04,WARNING: Unexpected Power Drop Detected!,Power Mismatch
2025-11-05 22:52:34,230.17,1.48,340.6516,15.85,Normal Operation,Normal
2025-11-05 22:52:35,230.7,1.47,339.12899999999996,14.34,Normal Operation,Normal
2025-11-05 22:52:36,231.32,0.88,203.5616,17.69,Normal Operation,Normal
2025-11-05 22:52:36,229.23,0.92,210.8916,15.32,Normal Operation,Normal
2025-11-05 22:52:37,228.48,0.91,207.9168,113.69,WARNING: Magnetic Interference Detected! Field: 113.69 G,Magnetic Tamper
2025-11-05 22:52:37,231.44,0.88,203.6672,12.19,Normal Operation,Normal
2025-11-05 22:52:38,231.08,1.36,314.26880000000006,12.04,Normal Operation,Normal
2025-11-05 22:52:38,229.22,0.98,224.63559999999998,15.95,Normal Operation,Normal
2025-11-05 22:52:39,228.9,1.09,249.50100000000003,12.91,Normal Operation,Normal
2025-11-05 22:52:39,231.18,1.29,298.22220000000004,13.07,Normal Operation,Normal
2025-11-05 22:52:40,231.81,1.49,345.3969,14.05,Normal Operation,Normal
2025-11-05 22:52:40,231.03,1.38,318.8214,17.83,Normal Operation,Normal
2025-11-05 22:52:41,231.41,0.75,173.5575,17.93,Normal Operation,Normal
2025-11-05 22:52:41,231.15,0.71,164.1165,14.58,Normal Operation,Normal
2025-11-05 22:52:42,230.89,1.8,415.602,12.73,Normal Operation,Normal
2025-11-05 22:52:42,229.01,1.54,352.67539999999997,13.96,Normal Operation,Normal
2025-11-05 22:52:43,230.07,0.75,172.5525,15.91,Normal Operation,Normal
2025-11-05 22:52:44,230.76,1.18,272.29679999999996,17.8,Normal Operation,Normal
2025-11-05 22:52:44,231.57,1.65,382.09049999999996,15.59,Normal Operation,Normal
2025-11-05 22:52:45,229.11,0.99,226.8189,14.04,Normal Operation,Normal
2025-11-05 22:52:45,230.5,-1.23,-283.515,13.12,WARNING: Reverse Power Flow Detected! Current: -1.23A,Reverse Flow
2025-11-05 22:52:46,231.12,0.98,226.4976,17.28,Normal Operation,Normal
2025-11-05 22:52:46,231.62,1.35,312.687,13.18,Normal Operation,Normal
2025-11-05 22:52:47,231.26,1.12,259.01120000000003,90.97,WARNING: Magnetic Interference Detected! Field: 90.97 G,Magnetic Tamper
2025-11-05 22:52:47,229.0,1.6,366.40000000000003,14.67,Normal Operation,Normal
2025-11-05 22:52:48,231.99,0.86,199.5114,15.45,Normal Operation,Normal
2025-11-05 22:52:49,231.68,0.87,201.5616,13.86,Normal Operation,Normal
2025-11-05 22:52:49,229.41,8.8,2018.8080000000002,16.28,WARNING: High Current Detected! Current: 8.80A,Overload Detected
2025-11-05 22:52:50,230.56,0.65,149.864,12.42,Normal Operation,Normal
2025-11-05 22:52:50,259.9,1.67,434.03299999999996,13.04,WARNING: Voltage Out of Range: 259.90V,Voltage Anomaly
2025-11-05 22:52:51,228.29,1.24,283.07959999999997,15.73,Normal Operation,Normal
2025-11-05 22:52:52,231.73,0.67,155.2591,12.72,Normal Operation,Normal
2025-11-05 22:52:52,230.51,1.65,380.34149999999994,12.23,Normal Operation,Normal
2025-11-05 22:52:53,230.42,1.27,292.6334,13.15,Normal Operation,Normal
2025-11-05 22:52:53,229.14,1.19,272.67659999999995,14.39,Normal Operation,Normal
2025-11-05 22:52:54,231.86,0.67,155.3462,15.44,Normal Operation,Normal
2025-11-05 22:52:54,231.72,1.36,315.1392,17.73,Normal Operation,Normal
2025-11-05 22:52:55,228.18,-2.49,-568.1682000000001,17.56,WARNING: Reverse Power Flow Detected! Current: -2.49A,Reverse Flow
2025-11-05 22:52:56,228.15,1.43,326.2545,16.35,Normal Operation,Normal
2025-11-05 22:52:56,231.78,1.18,273.5004,17.11,Normal Operation,Normal
2025-11-05 22:52:57,231.97,0.01,2.3197,15.49,WARNING: Unexpected Power Drop Detected!,Power Mismatch
2025-11-05 22:52:57,229.33,1.14,261.4362,14.44,Normal Operation,Normal
2025-11-05 22:52:58,228.97,14.22,3255.9534000000003,14.96,WARNING: High Current Detected! Current: 14.22A,Overload Detected
2025-11-05 22:52:58,231.27,1.29,298.3383,12.24,Normal Operation,Normal
2025-11-05 22:52:59,231.66,0.9,208.494,17.01,Normal Operation,Normal
2025-11-05 22:53:00,228.08,1.45,330.716,16.06,Normal Operation,Normal
2025-11-05 22:53:00,231.99,1.71,396.7029,12.7,Normal Operation,Normal
2025-11-05 22:53:01,229.85,1.4,321.78999999999996,16.76,Normal Operation,Normal
2025-11-05 22:53:01,231.07,0.71,164.0597,13.37,WARNING: Unexpected Power Drop Detected!,Power Mismatch
2025-11-05 22:53:02,170.16,0.7,119.112,13.4,WARNING: Voltage Out of Range: 170.16V,Voltage Anomaly
2025-11-05 22:53:02,230.46,1.2,276.552,15.98,Normal Operation,Normal
2025-11-05 22:53:03,228.73,-2.93,-670.1789,15.8,WARNING: Reverse Power Flow Detected! Current: -2.93A,Reverse Flow
2025-11-05 22:53:04,228.58,1.3,297.15400000000005,15.47,Normal Operation,Normal
2025-11-05 22:53:04,228.87,-2.05,-469.1835,13.24,WARNING: Reverse Power Flow Detected! Current: -2.05A,Reverse Flow
2025-11-05 22:53:05,228.41,1.46,333.4786,14.0,Normal Operation,Normal
2025-11-05 22:53:05,231.9,1.53,354.807,17.6,Normal Operation,Normal
2025-11-05 22:53:06,228.46,1.78,406.65880000000004,13.36,Normal Operation,Normal
2025-11-05 22:53:06,230.31,1.47,338.5557,13.83,Normal Operation,Normal
2025-11-05 22:53:07,229.91,0.65,149.4415,15.33,Normal Operation,Normal
2025-11-05 22:53:08,230.2,1.41,324.582,17.88,Normal Operation,Normal
2025-11-05 22:53:08,228.07,1.51,344.3857,16.91,Normal Operation,Normal
2025-11-05 22:53:09,230.01,0.95,218.50949999999997,14.84,Normal Operation,Normal
2025-11-05 22:53:09,228.51,0.94,214.7994,17.93,Normal Operation,Normal
2025-11-05 22:53:10,229.95,0.92,211.554,14.89,Normal Operation,Normal
2025-11-05 22:53:11,229.1,1.09,249.71900000000002,15.0,Normal Operation,Normal
2025-11-05 22:53:11,231.11,0.61,140.9771,14.15,Normal Operation,Normal
2025-11-05 22:53:12,230.83,0.02,4.6166,17.57,WARNING: Unexpected Power Drop Detected!,Power Mismatch
2025-11-05 22:53:12,231.66,0.72,166.7952,17.83,Normal Operation,Normal
2025-11-05 22:53:13,229.93,1.36,312.70480000000003,17.05,Normal Operation,Normal
2025-11-05 22:53:14,230.74,1.39,320.7286,14.67,Normal Operation,Normal
2025-11-05 22:53:14,228.74,1.75,400.295,14.38,Normal Operation,Normal
2025-11-05 22:53:15,231.29,0.88,203.5352,13.87,Normal Operation,Normal
2025-11-05 22:53:15,231.44,1.7,393.448,16.93,Normal Operation,Normal
2025-11-05 22:53:16,230.19,0.88,202.56719999999999,17.77,Normal Operation,Normal
2025-11-05 22:53:16,229.22,0.61,139.8242,13.11,Normal Operation,Normal
2025-11-05 22:53:17,231.48,0.9,208.332,17.94,Normal Operation,Normal
2025-11-05 22:53:18,228.31,0.69,157.5339,12.01,Normal Operation,Normal
2025-11-05 22:53:18,231.27,0.62,143.3874,14.25,Normal Operation,Normal
2025-11-05 22:53:19,231.51,1.6,370.416,17.39,Normal Operation,Normal
2025-11-05 22:53:19,230.75,1.03,237.6725,12.09,Normal Operation,Normal
2025-11-05 22:53:20,228.03,1.29,294.1587,16.16,Normal Operation,Normal
2025-11-05 22:53:20,231.55,0.83,192.1865,13.21,Normal Operation,Normal
2025-11-05 22:53:21,229.89,0.73,167.81969999999998,13.14,Normal Operation,Normal
2025-11-05 22:53:22,230.64,1.43,329.81519999999995,13.83,Normal Operation,Normal
2025-11-05 22:53:22,229.23,1.75,401.1525,16.38,Normal Operation,Normal
2025-11-05 22:53:23,229.49,0.93,213.4257,14.88,Normal Operation,Normal
2025-11-05 22:53:23,229.44,0.7,160.60799999999998,13.46,Normal Operation,Normal
2025-11-05 22:53:24,230.78,0.0,0.0,12.36,"WARNING: Possible Meter Bypass! Voltage: 230.78V, Current: 0.00A",Bypass Detected
2025-11-05 22:53:25,229.64,1.57,360.5348,16.08,Normal Operation,Normal
2025-11-05 22:53:25,228.29,1.24,283.07959999999997,16.56,Normal Operation,Normal
2025-11-05 22:53:26,231.95,1.32,306.174,14.31,Normal Operation,Normal
2025-11-05 22:53:26,230.3,0.91,209.573,14.99,Normal Operation,Normal
2025-11-05 22:53:27,231.04,0.73,168.6592,15.47,Normal Operation,Normal
2025-11-05 22:53:28,231.27,1.34,309.90180000000004,14.56,Normal Operation,Normal
2025-11-05 22:53:28,230.73,0.83,191.50589999999997,16.57,Normal Operation,Normal
2025-11-05 22:53:29,229.5,0.01,2.295,17.67,WARNING: Unexpected Power Drop Detected!,Power Mismatch
2025-11-05 22:53:29,180.54,1.16,209.42639999999997,14.18,WARNING: Voltage Out of Range: 180.54V,Voltage Anomaly
2025-11-05 22:53:30,231.66,1.07,247.8762,12.22,Normal Operation,Normal
2025-11-05 22:53:30,231.4,1.15,266.11,12.9,Normal Operation,Normal
2025-11-05 22:53:31,229.11,1.59,364.28490000000005,16.28,Normal Operation,Normal
2025-11-05 22:53:31,231.23,0.96,221.9808,14.66,Normal Operation,Normal
2025-11-05 22:53:32,230.38,1.5,345.57,17.23,Normal Operation,Normal
2025-11-05 22:53:32,231.96,1.04,241.2384,13.29,Normal Operation,Normal
2025-11-05 22:53:33,230.81,0.73,168.4913,12.29,Normal Operation,Normal
2025-11-05 22:53:34,230.14,1.61,370.5254,13.14,Normal Operation,Normal
2025-11-05 22:53:34,228.51,1.57,358.7607,12.73,Normal Operation,Normal
2025-11-05 22:53:35,231.25,1.53,353.8125,12.81,Normal Operation,Normal
2025-11-05 22:53:35,229.91,0.97,223.0127,14.44,Normal Operation,Normal
2025-11-05 22:53:36,228.73,1.54,352.2442,17.81,Normal Operation,Normal
2025-11-05 22:53:36,231.45,14.54,3365.2829999999994,12.86,WARNING: High Current Detected! Current: 14.54A,Overload Detected
2025-11-05 22:53:37,228.96,0.72,164.8512,16.0,WARNING: Unexpected Power Drop Detected!,Power Mismatch
2025-11-05 22:53:37,229.95,1.3,298.935,13.18,Normal Operation,Normal
2025-11-05 22:53:38,229.83,1.39,319.4637,13.21,Normal Operation,Normal
2025-11-05 22:53:38,231.72,1.27,294.2844,16.77,Normal Operation,Normal
2025-11-05 22:53:39,228.9,1.43,327.327,88.68,WARNING: Magnetic Interference Detected! Field: 88.68 G,Magnetic Tamper
2025-11-05 22:53:39,229.4,0.0,0.0,13.64,"WARNING: Possible Meter Bypass! Voltage: 229.40V, Current: 0.00A",Bypass Detected
2025-11-05 22:53:40,230.83,1.16,267.76279999999997,13.99,Normal Operation,Normal
2025-11-05 22:53:40,229.17,0.71,162.71069999999997,17.21,WARNING: Unexpected Power Drop Detected!,Power Mismatch
2025-11-05 22:53:41,231.41,0.95,219.8395,13.15,Normal Operation,Normal
2025-11-05 22:53:42,229.77,-1.09,-250.44930000000002,16.84,WARNING: Reverse Power Flow Detected! Current: -1.09A,Reverse Flow
2025-11-05 22:53:42,230.52,-2.17,-500.2284,17.71,WARNING: Reverse Power Flow Detected! Current: -2.17A,Reverse Flow
2025-11-05 22:53:43,229.81,0.65,149.3765,13.51,Normal Operation,Normal
2025-11-05 22:53:43,229.52,0.01,2.2952000000000004,15.34,WARNING: Unexpected Power Drop Detected!,Power Mismatch
2025-11-05 22:53:44,228.26,0.7,159.78199999999998,13.08,Normal Operation,Normal
2025-11-05 22:53:44,229.26,1.0,229.26,14.53,Normal Operation,Normal
2025-11-05 22:53:45,231.24,1.19,275.1756,15.59,Normal Operation,Normal
2025-11-05 22:53:45,229.22,9.45,2166.129,16.02,WARNING: High Current Detected! Current: 9.45A,Overload Detected
2025-11-05 22:53:46,230.22,0.68,156.5496,17.57,Normal Operation,Normal
2025-11-05 22:53:47,230.39,1.03,237.30169999999998,14.24,Normal Operation,Normal
2025-11-05 22:53:47,230.59,0.02,4.611800000000001,15.98,WARNING: Unexpected Power Drop Detected!,Power Mismatch
2025-11-05 22:53:48,229.04,0.93,213.0072,12.89,Normal Operation,Normal
2025-11-05 22:53:48,228.93,0.74,169.4082,14.83,Normal Operation,Normal
2025-11-05 22:53:49,231.96,0.61,141.4956,12.97,Normal Operation,Normal
2025-11-05 22:53:49,229.11,0.89,203.9079,13.17,Normal Operation,Normal
2025-11-05 22:53:50,230.41,0.84,193.5444,14.32,Normal Operation,Normal
2025-11-05 22:53:50,231.49,1.49,344.9201,13.92,Normal Operation,Normal
2025-11-05 22:53:51,230.98,0.73,168.6154,17.7,Normal Operation,Normal
2025-11-05 22:53:52,231.76,1.52,352.2752,12.62,Normal Operation,Normal
2025-11-05 22:53:52,230.67,-2.94,-678.1697999999999,12.66,WARNING: Reverse Power Flow Detected! Current: -2.94A,Reverse Flow
2025-11-05 22:53:53,228.62,1.16,265.19919999999996,15.88,Normal Operation,Normal
2025-11-05 22:53:53,230.34,-1.81,-416.91540000000003,14.74,WARNING: Reverse Power Flow Detected! Current: -1.81A,Reverse Flow
2025-11-05 22:53:54,231.96,-1.77,-410.5692,14.04,WARNING: Reverse Power Flow Detected! Current: -1.77A,Reverse Flow
2025-11-05 22:53:54,230.34,1.78,410.0052,16.32,Normal Operation,Normal
2025-11-05 22:53:55,231.27,1.65,381.5955,17.28,Normal Operation,Normal
2025-11-05 22:53:56,230.46,1.07,246.59220000000002,17.52,Normal Operation,Normal
2025-11-05 22:53:56,230.14,0.01,2.3014,12.12,WARNING: Unexpected Power Drop Detected!,Power Mismatch
2025-11-05 22:53:57,231.9,1.66,384.954,15.62,Normal Operation,Normal
2025-11-05 22:53:57,230.95,1.24,286.378,12.41,Normal Operation,Normal
2025-11-05 22:53:58,230.06,1.21,278.3726,15.97,Normal Operation,Normal
2025-11-05 22:53:58,228.25,0.01,2.2825,12.85,WARNING: Unexpected Power Drop Detected!,Power Mismatch
2025-11-05 22:53:59,230.0,0.81,186.3,13.52,Normal Operation,Normal
2025-11-05 22:53:59,231.97,1.64,380.4308,14.61,Normal Operation,Normal
2025-11-05 22:54:00,264.35,1.76,465.25600000000003,17.04,WARNING: Voltage Out of Range: 264.35V,Voltage Anomaly
2025-11-05 22:54:01,229.22,1.21,277.3562,17.86,Normal Operation,Normal
2025-11-05 22:54:01,229.42,1.39,318.89379999999994,17.06,Normal Operation,Normal
2025-11-05 22:54:02,228.15,14.06,3207.789,16.93,WARNING: High Current Detected! Current: 14.06A,Overload Detected
2025-11-05 22:54:02,232.0,1.45,336.4,13.17,Normal Operation,Normal
2025-11-05 22:54:03,230.56,1.76,405.7856,96.29,WARNING: Magnetic Interference Detected! Field: 96.29 G,Magnetic Tamper
2025-11-05 22:54:03,229.48,1.08,247.8384,12.33,Normal Operation,Normal
2025-11-05 22:54:04,229.28,11.44,2622.9631999999997,16.54,WARNING: High Current Detected! Current: 11.44A,Overload Detected
2025-11-05 22:54:05,231.22,0.81,187.28820000000002,16.42,WARNING: Unexpected Power Drop Detected!,Power Mismatch
2025-11-05 22:54:05,229.78,1.48,340.0744,16.73,Normal Operation,Normal
2025-11-05 22:54:06,231.15,-1.39,-321.2985,17.75,WARNING: Reverse Power Flow Detected! Current: -1.39A,Reverse Flow
2025-11-05 22:54:06,228.1,0.71,161.951,12.63,WARNING: Unexpected Power Drop Detected!,Power Mismatch
2025-11-05 22:54:07,229.84,10.3,2367.3520000000003,17.58,WARNING: High Current Detected! Current: 10.30A,Overload Detected
2025-11-05 22:54:07,228.85,1.26,288.351,15.42,Normal Operation,Normal
2025-11-05 22:54:08,228.27,0.91,207.72570000000002,14.46,Normal Operation,Normal
2025-11-05 22:54:08,230.87,0.01,2.3087,16.77,WARNING: Unexpected Power Drop Detected!,Power Mismatch
2025-11-05 22:54:09,228.27,1.41,321.8607,15.08,Normal Operation,Normal
2025-11-05 22:54:09,228.78,1.55,354.60900000000004,12.49,Normal Operation,Normal
2025-11-05 22:54:10,230.12,0.93,214.01160000000002,13.69,Normal Operation,Normal
2025-11-05 22:54:10,229.86,1.65,379.269,14.16,Normal Operation,Normal
2025-11-05 22:54:11,230.02,1.57,361.13140000000004,16.59,Normal Operation,Normal
2025-11-05 22:54:11,231.67,0.92,213.1364,91.18,WARNING: Magnetic Interference Detected! Field: 91.18 G,Magnetic Tamper
2025-11-05 22:54:12,231.47,0.95,219.89649999999997,16.66,Normal Operation,Normal
2025-11-05 22:54:12,262.8,1.66,436.248,17.15,WARNING: Voltage Out of Range: 262.80V,Voltage Anomaly
2025-11-05 22:54:13,228.87,-1.66,-379.9242,16.59,WARNING: Reverse Power Flow Detected! Current: -1.66A,Reverse Flow
2025-11-05 22:54:14,230.35,0.72,165.852,15.62,Normal Operation,Normal
2025-11-05 22:54:14,230.68,-1.67,-385.2356,17.52,WARNING: Reverse Power Flow Detected! Current: -1.67A,Reverse Flow
2025-11-05 22:54:15,228.45,1.63,372.3735,13.36,Normal Operation,Normal
2025-11-05 22:54:15,229.79,0.83,190.7257,14.98,Normal Operation,Normal
2025-11-05 22:54:16,228.17,1.49,339.9733,105.14,WARNING: Magnetic Interference Detected! Field: 105.14 G,Magnetic Tamper
2025-11-05 22:54:16,229.63,1.19,273.2597,12.24,Normal Operation,Normal
2025-11-05 22:54:17,229.67,1.21,277.9007,14.55,Normal Operation,Normal
2025-11-05 22:54:18,230.89,1.14,263.21459999999996,16.46,Normal Operation,Normal
2025-11-05 22:54:18,229.87,1.44,331.01279999999997,16.41,Normal Operation,Normal
2025-11-05 22:54:19,229.6,10.0,2296.0,16.46,WARNING: High Current Detected! Current: 10.00A,Overload Detected
2025-11-05 22:54:19,230.51,0.92,212.0692,13.87,Normal Operation,Normal
2025-11-05 22:54:20,230.75,10.99,2535.9425,12.93,WARNING: High Current Detected! Current: 10.99A,Overload Detected
2025-11-05 22:54:20,231.03,0.77,177.8931,16.05,WARNING: Unexpected Power Drop Detected!,Power Mismatch
2025-11-05 22:54:21,228.5,1.61,367.88500000000005,13.66,Normal Operation,Normal
2025-11-05 22:54:22,230.72,1.51,348.3872,14.63,Normal Operation,Normal
2025-11-05 22:54:22,228.57,1.52,347.4264,17.36,Normal Operation,Normal
2025-11-05 22:54:23,230.87,0.72,166.22639999999998,16.75,WARNING: Unexpected Power Drop Detected!,Power Mismatch
2025-11-05 22:54:23,231.93,1.16,269.0388,16.72,Normal Operation,Normal
2025-11-05 22:54:24,230.7,-2.13,-491.39099999999996,15.12,WARNING: Reverse Power Flow Detected! Current: -2.13A,Reverse Flow
2025-11-05 22:54:24,231.74,0.97,224.7878,15.41,Normal Operation,Normal
2025-11-05 22:54:25,228.9,1.54,352.50600000000003,16.22,Normal Operation,Normal
2025-11-05 22:54:26,229.52,0.01,2.2952000000000004,15.48,WARNING: Unexpected Power Drop Detected!,Power Mismatch
2025-11-05 22:54:26,228.93,1.69,386.8917,14.86,Normal Operation,Normal
2025-11-05 22:54:27,229.54,1.19,273.15259999999995,16.98,Normal Operation,Normal
2025-11-05 22:54:27,231.89,0.82,190.14979999999997,13.04,Normal Operation,Normal
2025-11-05 22:54:28,230.0,0.94,216.2,13.95,Normal Operation,Normal
2025-11-05 22:54:28,231.75,1.19,275.78249999999997,14.29,Normal Operation,Normal
2025-11-05 22:54:29,228.04,1.52,346.6208,12.66,Normal Operation,Normal
2025-11-05 22:54:30,230.98,0.94,217.1212,14.61,Normal Operation,Normal
2025-11-05 22:54:30,228.94,0.7,160.25799999999998,16.07,Normal Operation,Normal
2025-11-05 22:54:31,228.98,0.63,144.2574,13.21,Normal Operation,Normal
2025-11-05 22:54:31,228.94,0.0,0.0,12.32,"WARNING: Possible Meter Bypass! Voltage: 228.94V, Current: 0.00A",Bypass Detected
2025-11-05 22:54:32,229.64,1.46,335.27439999999996,14.63,Normal Operation,Normal
2025-11-05 22:54:32,229.71,0.91,209.0361,12.26,Normal Operation,Normal
2025-11-05 22:54:33,229.04,10.82,2478.2128,14.81,WARNING: High Current Detected! Current: 10.82A,Overload Detected
2025-11-05 22:54:34,229.3,-2.5,-573.25,16.37,WARNING: Reverse Power Flow Detected! Current: -2.50A,Reverse Flow
2025-11-05 22:54:34,231.25,1.04,240.5,15.98,Normal Operation,Normal
2025-11-05 22:54:35,230.24,13.95,3211.848,16.51,WARNING: High Current Detected! Current: 13.95A,Overload Detected
2025-11-05 22:54:35,231.74,1.67,387.0058,14.76,Normal Operation,Normal
2025-11-05 22:54:36,229.87,1.71,393.0777,12.93,Normal Operation,Normal
2025-11-05 22:54:36,229.65,1.76,404.184,14.21,Normal Operation,Normal
2025-11-05 22:54:37,230.47,1.77,407.9319,16.11,Normal Operation,Normal
2025-11-05 22:54:38,230.54,8.43,1943.4522,15.72,WARNING: High Current Detected! Current: 8.43A,Overload Detected
2025-11-05 22:54:38,231.71,0.92,213.1732,12.89,WARNING: Unexpected Power Drop Detected!,Power Mismatch
2025-11-05 22:54:39,229.04,1.1,251.94400000000002,15.58,WARNING: Unexpected Power Drop Detected!,Power Mismatch
2025-11-05 22:54:39,231.82,1.57,363.9574,82.49,WARNING: Magnetic Interference Detected! Field: 82.49 G,Magnetic Tamper
2025-11-05 22:54:40,231.47,1.31,303.2257,13.55,Normal Operation,Normal
2025-11-05 22:54:40,230.5,0.01,2.305,13.1,WARNING: Unexpected Power Drop Detected!,Power Mismatch
2025-11-05 22:54:41,230.46,1.71,394.08660000000003,12.76,Normal Operation,Normal
2025-11-05 22:54:42,179.69,1.15,206.6435,13.99,WARNING: Voltage Out of Range: 179.69V,Voltage Anomaly
2025-11-05 22:54:42,231.43,0.71,164.3153,16.0,Normal Operation,Normal
2025-11-05 22:54:43,228.15,0.02,4.563000000000001,17.73,WARNING: Unexpected Power Drop Detected!,Power Mismatch
2025-11-05 22:54:43,231.3,0.68,157.28400000000002,15.69,Normal Operation,Normal
2025-11-05 22:54:44,228.28,0.79,180.34120000000001,17.46,Normal Operation,Normal
2025-11-05 22:54:44,174.58,1.46,254.88680000000002,12.12,WARNING: Voltage Out of Range: 174.58V,Voltage Anomaly
2025-11-05 22:54:45,231.51,-1.79,-414.4029,17.1,WARNING: Reverse Power Flow Detected! Current: -1.79A,Reverse Flow
2025-11-05 22:54:46,228.14,0.9,205.326,14.21,Normal Operation,Normal
2025-11-05 22:54:46,266.59,1.25,333.23749999999995,15.69,WARNING: Voltage Out of Range: 266.59V,Voltage Anomaly
2025-11-05 22:54:47,228.81,1.59,363.8079,13.82,Normal Operation,Normal
2025-11-05 22:54:47,231.73,0.85,196.9705,17.5,Normal Operation,Normal
2025-11-05 22:54:48,229.21,1.27,291.0967,13.69,Normal Operation,Normal
2025-11-05 22:54:48,231.93,0.65,150.7545,14.36,Normal Operation,Normal
2025-11-05 22:54:49,228.24,10.24,2337.1776,17.05,WARNING: High Current Detected! Current: 10.24A,Overload Detected
2025-11-05 22:54:50,231.96,0.77,178.60920000000002,14.87,Normal Operation,Normal
2025-11-05 22:54:50,230.47,1.48,341.0956,12.95,Normal Operation,Normal
2025-11-05 22:54:51,229.38,1.67,383.0646,13.27,Normal Operation,Normal
2025-11-05 22:54:51,231.62,0.68,157.50160000000002,14.53,Normal Operation,Normal
2025-11-05 22:54:52,230.37,0.96,221.1552,16.49,Normal Operation,Normal
2025-11-05 22:54:53,231.26,1.5,346.89,15.73,Normal Operation,Normal
2025-11-05 22:54:53,229.42,-2.44,-559.7847999999999,16.3,WARNING: Reverse Power Flow Detected! Current: -2.44A,Reverse Flow
2025-11-05 22:54:54,230.34,0.85,195.789,14.86,Normal Operation,Normal
2025-11-05 22:54:54,229.56,0.01,2.2956,14.51,WARNING: Unexpected Power Drop Detected!,Power Mismatch
2025-11-05 22:54:55,229.86,1.29,296.5194,12.01,Normal Operation,Normal
2025-11-05 22:54:55,230.93,1.2,277.116,12.07,Normal Operation,Normal
2025-11-05 22:54:56,231.23,1.51,349.15729999999996,17.96,Normal Operation,Normal
2025-11-05 22:54:57,231.67,0.88,203.8696,15.05,Normal Operation,Normal
2025-11-05 22:54:57,228.54,1.08,246.8232,14.2,Normal Operation,Normal
2025-11-05 22:54:58,231.56,1.1,254.71600000000004,17.23,Normal Operation,Normal
2025-11-05 22:54:58,230.08,1.75,402.64000000000004,17.96,Normal Operation,Normal
2025-11-05 22:54:59,229.62,1.11,254.87820000000002,13.24,Normal Operation,Normal
2025-11-05 22:54:59,231.45,0.0,0.0,15.11,"WARNING: Possible Meter Bypass! Voltage: 231.45V, Current: 0.00A",Bypass Detected
2025-11-05 22:55:00,231.11,1.79,413.68690000000004,105.66,WARNING: Magnetic Interference Detected! Field: 105.66 G,Magnetic Tamper
2025-11-05 22:55:01,231.02,1.68,388.1136,13.84,Normal Operation,Normal
2025-11-05 22:55:01,231.51,14.81,3428.6630999999998,15.02,WARNING: High Current Detected! Current: 14.81A,Overload Detected
2025-11-05 22:55:02,231.51,0.92,212.9892,14.13,Normal Operation,Normal
2025-11-05 22:55:02,230.83,0.94,216.9802,15.14,Normal Operation,Normal
2025-11-05 22:55:03,231.64,1.1,254.804,13.21,Normal Operation,Normal
2025-11-05 22:55:03,231.92,1.72,398.9024,15.86,Normal Operation,Normal
2025-11-05 22:55:04,230.34,1.73,398.4882,12.16,Normal Operation,Normal
2025-11-05 22:55:05,229.94,1.75,402.395,17.75,Normal Operation,Normal
2025-11-05 22:55:05,262.3,0.87,228.20100000000002,17.3,WARNING: Voltage Out of Range: 262.30V,Voltage Anomaly
2025-11-05 22:55:06,231.99,0.92,213.4308,12.95,Normal Operation,Normal
2025-11-05 22:55:06,228.38,1.03,235.2314,16.63,Normal Operation,Normal
2025-11-05 22:55:07,230.9,0.86,198.574,12.75,Normal Operation,Normal
2025-11-05 22:55:07,230.59,0.81,186.77790000000002,13.79,Normal Operation,Normal
2025-11-05 22:55:08,187.0,0.93,173.91,17.24,WARNING: Voltage Out of Range: 187.00V,Voltage Anomaly
2025-11-05 22:55:09,230.95,1.46,337.18699999999995,15.63,Normal Operation,Normal
2025-11-05 22:55:09,230.83,0.01,2.3083,16.6,WARNING: Unexpected Power Drop Detected!,Power Mismatch
2025-11-05 22:55:10,231.94,1.57,364.1458,17.18,Normal Operation,Normal
2025-11-05 22:55:10,228.02,1.32,300.9864,14.28,Normal Operation,Normal
2025-11-05 22:55:11,229.1,0.02,4.582,13.28,WARNING: Unexpected Power Drop Detected!,Power Mismatch
2025-11-05 22:55:11,228.2,1.0,228.2,13.53,Normal Operation,Normal
2025-11-05 22:55:12,229.01,1.04,238.1704,15.99,Normal Operation,Normal
2025-11-05 22:55:13,228.81,1.22,279.1482,15.07,Normal Operation,Normal
2025-11-05 22:55:13,230.63,1.1,253.693,91.38,WARNING: Magnetic Interference Detected! Field: 91.38 G,Magnetic Tamper
2025-11-05 22:55:14,231.01,1.55,358.0655,12.86,Normal Operation,Normal
2025-11-05 22:55:14,228.52,14.86,3395.8072,14.26,WARNING: High Current Detected! Current: 14.86A,Overload Detected
2025-11-05 22:55:15,230.94,1.59,367.19460000000004,12.26,Normal Operation,Normal
2025-11-05 22:55:15,231.04,1.6,369.664,117.57,WARNING: Magnetic Interference Detected! Field: 117.57 G,Magnetic Tamper
2025-11-05 22:55:16,228.07,0.71,161.9297,17.32,WARNING: Unexpected Power Drop Detected!,Power Mismatch
2025-11-05 22:55:17,229.36,12.24,2807.3664000000003,12.89,WARNING: High Current Detected! Current: 12.24A,Overload Detected
2025-11-05 22:55:17,231.15,0.01,2.3115,17.96,WARNING: Unexpected Power Drop Detected!,Power Mismatch
2025-11-05 22:55:18,228.42,1.75,399.73499999999996,17.8,Normal Operation,Normal
2025-11-05 22:55:18,230.89,-2.48,-572.6071999999999,17.1,WARNING: Reverse Power Flow Detected! Current: -2.48A,Reverse Flow
2025-11-05 22:55:19,229.8,14.5,3332.1000000000004,13.11,WARNING: High Current Detected! Current: 14.50A,Overload Detected
2025-11-05 22:55:20,231.01,0.6,138.606,14.98,WARNING: Unexpected Power Drop Detected!,Power Mismatch
2025-11-05 22:55:20,228.17,1.59,362.7903,15.73,Normal Operation,Normal
2025-11-05 22:55:21,229.4,1.35,309.69000000000005,15.49,Normal Operation,Normal
2025-11-05 22:55:21,228.22,1.31,298.9682,12.08,Normal Operation,Normal
2025-11-05 22:55:22,230.28,10.22,2353.4616,12.59,WARNING: High Current Detected! Current: 10.22A,Overload Detected
2025-11-05 22:55:22,229.15,0.96,219.984,102.58,WARNING: Magnetic Interference Detected! Field: 102.58 G,Magnetic Tamper
2025-11-05 22:55:23,231.08,1.28,295.7824,16.64,Normal Operation,Normal
2025-11-05 22:55:24,228.43,0.01,2.2843,15.81,WARNING: Unexpected Power Drop Detected!,Power Mismatch
2025-11-05 22:55:24,228.03,1.63,371.6889,13.2,Normal Operation,Normal
2025-11-05 22:55:25,229.31,0.01,2.2931,13.62,WARNING: Unexpected Power Drop Detected!,Power Mismatch
2025-11-05 22:55:25,231.34,0.98,226.7132,15.99,Normal Operation,Normal
2025-11-05 22:55:26,229.81,1.41,324.03209999999996,13.74,Normal Operation,Normal
2025-11-05 22:55:26,175.24,1.33,233.06920000000002,13.04,WARNING: Voltage Out of Range: 175.24V,Voltage Anomaly
2025-11-05 22:55:27,228.51,1.77,404.4627,15.05,Normal Operation,Normal
2025-11-05 22:55:28,229.07,1.03,235.9421,15.34,Normal Operation,Normal
2025-11-05 22:55:28,229.23,1.68,385.10639999999995,16.07,Normal Operation,Normal
2025-11-05 22:55:29,231.36,0.72,166.57920000000001,15.34,Normal Operation,Normal
2025-11-05 22:55:29,231.49,0.68,157.41320000000002,12.78,Normal Operation,Normal
2025-11-05 22:55:30,228.79,1.08,247.0932,16.19,Normal Operation,Normal
2025-11-05 22:55:30,228.51,1.1,251.36100000000002,12.3,Normal Operation,Normal
2025-11-05 22:55:31,185.17,1.43,264.7931,15.98,WARNING: Voltage Out of Range: 185.17V,Voltage Anomaly
2025-11-05 22:55:31,231.05,14.39,3324.8095000000003,13.94,WARNING: High Current Detected! Current: 14.39A,Overload Detected
2025-11-05 22:55:32,231.7,1.55,359.135,13.97,Normal Operation,Normal
2025-11-05 22:55:33,230.53,10.14,2337.5742,13.93,WARNING: High Current Detected! Current: 10.14A,Overload Detected
2025-11-05 22:55:33,228.72,0.87,198.9864,12.18,WARNING: Unexpected Power Drop Detected!,Power Mismatch
2025-11-05 22:55:34,231.13,0.0,0.0,12.05,"WARNING: Possible Meter Bypass! Voltage: 231.13V, Current: 0.00A",Bypass Detected
2025-11-05 22:55:34,228.88,1.41,322.7208,12.45,Normal Operation,Normal
2025-11-05 22:55:35,230.17,1.21,278.5057,13.62,Normal Operation,Normal
2025-11-05 22:55:35,229.26,0.0,0.0,14.34,"WARNING: Possible Meter Bypass! Voltage: 229.26V, Current: 0.00A",Bypass Detected
2025-11-05 22:55:36,228.19,1.59,362.82210000000003,13.41,Normal Operation,Normal
2025-11-05 22:55:36,230.77,0.01,2.3077,16.98,WARNING: Unexpected Power Drop Detected!,Power Mismatch
2025-11-05 22:55:37,228.82,1.63,372.97659999999996,12.72,Normal Operation,Normal
2025-11-05 22:55:37,230.09,1.63,375.0467,16.16,Normal Operation,Normal
2025-11-05 22:55:38,230.77,1.67,385.3859,17.32,Normal Operation,Normal
2025-11-05 22:55:38,230.76,1.56,359.9856,14.09,Normal Operation,Normal
2025-11-05 22:55:39,230.63,1.38,318.26939999999996,81.66,WARNING: Magnetic Interference Detected! Field: 81.66 G,Magnetic Tamper
2025-11-05 22:55:39,230.3,0.73,168.119,12.08,Normal Operation,Normal
2025-11-05 22:55:40,230.79,1.45,334.64549999999997,13.22,Normal Operation,Normal
2025-11-05 22:55:41,228.66,1.29,294.9714,13.69,Normal Operation,Normal
2025-11-05 22:55:41,229.01,1.08,247.3308,14.77,Normal Operation,Normal
2025-11-05 22:55:42,229.35,1.46,334.851,16.08,Normal Operation,Normal
2025-11-05 22:55:42,230.02,0.87,200.1174,17.25,Normal Operation,Normal
2025-11-05 22:55:43,257.77,1.23,317.0571,13.36,WARNING: Voltage Out of Range: 257.77V,Voltage Anomaly
2025-11-05 22:55:43,229.71,0.63,144.7173,12.24,Normal Operation,Normal
2025-11-05 22:55:44,229.44,1.51,346.4544,17.27,Normal Operation,Normal
2025-11-05 22:55:45,230.91,0.89,205.5099,13.25,Normal Operation,Normal
2025-11-05 22:55:45,231.9,-2.42,-561.198,13.31,WARNING: Reverse Power Flow Detected! Current: -2.42A,Reverse Flow
2025-11-05 22:55:46,231.88,1.21,280.5748,15.06,Normal Operation,Normal
2025-11-05 22:55:46,228.66,0.78,178.3548,17.9,Normal Operation,Normal
2025-11-05 22:55:47,228.96,0.68,155.6928,13.91,Normal Operation,Normal
2025-11-05 22:55:47,231.73,1.25,289.66249999999997,13.93,Normal Operation,Normal
2025-11-05 22:55:48,231.3,1.02,235.92600000000002,16.54,Normal Operation,Normal
2025-11-05 22:55:48,230.86,1.3,300.11800000000005,15.97,Normal Operation,Normal
2025-11-05 22:55:49,261.24,0.84,219.4416,13.15,WARNING: Voltage Out of Range: 261.24V,Voltage Anomaly
2025-11-05 22:55:50,229.45,1.31,300.5795,15.75,Normal Operation,Normal
2025-11-05 22:55:50,231.89,1.04,241.16559999999998,17.78,Normal Operation,Normal
2025-11-05 22:55:51,230.8,0.72,166.17600000000002,14.92,Normal Operation,Normal
2025-11-05 22:55:51,228.91,1.25,286.1375,15.59,Normal Operation,Normal
2025-11-05 22:55:52,231.3,0.78,180.41400000000002,16.8,Normal Operation,Normal
2025-11-05 22:55:52,230.59,1.62,373.55580000000003,17.18,Normal Operation,Normal
2025-11-05 22:55:53,229.04,0.9,206.136,12.23,Normal Operation,Normal
2025-11-05 22:55:54,231.15,1.56,360.594,15.42,Normal Operation,Normal
2025-11-05 22:55:54,228.18,1.6,365.088,17.14,Normal Operation,Normal
2025-11-05 22:55:55,229.12,1.53,350.5536,13.25,Normal Operation,Normal
2025-11-05 22:55:55,230.74,0.72,166.1328,15.2,Normal Operation,Normal
2025-11-05 22:55:56,228.45,0.96,219.31199999999998,16.59,Normal Operation,Normal
2026-04-23 19:54:06,5.06,-0.39,-1.973,16.32,WARNING: Reverse Power Flow Detected! Current: -0.39 A,Reverse Flow
2026-04-23 19:54:06,5.05,0.66,3.333,19.09,Normal Operation,Normal
2026-04-23 19:54:07,5.05,0.58,2.929,91.94,WARNING: Magnetic Interference Detected! Field: 91.94 G,Magnetic Tamper
2026-04-23 19:54:08,5.08,0.67,3.404,12.16,Normal Operation,Normal
2026-04-23 19:54:08,4.91,0.22,1.08,15.22,Normal Operation,Normal
2026-04-23 19:54:09,2.51,0.23,0.577,15.87,WARNING: Critical Voltage Drop! Voltage: 2.51 V,Voltage Tamper
2026-04-23 19:54:09,5.03,0.17,0.855,15.24,Normal Operation,Normal
2026-04-23 19:54:10,5.17,0.22,1.137,18.8,Normal Operation,Normal
2026-04-23 19:54:10,5.02,0.45,2.259,16.3,Normal Operation,Normal
2026-04-23 19:54:11,4.98,0.44,2.191,15.92,Normal Operation,Normal
2026-04-23 19:54:12,4.85,0.0,0.0,12.71,"WARNING: Possible Bypass! Voltage: 4.85 V, Current: 0.00 A",Bypass Detected
2026-04-23 19:54:12,4.96,0.53,2.629,12.75,Normal Operation,Normal
2026-04-23 19:54:13,5.06,-0.54,-2.732,11.44,WARNING: Reverse Power Flow Detected! Current: -0.54 A,Reverse Flow
2026-04-23 19:54:13,5.2,0.34,1.768,16.57,Normal Operation,Normal
2026-04-23 19:54:14,4.86,-0.51,-2.479,14.75,WARNING: Reverse Power Flow Detected! Current: -0.51 A,Reverse Flow
2026-04-23 19:54:15,2.47,0.27,0.667,11.89,WARNING: Critical Voltage Drop! Voltage: 2.47 V,Voltage Tamper
2026-04-23 19:54:15,5.09,0.26,1.323,14.15,Normal Operation,Normal
2026-04-23 19:54:16,4.91,0.13,0.638,15.24,Normal Operation,Normal
2026-04-23 19:54:16,5.06,0.47,2.378,16.82,Normal Operation,Normal
2026-04-23 19:54:17,5.1,0.17,0.867,14.34,Normal Operation,Normal
2026-04-23 19:54:18,4.81,0.33,1.587,15.8,Normal Operation,Normal
2026-04-23 19:54:18,5.0,0.51,2.55,14.65,Normal Operation,Normal
2026-04-23 19:54:19,5.08,0.56,2.845,11.83,Normal Operation,Normal
2026-04-23 19:54:19,2.12,0.43,0.912,16.02,WARNING: Critical Voltage Drop! Voltage: 2.12 V,Voltage Tamper
2026-04-23 19:54:20,5.1,0.29,1.479,13.56,Normal Operation,Normal
2026-04-23 19:54:21,4.95,0.64,3.168,14.32,Normal Operation,Normal
2026-04-23 19:54:21,5.15,0.39,2.009,17.53,Normal Operation,Normal
2026-04-23 19:54:22,5.1,0.49,2.499,17.45,Normal Operation,Normal
2026-04-23 19:54:22,4.82,0.5,2.41,68.47,WARNING: Magnetic Interference Detected! Field: 68.47 G,Magnetic Tamper
2026-04-23 19:54:23,5.1,0.49,2.499,16.63,Normal Operation,Normal
2026-04-23 19:54:24,5.05,0.46,2.323,13.18,Normal Operation,Normal
2026-04-23 19:54:24,4.99,0.11,0.549,16.56,WARNING: Unexpected Power Drop Detected!,Power Mismatch
2026-04-23 19:54:25,4.97,-0.28,-1.392,18.84,WARNING: Reverse Power Flow Detected! Current: -0.28 A,Reverse Flow
2026-04-23 19:54:25,4.87,0.34,1.656,13.47,Normal Operation,Normal
2026-04-23 19:54:26,5.13,0.67,3.437,91.18,WARNING: Magnetic Interference Detected! Field: 91.18 G,Magnetic Tamper
2026-04-23 19:54:27,5.15,0.55,2.833,17.37,Normal Operation,Normal
2026-04-23 19:54:27,2.24,0.36,0.806,15.71,WARNING: Critical Voltage Drop! Voltage: 2.24 V,Voltage Tamper
2026-04-23 19:54:28,4.88,0.55,2.684,19.23,Normal Operation,Normal
2026-04-23 19:54:28,4.84,0.69,3.34,16.74,Normal Operation,Normal
2026-04-23 19:54:29,2.32,0.39,0.905,11.06,WARNING: Critical Voltage Drop! Voltage: 2.32 V,Voltage Tamper
2026-04-23 19:54:30,5.02,0.45,2.259,13.46,Normal Operation,Normal
2026-04-23 19:54:30,5.03,-0.81,-4.074,17.54,WARNING: Reverse Power Flow Detected! Current: -0.81 A,Reverse Flow
2026-04-23 19:54:31,5.16,2.08,10.733,11.25,WARNING: High Current Draw Detected! Current: 2.08 A,Overload Detected
2026-04-23 19:54:31,5.12,0.25,1.28,12.48,Normal Operation,Normal
2026-04-23 19:54:32,5.07,0.32,1.622,11.1,Normal Operation,Normal
2026-04-23 19:54:33,2.02,0.49,0.99,17.81,WARNING: Critical Voltage Drop! Voltage: 2.02 V,Voltage Tamper
2026-04-23 19:54:33,5.05,0.69,3.484,14.52,Normal Operation,Normal
2026-04-23 19:54:34,5.0,4.62,23.1,14.84,WARNING: High Current Draw Detected! Current: 4.62 A,Overload Detected
2026-04-23 19:54:34,5.1,0.34,1.734,13.58,Normal Operation,Normal
2026-04-23 19:54:35,4.82,0.52,2.506,12.47,Normal Operation,Normal
2026-04-23 19:54:36,4.93,0.58,2.859,17.61,Normal Operation,Normal
2026-04-23 19:54:36,4.93,0.34,1.676,17.82,Normal Operation,Normal
2026-04-23 19:54:37,4.98,0.14,0.697,18.48,WARNING: Unexpected Power Drop Detected!,Power Mismatch
2026-04-23 19:54:37,4.86,0.37,1.798,10.72,Normal Operation,Normal
2026-04-23 19:54:38,4.89,0.24,1.174,11.56,WARNING: Unexpected Power Drop Detected!,Power Mismatch
2026-04-23 19:54:38,5.16,0.33,1.703,67.7,WARNING: Magnetic Interference Detected! Field: 67.70 G,Magnetic Tamper
2026-04-23 19:54:39,5.18,0.5,2.59,13.17,Normal Operation,Normal
2026-04-23 19:54:40,5.11,0.52,2.657,13.62,Normal Operation,Normal
2026-04-23 19:54:40,4.99,0.34,1.697,19.11,Normal Operation,Normal
2026-04-23 19:54:41,5.08,0.4,2.032,16.2,Normal Operation,Normal
2026-04-23 19:54:41,5.03,-0.98,-4.929,12.79,WARNING: Reverse Power Flow Detected! Current: -0.98 A,Reverse Flow
2026-04-23 19:54:42,5.0,0.01,0.05,18.85,"WARNING: Possible Bypass! Voltage: 5.00 V, Current: 0.01 A",Bypass Detected
2026-04-23 19:54:43,5.15,0.55,2.833,15.51,Normal Operation,Normal
2026-04-23 19:54:43,5.12,0.28,1.434,82.63,WARNING: Magnetic Interference Detected! Field: 82.63 G,Magnetic Tamper
2026-04-23 19:54:44,4.83,0.5,2.415,15.81,Normal Operation,Normal
2026-04-23 19:54:44,5.19,2.68,13.909,10.42,WARNING: High Current Draw Detected! Current: 2.68 A,Overload Detected
2026-04-23 19:54:45,5.18,0.01,0.052,17.4,"WARNING: Possible Bypass! Voltage: 5.18 V, Current: 0.01 A",Bypass Detected
2026-04-23 19:54:45,4.82,4.7,22.654,18.25,WARNING: High Current Draw Detected! Current: 4.70 A,Overload Detected
2026-04-23 19:54:46,4.9,0.42,2.058,19.5,Normal Operation,Normal
2026-04-23 19:54:47,4.81,0.2,0.962,19.14,WARNING: Unexpected Power Drop Detected!,Power Mismatch
2026-04-23 19:54:47,4.94,0.17,0.84,19.03,WARNING: Unexpected Power Drop Detected!,Power Mismatch
2026-04-23 19:54:48,5.11,0.12,0.613,12.31,WARNING: Unexpected Power Drop Detected!,Power Mismatch
2026-04-23 19:54:48,4.93,0.24,1.183,15.47,WARNING: Unexpected Power Drop Detected!,Power Mismatch
2026-04-23 19:54:49,5.14,0.0,0.0,16.15,"WARNING: Possible Bypass! Voltage: 5.14 V, Current: 0.00 A",Bypass Detected
2026-04-23 19:54:50,5.18,0.52,2.694,12.69,Normal Operation,Normal
2026-04-23 19:54:50,4.89,0.66,3.227,15.1,Normal Operation,Normal
2026-04-23 19:54:51,5.14,0.16,0.822,12.15,WARNING: Unexpected Power Drop Detected!,Power Mismatch
2026-04-23 19:54:51,5.2,0.51,2.652,92.29,WARNING: Magnetic Interference Detected! Field: 92.29 G,Magnetic Tamper
2026-04-23 19:54:52,5.08,0.56,2.845,18.87,Normal Operation,Normal
2026-04-23 19:54:53,4.83,0.15,0.725,63.17,WARNING: Magnetic Interference Detected! Field: 63.17 G,Magnetic Tamper
2026-04-23 19:54:53,4.96,-0.79,-3.918,12.76,WARNING: Reverse Power Flow Detected! Current: -0.79 A,Reverse Flow
2026-04-23 19:54:54,5.1,3.18,16.218,16.09,WARNING: High Current Draw Detected! Current: 3.18 A,Overload Detected
2026-04-23 19:54:54,4.96,0.35,1.736,14.43,Normal Operation,Normal
2026-04-23 19:54:55,5.03,0.25,1.258,17.12,Normal Operation,Normal
2026-04-23 19:54:56,4.94,3.12,15.413,10.16,WARNING: High Current Draw Detected! Current: 3.12 A,Overload Detected
2026-04-23 19:54:56,5.05,0.14,0.707,13.19,WARNING: Unexpected Power Drop Detected!,Power Mismatch
2026-04-23 19:54:57,4.86,0.19,0.923,17.76,WARNING: Unexpected Power Drop Detected!,Power Mismatch
2026-04-23 19:54:57,5.1,0.5,2.55,18.16,Normal Operation,Normal
2026-04-23 19:54:58,4.82,0.67,3.229,16.13,Normal Operation,Normal
2026-04-23 19:54:58,5.0,0.65,3.25,18.77,Normal Operation,Normal
2026-04-23 19:54:59,4.86,0.14,0.68,11.4,WARNING: Unexpected Power Drop Detected!,Power Mismatch
2026-04-23 19:55:00,4.86,0.62,3.013,15.94,Normal Operation,Normal
2026-04-23 19:55:00,4.92,0.68,3.346,15.38,Normal Operation,Normal
2026-04-23 19:55:01,4.81,0.23,1.106,10.83,Normal Operation,Normal
2026-04-23 19:55:01,5.01,0.21,1.052,92.96,WARNING: Magnetic Interference Detected! Field: 92.96 G,Magnetic Tamper
2026-04-23 19:55:02,5.14,0.25,1.285,13.17,Normal Operation,Normal
2026-04-23 19:55:03,5.14,-0.64,-3.29,16.8,WARNING: Reverse Power Flow Detected! Current: -0.64 A,Reverse Flow
2026-04-23 19:55:03,4.83,0.37,1.787,15.19,Normal Operation,Normal
2026-04-23 19:55:04,4.87,0.47,2.289,10.37,Normal Operation,Normal
2026-04-23 19:55:04,4.98,0.13,0.647,17.55,Normal Operation,Normal
2026-04-23 19:55:05,4.88,0.46,2.245,17.63,Normal Operation,Normal
2026-04-23 19:55:05,5.04,0.0,0.0,19.18,"WARNING: Possible Bypass! Voltage: 5.04 V, Current: 0.00 A",Bypass Detected
2026-04-23 19:55:06,5.05,0.37,1.868,12.04,Normal Operation,Normal
2026-04-23 19:55:07,5.19,0.0,0.0,16.03,"WARNING: Possible Bypass! Voltage: 5.19 V, Current: 0.00 A",Bypass Detected
2026-04-23 19:55:07,5.11,0.56,2.862,11.9,Normal Operation,Normal
2026-04-23 19:55:08,4.86,0.12,0.583,15.21,Normal Operation,Normal
2026-04-23 19:55:08,5.19,4.73,24.549,16.15,WARNING: High Current Draw Detected! Current: 4.73 A,Overload Detected
2026-04-23 19:55:09,5.01,-0.67,-3.357,12.76,WARNING: Reverse Power Flow Detected! Current: -0.67 A,Reverse Flow
2026-04-23 19:55:10,4.96,0.35,1.736,15.99,Normal Operation,Normal
2026-04-23 19:55:10,5.13,2.46,12.62,16.22,WARNING: High Current Draw Detected! Current: 2.46 A,Overload Detected
2026-04-23 19:55:11,2.38,0.47,1.119,15.78,WARNING: Critical Voltage Drop! Voltage: 2.38 V,Voltage Tamper
2026-04-23 19:55:11,4.96,0.59,2.926,19.02,Normal Operation,Normal
2026-04-23 19:55:12,5.18,-0.84,-4.351,10.89,WARNING: Reverse Power Flow Detected! Current: -0.84 A,Reverse Flow
2026-04-24 09:33:18,4.88,0.58,2.83,12.44,Normal Operation,Normal
2026-04-24 09:33:19,4.89,0.02,0.098,15.31,"WARNING: Possible Bypass! Voltage: 4.89 V, Current: 0.02 A",Bypass Detected
2026-04-24 09:33:20,5.0,0.52,2.6,18.51,Normal Operation,Normal
2026-04-24 09:33:20,5.15,0.01,0.052,15.99,"WARNING: Possible Bypass! Voltage: 5.15 V, Current: 0.01 A",Bypass Detected
2026-04-24 09:33:21,5.19,0.02,0.104,13.33,"WARNING: Possible Bypass! Voltage: 5.19 V, Current: 0.02 A",Bypass Detected
2026-04-24 09:33:22,5.06,0.59,2.985,14.23,Normal Operation,Normal
2026-04-24 09:33:22,5.06,-0.59,-2.985,16.68,WARNING: Reverse Power Flow Detected! Current: -0.59 A,Reverse Flow
2026-04-24 09:33:23,5.07,0.12,0.608,17.07,Normal Operation,Normal
2026-04-24 09:33:23,5.17,0.21,1.086,14.34,Normal Operation,Normal
2026-04-24 09:33:24,5.16,0.3,1.548,15.82,Normal Operation,Normal
2026-04-24 09:33:25,4.8,0.01,0.048,19.46,"WARNING: Possible Bypass! Voltage: 4.80 V, Current: 0.01 A",Bypass Detected
2026-04-24 09:33:25,5.14,3.92,20.149,18.79,WARNING: High Current Draw Detected! Current: 3.92 A,Overload Detected
2026-04-24 09:33:26,4.94,0.47,2.322,18.33,Normal Operation,Normal
2026-04-24 09:33:26,4.88,0.63,3.074,10.24,Normal Operation,Normal
2026-04-24 09:33:27,4.84,0.19,0.92,14.37,Normal Operation,Normal
2026-04-24 09:33:28,5.08,0.21,1.067,17.95,Normal Operation,Normal
2026-04-24 09:33:28,5.12,0.13,0.666,11.18,WARNING: Unexpected Power Drop Detected!,Power Mismatch
2026-04-24 09:33:29,5.07,0.15,0.761,98.58,WARNING: Magnetic Interference Detected! Field: 98.58 G,Magnetic Tamper
2026-04-24 09:33:30,5.01,0.23,1.152,79.9,WARNING: Magnetic Interference Detected! Field: 79.90 G,Magnetic Tamper
2026-04-24 09:33:30,1.9,0.38,0.722,18.4,WARNING: Critical Voltage Drop! Voltage: 1.90 V,Voltage Tamper
2026-04-24 09:33:31,5.06,0.01,0.051,18.28,"WARNING: Possible Bypass! Voltage: 5.06 V, Current: 0.01 A",Bypass Detected
2026-04-24 09:33:31,5.19,0.63,3.27,17.55,Normal Operation,Normal
2026-04-24 09:33:32,4.93,0.56,2.761,17.38,Normal Operation,Normal
2026-04-24 09:33:33,4.98,0.23,1.145,13.59,Normal Operation,Normal
2026-04-24 09:33:33,5.12,0.46,2.355,17.69,Normal Operation,Normal
2026-04-24 09:33:34,4.81,0.42,2.02,12.25,Normal Operation,Normal
2026-04-24 09:33:34,5.05,0.48,2.424,12.7,Normal Operation,Normal
2026-04-24 09:33:35,5.09,0.22,1.12,14.89,Normal Operation,Normal
2026-04-24 09:33:36,4.9,0.28,1.372,17.94,Normal Operation,Normal
2026-04-24 09:33:36,4.81,0.59,2.838,18.16,Normal Operation,Normal
2026-04-24 09:33:37,4.81,0.01,0.048,12.21,"WARNING: Possible Bypass! Voltage: 4.81 V, Current: 0.01 A",Bypass Detected
2026-04-24 09:33:38,4.86,0.29,1.409,12.83,Normal Operation,Normal
2026-04-24 09:33:38,4.86,0.16,0.778,12.04,Normal Operation,Normal
2026-04-24 09:33:39,5.15,0.0,0.0,17.19,"WARNING: Possible Bypass! Voltage: 5.15 V, Current: 0.00 A",Bypass Detected
2026-04-24 09:33:40,4.8,0.33,1.584,13.53,Normal Operation,Normal
2026-04-24 09:33:40,2.56,0.48,1.229,12.2,WARNING: Critical Voltage Drop! Voltage: 2.56 V,Voltage Tamper
2026-04-24 09:33:41,5.1,0.22,1.122,14.29,Normal Operation,Normal
2026-04-24 09:33:42,4.89,0.3,1.467,14.63,Normal Operation,Normal
2026-04-24 09:33:42,4.8,0.44,2.112,18.31,Normal Operation,Normal
2026-04-24 09:33:43,4.89,0.27,1.32,10.62,Normal Operation,Normal
2026-04-24 09:33:43,5.07,0.41,2.079,12.35,Normal Operation,Normal
2026-04-24 09:33:44,4.86,0.15,0.729,12.26,Normal Operation,Normal
2026-04-24 09:33:45,5.06,0.43,2.176,18.12,Normal Operation,Normal
2026-04-24 09:33:45,4.81,0.46,2.213,19.34,Normal Operation,Normal
2026-04-24 09:33:46,4.9,0.48,2.352,12.85,Normal Operation,Normal
2026-04-24 09:33:46,4.95,0.66,3.267,17.27,Normal Operation,Normal
2026-04-24 09:33:47,5.02,0.38,1.908,14.01,Normal Operation,Normal
2026-04-24 09:33:48,4.97,0.59,2.932,14.75,Normal Operation,Normal
2026-04-24 09:33:48,4.93,2.92,14.396,16.17,WARNING: High Current Draw Detected! Current: 2.92 A,Overload Detected
2026-04-24 09:33:49,2.25,0.49,1.103,18.73,WARNING: Critical Voltage Drop! Voltage: 2.25 V,Voltage Tamper
2026-04-24 09:33:50,4.88,0.23,1.122,96.21,WARNING: Magnetic Interference Detected! Field: 96.21 G,Magnetic Tamper
2026-04-24 09:33:50,5.08,0.33,1.676,12.44,Normal Operation,Normal
2026-04-24 09:33:51,5.13,0.29,1.488,10.51,Normal Operation,Normal
2026-04-24 09:33:51,5.02,0.68,3.414,18.67,Normal Operation,Normal
2026-04-24 09:33:52,5.14,0.63,3.238,11.95,Normal Operation,Normal
2026-04-24 09:33:53,5.09,0.66,3.359,17.6,Normal Operation,Normal
2026-04-24 09:33:53,4.81,0.68,3.271,16.65,Normal Operation,Normal
2026-04-24 09:33:54,5.17,0.01,0.052,16.16,"WARNING: Possible Bypass! Voltage: 5.17 V, Current: 0.01 A",Bypass Detected
2026-04-24 09:33:55,4.81,0.2,0.962,14.22,WARNING: Unexpected Power Drop Detected!,Power Mismatch
2026-04-24 09:33:55,4.81,0.63,3.03,14.82,Normal Operation,Normal
2026-04-24 09:33:56,4.83,0.47,2.27,12.34,Normal Operation,Normal
2026-04-24 09:33:56,5.19,0.68,3.529,14.37,Normal Operation,Normal
2026-04-24 09:33:57,4.95,0.24,1.188,12.42,Normal Operation,Normal
2026-04-24 09:33:58,4.89,0.2,0.978,19.96,Normal Operation,Normal
2026-04-24 09:33:58,4.82,0.28,1.35,77.56,WARNING: Magnetic Interference Detected! Field: 77.56 G,Magnetic Tamper
2026-04-24 09:33:59,5.05,0.12,0.606,84.68,WARNING: Magnetic Interference Detected! Field: 84.68 G,Magnetic Tamper
2026-04-24 09:33:59,4.92,0.18,0.886,66.73,WARNING: Magnetic Interference Detected! Field: 66.73 G,Magnetic Tamper
2026-04-24 09:34:00,5.08,0.31,1.575,94.31,WARNING: Magnetic Interference Detected! Field: 94.31 G,Magnetic Tamper
2026-04-24 09:34:01,4.81,0.39,1.876,16.45,Normal Operation,Normal
2026-04-24 09:34:01,5.06,0.01,0.051,12.63,"WARNING: Possible Bypass! Voltage: 5.06 V, Current: 0.01 A",Bypass Detected
2026-04-24 09:34:02,5.17,0.46,2.378,17.18,Normal Operation,Normal
2026-04-24 09:34:03,4.9,0.61,2.989,14.16,Normal Operation,Normal
2026-04-24 09:34:03,5.1,0.14,0.714,10.18,Normal Operation,Normal
2026-04-24 09:34:04,2.31,0.14,0.323,11.31,WARNING: Critical Voltage Drop! Voltage: 2.31 V,Voltage Tamper
2026-04-24 09:34:04,5.12,0.38,1.946,14.12,Normal Operation,Normal
2026-04-24 09:34:05,4.91,0.54,2.651,11.63,Normal Operation,Normal
2026-04-24 09:34:06,4.8,0.02,0.096,15.08,"WARNING: Possible Bypass! Voltage: 4.80 V, Current: 0.02 A",Bypass Detected
2026-04-24 09:34:06,5.08,0.43,2.184,13.97,Normal Operation,Normal
2026-04-24 09:34:07,4.97,-0.33,-1.64,14.06,WARNING: Reverse Power Flow Detected! Current: -0.33 A,Reverse Flow
2026-04-24 09:34:08,5.1,0.45,2.295,13.24,Normal Operation,Normal
2026-04-24 09:34:08,4.81,0.23,1.106,68.31,WARNING: Magnetic Interference Detected! Field: 68.31 G,Magnetic Tamper
2026-04-24 09:34:09,4.92,0.34,1.673,16.56,Normal Operation,Normal
2026-04-24 09:34:10,4.85,-0.3,-1.455,12.88,WARNING: Reverse Power Flow Detected! Current: -0.30 A,Reverse Flow
2026-04-24 09:34:10,2.3,0.64,1.472,10.57,WARNING: Critical Voltage Drop! Voltage: 2.30 V,Voltage Tamper
2026-04-24 09:34:11,5.1,0.23,1.173,13.9,Normal Operation,Normal
2026-04-24 09:34:11,5.07,0.19,0.963,11.29,Normal Operation,Normal
2026-04-24 09:34:12,2.59,0.46,1.191,15.49,WARNING: Critical Voltage Drop! Voltage: 2.59 V,Voltage Tamper
2026-04-24 09:34:13,4.82,0.25,1.205,18.51,Normal Operation,Normal
2026-04-24 09:34:13,4.91,0.67,3.29,16.59,Normal Operation,Normal
2026-04-24 09:34:14,4.98,0.21,1.046,16.19,Normal Operation,Normal
2026-04-24 09:34:15,4.81,0.23,1.106,68.23,WARNING: Magnetic Interference Detected! Field: 68.23 G,Magnetic Tamper
2026-04-24 09:34:15,5.15,0.3,1.545,16.88,Normal Operation,Normal
2026-04-24 09:34:16,4.85,2.1,10.185,12.42,WARNING: High Current Draw Detected! Current: 2.10 A,Overload Detected
2026-04-24 09:34:16,5.05,0.31,1.565,14.1,Normal Operation,Normal
2026-04-24 09:34:17,5.13,0.45,2.308,17.33,Normal Operation,Normal
2026-04-24 09:34:18,5.06,0.59,2.985,18.72,Normal Operation,Normal
2026-04-24 09:34:18,5.0,0.23,1.15,12.39,Normal Operation,Normal
2026-04-24 09:34:19,4.95,0.57,2.821,16.95,Normal Operation,Normal
2026-04-24 09:34:20,5.08,0.34,1.727,18.07,Normal Operation,Normal
2026-04-24 09:34:20,5.17,0.24,1.241,13.98,Normal Operation,Normal
2026-04-24 09:34:21,5.09,0.14,0.713,15.66,WARNING: Unexpected Power Drop Detected!,Power Mismatch
2026-04-24 09:34:21,5.05,0.3,1.515,18.92,Normal Operation,Normal
2026-04-24 09:34:22,5.02,0.69,3.464,15.47,Normal Operation,Normal
2026-04-24 09:34:23,5.12,0.38,1.946,13.05,Normal Operation,Normal
2026-04-24 09:34:23,4.98,0.01,0.05,11.15,"WARNING: Possible Bypass! Voltage: 4.98 V, Current: 0.01 A",Bypass Detected
2026-04-24 09:34:24,5.18,0.23,1.191,12.84,Normal Operation,Normal
2026-04-24 09:34:25,4.93,0.5,2.465,14.86,Normal Operation,Normal
2026-04-24 09:34:25,5.07,0.57,2.89,18.15,Normal Operation,Normal
2026-04-24 09:34:26,5.02,0.5,2.51,13.45,Normal Operation,Normal
2026-04-24 09:34:26,5.03,0.26,1.308,11.95,Normal Operation,Normal
2026-04-24 09:34:27,5.17,0.3,1.551,16.82,Normal Operation,Normal
2026-04-24 09:34:28,4.81,0.13,0.625,17.34,Normal Operation,Normal
2026-04-24 09:34:28,1.82,0.34,0.619,11.16,WARNING: Critical Voltage Drop! Voltage: 1.82 V,Voltage Tamper
2026-04-24 09:34:29,5.04,0.02,0.101,14.13,"WARNING: Possible Bypass! Voltage: 5.04 V, Current: 0.02 A",Bypass Detected
2026-04-24 09:34:30,5.02,-0.39,-1.958,15.32,WARNING: Reverse Power Flow Detected! Current: -0.39 A,Reverse Flow
2026-04-24 09:34:30,1.94,0.1,0.194,14.28,WARNING: Critical Voltage Drop! Voltage: 1.94 V,Voltage Tamper
2026-04-24 09:34:31,1.98,0.35,0.693,10.95,WARNING: Critical Voltage Drop! Voltage: 1.98 V,Voltage Tamper
2026-04-24 09:34:31,5.01,0.67,3.357,15.03,Normal Operation,Normal
2026-04-24 09:34:32,4.87,0.17,0.828,12.95,Normal Operation,Normal
2026-04-24 09:34:33,5.1,0.37,1.887,11.15,Normal Operation,Normal
2026-04-24 09:34:33,5.08,0.23,1.168,71.47,WARNING: Magnetic Interference Detected! Field: 71.47 G,Magnetic Tamper
2026-04-24 09:34:34,5.12,0.46,2.355,16.09,Normal Operation,Normal
2026-04-24 09:34:35,4.9,0.38,1.862,19.9,Normal Operation,Normal
2026-04-24 09:34:35,5.11,0.0,0.0,11.16,"WARNING: Possible Bypass! Voltage: 5.11 V, Current: 0.00 A",Bypass Detected
2026-04-24 09:34:36,4.84,0.19,0.92,19.29,Normal Operation,Normal
2026-04-24 09:34:37,4.91,0.27,1.326,13.04,Normal Operation,Normal
2026-04-24 09:34:37,5.02,0.29,1.456,18.01,Normal Operation,Normal
2026-04-24 09:34:38,4.89,0.34,1.663,12.02,Normal Operation,Normal
2026-04-24 09:34:38,4.98,0.28,1.394,15.91,Normal Operation,Normal
2026-04-24 09:34:39,4.87,0.25,1.218,12.39,Normal Operation,Normal
2026-04-24 09:34:40,4.89,0.3,1.467,17.32,Normal Operation,Normal
2026-04-24 09:34:40,4.94,0.55,2.717,14.72,Normal Operation,Normal
2026-04-24 09:34:41,5.06,0.54,2.732,18.45,Normal Operation,Normal
2026-04-24 09:34:42,4.92,0.16,0.787,10.18,Normal Operation,Normal
2026-04-24 09:34:42,5.0,0.63,3.15,15.67,Normal Operation,Normal
2026-04-24 09:34:43,4.99,0.51,2.545,19.79,Normal Operation,Normal
2026-04-24 09:34:43,4.87,0.26,1.266,17.78,Normal Operation,Normal
2026-04-24 09:34:44,5.06,0.37,1.872,80.35,WARNING: Magnetic Interference Detected! Field: 80.35 G,Magnetic Tamper
2026-04-24 09:34:45,5.19,0.12,0.623,19.59,Normal Operation,Normal
2026-04-24 09:34:45,4.82,0.34,1.639,13.13,Normal Operation,Normal
2026-04-24 09:34:46,5.14,0.53,2.724,17.99,Normal Operation,Normal
2026-04-24 09:34:46,4.89,0.13,0.636,17.92,Normal Operation,Normal
2026-04-24 09:34:47,5.18,-0.66,-3.419,19.48,WARNING: Reverse Power Flow Detected! Current: -0.66 A,Reverse Flow
2026-04-24 09:34:48,5.05,-0.76,-3.838,19.9,WARNING: Reverse Power Flow Detected! Current: -0.76 A,Reverse Flow
2026-04-24 09:34:48,4.81,0.5,2.405,12.28,Normal Operation,Normal
2026-04-24 09:34:49,5.14,0.24,1.234,19.05,Normal Operation,Normal
2026-04-24 09:34:50,5.11,0.68,3.475,13.84,Normal Operation,Normal
2026-04-24 09:34:50,4.8,0.7,3.36,11.32,Normal Operation,Normal
2026-04-24 09:34:51,4.93,0.13,0.641,15.74,Normal Operation,Normal
2026-04-24 09:34:51,5.08,0.29,1.473,19.97,Normal Operation,Normal
2026-04-24 09:34:52,5.01,0.28,1.403,18.7,Normal Operation,Normal
2026-04-24 09:34:53,4.85,0.37,1.794,74.3,WARNING: Magnetic Interference Detected! Field: 74.30 G,Magnetic Tamper
2026-04-24 09:34:53,5.11,0.37,1.891,19.21,Normal Operation,Normal
2026-04-24 09:34:54,4.9,0.49,2.401,13.72,Normal Operation,Normal
2026-04-24 09:34:55,5.06,0.47,2.378,18.68,Normal Operation,Normal
2026-04-24 09:34:55,5.18,-0.86,-4.455,16.7,WARNING: Reverse Power Flow Detected! Current: -0.86 A,Reverse Flow
2026-04-24 09:34:56,4.98,0.68,3.386,12.72,Normal Operation,Normal
2026-04-24 09:34:57,4.82,0.3,1.446,10.59,Normal Operation,Normal
2026-04-24 09:34:57,4.96,0.28,1.389,15.19,Normal Operation,Normal
2026-04-24 09:34:58,4.91,0.32,1.571,10.56,Normal Operation,Normal
2026-04-24 09:34:58,4.95,0.65,3.218,12.64,Normal Operation,Normal
2026-04-24 09:34:59,4.92,0.33,1.624,14.36,Normal Operation,Normal
2026-04-24 09:35:00,5.19,0.4,2.076,13.12,Normal Operation,Normal
2026-04-24 09:35:00,5.04,0.13,0.655,10.36,Normal Operation,Normal
2026-04-24 09:35:01,4.96,0.17,0.843,15.29,Normal Operation,Normal
2026-04-24 09:35:02,4.88,0.63,3.074,19.03,Normal Operation,Normal
2026-04-24 09:35:02,4.86,0.28,1.361,17.17,Normal Operation,Normal
2026-04-24 09:35:03,4.84,0.62,3.001,11.34,Normal Operation,Normal
2026-04-24 09:35:03,4.9,-0.4,-1.96,18.27,WARNING: Reverse Power Flow Detected! Current: -0.40 A,Reverse Flow
2026-04-24 09:35:04,5.12,0.2,1.024,17.51,Normal Operation,Normal
2026-04-24 09:35:05,5.17,0.25,1.292,13.71,Normal Operation,Normal
2026-04-24 09:35:05,4.98,-0.29,-1.444,11.17,WARNING: Reverse Power Flow Detected! Current: -0.29 A,Reverse Flow
2026-04-24 09:35:06,4.96,0.01,0.05,14.93,"WARNING: Possible Bypass! Voltage: 4.96 V, Current: 0.01 A",Bypass Detected
2026-04-24 09:35:07,5.07,0.25,1.268,13.21,Normal Operation,Normal
2026-04-24 09:35:07,5.04,0.31,1.562,11.94,Normal Operation,Normal
2026-04-24 09:35:08,4.8,-0.62,-2.976,10.82,WARNING: Reverse Power Flow Detected! Current: -0.62 A,Reverse Flow
2026-04-24 09:35:08,5.17,0.54,2.792,11.66,Normal Operation,Normal
2026-04-24 09:35:09,4.95,0.55,2.723,18.43,Normal Operation,Normal
2026-04-24 09:35:10,4.94,0.18,0.889,15.67,Normal Operation,Normal
2026-04-24 09:35:10,5.04,0.45,2.268,12.99,Normal Operation,Normal
2026-04-24 09:35:11,4.87,0.11,0.536,18.22,Normal Operation,Normal
2026-04-24 09:35:12,5.15,0.2,1.03,18.9,Normal Operation,Normal
2026-04-24 09:35:12,5.06,0.65,3.289,14.32,Normal Operation,Normal
2026-04-24 09:35:13,4.97,0.42,2.087,16.07,Normal Operation,Normal
2026-04-24 09:35:14,5.15,0.23,1.185,15.74,Normal Operation,Normal
2026-04-24 09:35:14,4.99,0.64,3.194,12.35,Normal Operation,Normal
2026-04-24 09:35:15,5.19,0.54,2.803,85.1,WARNING: Magnetic Interference Detected! Field: 85.10 G,Magnetic Tamper
2026-04-24 09:35:16,5.13,0.46,2.36,15.8,Normal Operation,Normal
2026-04-24 09:35:16,4.88,-0.64,-3.123,15.59,WARNING: Reverse Power Flow Detected! Current: -0.64 A,Reverse Flow
2026-04-24 09:35:17,5.03,4.51,22.685,15.69,WARNING: High Current Draw Detected! Current: 4.51 A,Overload Detected
2026-04-24 09:35:17,5.16,0.48,2.477,17.01,Normal Operation,Normal
2026-04-24 09:35:18,4.89,0.46,2.249,17.38,Normal Operation,Normal
2026-04-24 09:35:19,4.94,0.14,0.692,15.98,WARNING: Unexpected Power Drop Detected!,Power Mismatch
2026-04-24 09:35:19,4.96,0.53,2.629,15.48,Normal Operation,Normal
2026-04-24 09:35:20,5.19,0.66,3.425,13.36,Normal Operation,Normal
2026-04-24 09:35:21,4.96,0.48,2.381,10.57,Normal Operation,Normal
2026-04-24 09:35:21,5.05,0.65,3.283,10.22,Normal Operation,Normal
2026-04-24 09:35:22,4.92,0.66,3.247,15.78,Normal Operation,Normal
2026-04-24 09:35:22,5.11,0.57,2.913,17.99,Normal Operation,Normal
2026-04-24 09:35:23,5.09,0.62,3.156,13.08,Normal Operation,Normal
2026-04-24 09:35:24,4.98,0.69,3.436,11.03,Normal Operation,Normal
2026-04-24 09:35:24,5.18,0.14,0.725,12.33,WARNING: Unexpected Power Drop Detected!,Power Mismatch
2026-04-24 09:35:25,5.13,0.16,0.821,15.84,Normal Operation,Normal
2026-04-24 09:35:26,5.16,0.65,3.354,12.86,Normal Operation,Normal
2026-04-24 09:35:26,4.97,0.5,2.485,19.42,Normal Operation,Normal
2026-04-24 09:35:27,5.04,0.41,2.066,13.98,Normal Operation,Normal
2026-04-24 09:35:27,4.81,0.35,1.683,12.93,Normal Operation,Normal
2026-04-24 09:35:28,5.07,0.44,2.231,11.92,Normal Operation,Normal
2026-04-24 09:35:29,4.91,0.13,0.638,13.16,WARNING: Unexpected Power Drop Detected!,Power Mismatch
2026-04-24 09:35:29,4.89,0.35,1.711,13.38,Normal Operation,Normal
2026-04-24 09:35:30,5.05,3.53,17.826,14.58,WARNING: High Current Draw Detected! Current: 3.53 A,Overload Detected
2026-04-24 09:35:31,4.93,0.6,2.958,98.46,WARNING: Magnetic Interference Detected! Field: 98.46 G,Magnetic Tamper
2026-04-24 09:35:31,4.92,0.67,3.296,14.73,Normal Operation,Normal
2026-04-24 09:35:32,5.09,0.38,1.934,15.44,Normal Operation,Normal
2026-04-24 09:35:32,5.16,0.62,3.199,15.77,Normal Operation,Normal
2026-04-24 09:35:33,4.82,0.43,2.073,10.79,Normal Operation,Normal
2026-04-24 09:35:34,5.12,0.56,2.867,17.02,Normal Operation,Normal
2026-04-24 09:35:34,5.17,0.34,1.758,19.95,Normal Operation,Normal
2026-04-24 09:35:35,5.15,3.56,18.334,10.05,WARNING: High Current Draw Detected! Current: 3.56 A,Overload Detected
2026-04-24 09:35:36,4.85,0.46,2.231,11.63,Normal Operation,Normal
2026-04-24 09:35:36,4.81,4.18,20.106,12.13,WARNING: High Current Draw Detected! Current: 4.18 A,Overload Detected
2026-04-24 09:35:37,4.93,-0.95,-4.683,17.42,WARNING: Reverse Power Flow Detected! Current: -0.95 A,Reverse Flow
2026-04-24 09:35:37,2.13,0.64,1.363,13.44,WARNING: Critical Voltage Drop! Voltage: 2.13 V,Voltage Tamper
2026-04-24 09:35:38,2.19,0.41,0.898,15.02,WARNING: Critical Voltage Drop! Voltage: 2.19 V,Voltage Tamper
2026-04-24 09:35:39,4.89,0.28,1.369,12.93,WARNING: Unexpected Power Drop Detected!,Power Mismatch
2026-04-24 09:35:39,5.1,0.44,2.244,19.81,Normal Operation,Normal
2026-04-24 09:35:40,4.85,0.61,2.958,17.18,Normal Operation,Normal
2026-04-24 09:35:40,4.89,0.38,1.858,14.66,Normal Operation,Normal
2026-04-24 09:35:41,4.95,0.21,1.04,15.6,WARNING: Unexpected Power Drop Detected!,Power Mismatch
2026-04-24 09:35:42,4.94,0.67,3.31,11.74,Normal Operation,Normal
2026-04-24 09:35:42,4.96,0.17,0.843,15.0,WARNING: Unexpected Power Drop Detected!,Power Mismatch
2026-04-24 09:35:43,5.18,0.42,2.176,19.67,Normal Operation,Normal
2026-04-24 09:35:44,5.02,0.66,3.313,18.57,Normal Operation,Normal
2026-04-24 09:35:44,5.11,0.38,1.942,17.65,Normal Operation,Normal
2026-04-24 09:35:45,5.16,0.38,1.961,17.95,Normal Operation,Normal
2026-04-24 09:35:46,4.86,0.01,0.049,10.21,"WARNING: Possible Bypass! Voltage: 4.86 V, Current: 0.01 A",Bypass Detected
2026-04-24 09:35:46,5.06,0.57,2.884,11.88,Normal Operation,Normal
2026-04-24 09:35:47,5.08,0.47,2.388,11.32,Normal Operation,Normal
2026-04-24 09:35:47,5.05,0.63,3.181,11.54,Normal Operation,Normal
2026-04-24 09:35:48,4.88,0.13,0.634,16.1,WARNING: Unexpected Power Drop Detected!,Power Mismatch
2026-04-24 09:35:49,4.86,0.49,2.381,18.62,Normal Operation,Normal
2026-04-24 09:35:49,4.85,0.68,3.298,15.45,Normal Operation,Normal
2026-04-24 09:35:50,5.16,0.55,2.838,15.52,Normal Operation,Normal
2026-04-24 09:35:51,5.1,0.56,2.856,17.46,Normal Operation,Normal
2026-04-24 09:35:51,5.07,0.11,0.558,17.28,WARNING: Unexpected Power Drop Detected!,Power Mismatch
2026-04-24 09:35:52,5.11,-0.62,-3.168,18.0,WARNING: Reverse Power Flow Detected! Current: -0.62 A,Reverse Flow
2026-04-24 09:35:52,4.98,0.36,1.793,18.07,Normal Operation,Normal
2026-04-24 09:35:53,4.94,0.39,1.927,15.39,Normal Operation,Normal
2026-04-24 09:35:54,5.1,0.3,1.53,15.3,Normal Operation,Normal
2026-04-24 09:35:54,2.5,0.19,0.475,16.13,WARNING: Critical Voltage Drop! Voltage: 2.50 V,Voltage Tamper
2026-04-24 09:35:55,1.98,0.35,0.693,17.93,WARNING: Critical Voltage Drop! Voltage: 1.98 V,Voltage Tamper
2026-04-24 09:35:56,5.12,0.64,3.277,18.85,Normal Operation,Normal
2026-04-24 09:35:56,5.2,0.32,1.664,10.3,Normal Operation,Normal
2026-04-24 09:35:57,5.05,0.23,1.161,15.25,Normal Operation,Normal
2026-04-24 09:35:58,4.86,0.27,1.312,14.66,Normal Operation,Normal
2026-04-24 09:35:58,5.13,0.54,2.77,19.77,Normal Operation,Normal
2026-04-24 09:35:59,4.9,0.7,3.43,14.45,Normal Operation,Normal
2026-04-24 09:35:59,4.81,0.0,0.0,17.04,"WARNING: Possible Bypass! Voltage: 4.81 V, Current: 0.00 A",Bypass Detected
2026-04-24 09:36:00,5.07,0.01,0.051,12.43,"WARNING: Possible Bypass! Voltage: 5.07 V, Current: 0.01 A",Bypass Detected
2026-04-24 09:36:01,5.17,0.31,1.603,15.28,Normal Operation,Normal
2026-04-24 09:36:01,4.83,0.51,2.463,12.69,Normal Operation,Normal
2026-04-24 09:36:02,4.85,0.01,0.048,19.3,"WARNING: Possible Bypass! Voltage: 4.85 V, Current: 0.01 A",Bypass Detected
2026-04-24 09:36:03,4.89,0.61,2.983,12.71,Normal Operation,Normal
2026-04-24 09:36:03,4.81,0.55,2.646,14.48,Normal Operation,Normal
2026-04-24 09:36:04,4.86,0.12,0.583,17.05,Normal Operation,Normal
2026-04-24 09:36:04,5.13,0.62,3.181,19.89,Normal Operation,Normal
2026-04-24 09:36:05,4.91,0.57,2.799,19.48,Normal Operation,Normal
2026-04-24 09:36:06,4.81,0.01,0.048,16.83,"WARNING: Possible Bypass! Voltage: 4.81 V, Current: 0.01 A",Bypass Detected
2026-04-24 09:36:06,4.96,0.25,1.24,19.68,Normal Operation,Normal
2026-04-24 09:36:07,5.16,0.01,0.052,11.48,"WARNING: Possible Bypass! Voltage: 5.16 V, Current: 0.01 A",Bypass Detected
2026-04-24 09:36:08,4.99,0.36,1.796,14.46,Normal Operation,Normal
2026-04-24 09:36:08,4.92,0.24,1.181,10.79,Normal Operation,Normal
2026-04-24 09:36:09,5.12,0.32,1.638,13.29,Normal Operation,Normal
2026-04-24 09:36:09,4.83,0.11,0.531,17.49,Normal Operation,Normal
2026-04-24 09:36:10,5.08,0.68,3.454,83.89,WARNING: Magnetic Interference Detected! Field: 83.89 G,Magnetic Tamper
2026-04-24 09:36:11,5.08,0.45,2.286,77.95,WARNING: Magnetic Interference Detected! Field: 77.95 G,Magnetic Tamper
2026-04-24 09:36:11,4.83,0.63,3.043,17.73,Normal Operation,Normal
2026-04-24 09:36:12,5.0,0.56,2.8,17.49,Normal Operation,Normal
2026-04-24 09:36:13,4.96,0.17,0.843,13.13,Normal Operation,Normal
2026-04-24 09:36:13,5.12,0.63,3.226,11.01,Normal Operation,Normal
2026-04-24 09:36:14,5.16,0.64,3.302,13.92,Normal Operation,Normal
2026-04-24 09:36:14,4.82,0.41,1.976,15.08,Normal Operation,Normal
2026-04-24 09:36:15,5.02,0.3,1.506,15.94,Normal Operation,Normal
2026-04-24 09:36:16,4.87,0.39,1.899,12.69,Normal Operation,Normal
2026-04-24 09:36:16,4.94,0.4,1.976,17.66,Normal Operation,Normal
2026-04-24 09:36:17,4.92,0.01,0.049,19.06,"WARNING: Possible Bypass! Voltage: 4.92 V, Current: 0.01 A",Bypass Detected
2026-04-24 09:36:18,4.92,0.11,0.541,14.84,WARNING: Unexpected Power Drop Detected!,Power Mismatch
2026-04-24 09:36:18,5.09,0.67,3.41,14.27,Normal Operation,Normal
2026-04-24 09:36:19,5.11,0.32,1.635,12.99,Normal Operation,Normal
2026-04-24 09:36:19,5.0,0.39,1.95,65.82,WARNING: Magnetic Interference Detected! Field: 65.82 G,Magnetic Tamper
2026-04-24 09:36:20,5.05,0.52,2.626,88.42,WARNING: Magnetic Interference Detected! Field: 88.42 G,Magnetic Tamper
2026-04-24 09:36:21,4.89,0.13,0.636,11.63,Normal Operation,Normal
2026-04-24 09:36:21,4.88,0.69,3.367,19.83,Normal Operation,Normal
2026-04-24 09:36:22,2.22,0.29,0.644,12.25,WARNING: Critical Voltage Drop! Voltage: 2.22 V,Voltage Tamper
2026-04-24 09:36:23,4.92,0.19,0.935,17.14,Normal Operation,Normal
2026-04-24 09:36:23,5.13,0.19,0.975,11.52,Normal Operation,Normal
2026-04-24 09:36:24,5.13,0.18,0.923,18.14,Normal Operation,Normal
2026-04-24 09:36:24,4.88,0.22,1.074,10.61,Normal Operation,Normal
2026-04-24 09:36:25,2.02,0.31,0.626,15.51,WARNING: Critical Voltage Drop! Voltage: 2.02 V,Voltage Tamper
2026-04-24 09:36:26,5.12,0.01,0.051,17.79,"WARNING: Possible Bypass! Voltage: 5.12 V, Current: 0.01 A",Bypass Detected
2026-04-24 09:36:26,4.92,0.26,1.279,16.26,Normal Operation,Normal
2026-04-24 09:36:27,4.86,0.38,1.847,17.3,Normal Operation,Normal
2026-04-24 09:36:28,4.87,0.41,1.997,94.54,WARNING: Magnetic Interference Detected! Field: 94.54 G,Magnetic Tamper
2026-04-24 09:36:28,5.07,0.68,3.448,10.34,Normal Operation,Normal
2026-04-24 09:36:29,4.87,0.66,3.214,17.66,Normal Operation,Normal
2026-04-24 09:36:30,4.88,0.29,1.415,19.24,Normal Operation,Normal
2026-04-24 09:36:30,5.12,0.66,3.379,14.25,Normal Operation,Normal
2026-04-24 09:36:31,5.02,0.31,1.556,16.28,Normal Operation,Normal
2026-04-24 09:36:31,4.95,0.47,2.326,16.03,Normal Operation,Normal
2026-04-24 09:36:32,5.19,0.21,1.09,88.39,WARNING: Magnetic Interference Detected! Field: 88.39 G,Magnetic Tamper
2026-04-24 09:36:33,4.93,0.23,1.134,15.8,Normal Operation,Normal
2026-04-24 09:36:33,5.19,3.26,16.919,10.84,WARNING: High Current Draw Detected! Current: 3.26 A,Overload Detected
2026-04-24 09:36:34,5.02,0.68,3.414,64.02,WARNING: Magnetic Interference Detected! Field: 64.02 G,Magnetic Tamper
2026-04-24 09:36:34,5.06,0.36,1.822,15.21,Normal Operation,Normal
2026-04-24 09:36:35,5.19,0.45,2.336,16.67,Normal Operation,Normal
2026-04-24 09:36:36,4.94,0.48,2.371,13.64,Normal Operation,Normal
2026-04-24 09:36:36,4.95,0.26,1.287,18.61,Normal Operation,Normal
2026-04-24 09:36:37,5.1,0.29,1.479,82.99,WARNING: Magnetic Interference Detected! Field: 82.99 G,Magnetic Tamper
2026-04-24 09:36:38,4.83,0.43,2.077,13.38,Normal Operation,Normal
2026-04-24 09:36:38,4.99,4.08,20.359,18.06,WARNING: High Current Draw Detected! Current: 4.08 A,Overload Detected
2026-04-24 09:36:39,5.04,0.65,3.276,11.96,Normal Operation,Normal
2026-04-24 09:36:39,5.15,0.56,2.884,19.12,Normal Operation,Normal
2026-04-24 09:36:40,4.91,0.63,3.093,15.85,Normal Operation,Normal
2026-04-24 09:36:41,1.88,0.12,0.226,12.33,WARNING: Critical Voltage Drop! Voltage: 1.88 V,Voltage Tamper
2026-04-24 09:36:41,2.38,0.47,1.119,16.61,WARNING: Critical Voltage Drop! Voltage: 2.38 V,Voltage Tamper
2026-04-24 09:36:42,5.07,0.29,1.47,10.62,Normal Operation,Normal
2026-04-24 09:36:43,4.88,0.3,1.464,17.95,Normal Operation,Normal
2026-04-24 09:36:43,5.09,0.23,1.171,11.75,Normal Operation,Normal
2026-04-24 09:36:44,5.14,0.49,2.519,17.61,Normal Operation,Normal
2026-04-24 09:36:44,2.23,0.52,1.16,16.84,WARNING: Critical Voltage Drop! Voltage: 2.23 V,Voltage Tamper
2026-04-24 09:36:45,4.8,0.35,1.68,14.06,Normal Operation,Normal
2026-04-24 09:36:46,5.1,0.59,3.009,10.67,Normal Operation,Normal
2026-04-24 09:36:46,5.13,0.48,2.462,10.14,Normal Operation,Normal
2026-04-24 09:36:47,5.02,0.54,2.711,10.16,Normal Operation,Normal
2026-04-24 09:36:47,5.09,0.14,0.713,13.46,Normal Operation,Normal
2026-04-24 09:36:48,4.82,0.46,2.217,13.1,Normal Operation,Normal
2026-04-24 09:36:49,5.02,0.33,1.657,11.63,Normal Operation,Normal
2026-04-24 09:36:49,4.82,0.5,2.41,18.79,Normal Operation,Normal
2026-04-24 09:36:50,4.82,0.59,2.844,16.75,Normal Operation,Normal
2026-04-24 09:36:51,4.83,0.67,3.236,12.24,Normal Operation,Normal
2026-04-24 09:36:51,5.11,0.31,1.584,17.74,Normal Operation,Normal
2026-04-24 09:36:52,4.84,0.14,0.678,11.72,WARNING: Unexpected Power Drop Detected!,Power Mismatch
2026-04-24 09:36:52,4.81,0.12,0.577,10.94,WARNING: Unexpected Power Drop Detected!,Power Mismatch
2026-04-24 09:36:53,5.07,0.44,2.231,11.87,Normal Operation,Normal
2026-04-24 09:36:54,4.97,0.12,0.596,14.1,Normal Operation,Normal
2026-04-24 09:36:54,2.51,0.18,0.452,16.74,WARNING: Critical Voltage Drop! Voltage: 2.51 V,Voltage Tamper
2026-04-24 09:36:55,5.19,0.0,0.0,12.54,"WARNING: Possible Bypass! Voltage: 5.19 V, Current: 0.00 A",Bypass Detected
2026-04-24 09:36:56,5.05,0.61,3.08,11.82,Normal Operation,Normal
2026-04-24 09:36:56,5.17,0.39,2.016,11.86,Normal Operation,Normal
2026-04-24 09:36:57,5.07,0.29,1.47,13.71,Normal Operation,Normal
2026-04-24 09:36:57,5.08,0.67,3.404,17.86,Normal Operation,Normal
2026-04-24 09:36:58,5.09,0.42,2.138,13.65,Normal Operation,Normal
2026-04-24 09:36:59,4.9,0.23,1.127,10.72,Normal Operation,Normal
2026-04-24 09:36:59,4.95,0.02,0.099,14.53,"WARNING: Possible Bypass! Voltage: 4.95 V, Current: 0.02 A",Bypass Detected
2026-04-24 09:37:00,4.96,-0.93,-4.613,17.74,WARNING: Reverse Power Flow Detected! Current: -0.93 A,Reverse Flow
2026-04-24 09:37:01,4.98,0.54,2.689,13.28,Normal Operation,Normal
2026-04-24 09:37:01,5.08,0.17,0.864,14.77,Normal Operation,Normal
2026-04-24 09:37:02,4.85,0.25,1.212,11.99,Normal Operation,Normal
2026-04-24 09:37:02,4.98,0.23,1.145,19.41,Normal Operation,Normal
2026-04-24 09:37:03,5.03,0.15,0.755,10.26,Normal Operation,Normal
2026-04-24 09:37:04,4.86,0.26,1.264,17.26,Normal Operation,Normal
2026-04-24 09:37:04,4.81,-0.74,-3.559,10.89,WARNING: Reverse Power Flow Detected! Current: -0.74 A,Reverse Flow
2026-04-24 09:37:05,4.88,0.0,0.0,14.94,"WARNING: Possible Bypass! Voltage: 4.88 V, Current: 0.00 A",Bypass Detected
2026-04-24 09:37:06,4.95,-0.85,-4.208,15.3,WARNING: Reverse Power Flow Detected! Current: -0.85 A,Reverse Flow
2026-04-24 09:37:06,5.13,0.16,0.821,14.93,Normal Operation,Normal
2026-04-24 09:37:07,4.81,0.69,3.319,11.59,Normal Operation,Normal
2026-04-24 09:37:07,5.16,0.21,1.084,16.06,Normal Operation,Normal
2026-04-24 09:37:08,4.82,0.69,3.326,15.6,Normal Operation,Normal
2026-04-24 09:37:09,5.09,0.15,0.763,85.81,WARNING: Magnetic Interference Detected! Field: 85.81 G,Magnetic Tamper
2026-04-24 09:37:09,5.16,0.61,3.148,17.11,Normal Operation,Normal
2026-04-24 09:37:10,4.81,0.7,3.367,14.18,Normal Operation,Normal
2026-04-24 09:37:10,4.94,0.5,2.47,16.51,Normal Operation,Normal
2026-04-24 09:37:11,5.17,0.53,2.74,18.06,Normal Operation,Normal
2026-04-24 09:37:12,4.95,0.66,3.267,19.43,Normal Operation,Normal
2026-04-24 09:37:12,4.88,0.54,2.635,11.72,Normal Operation,Normal
2026-04-24 09:37:13,4.84,0.5,2.42,16.39,Normal Operation,Normal
2026-04-24 09:37:14,5.13,0.4,2.052,17.23,Normal Operation,Normal
2026-04-24 09:37:14,5.06,0.37,1.872,19.44,Normal Operation,Normal
2026-04-24 09:37:15,5.14,0.41,2.107,13.38,Normal Operation,Normal
2026-04-24 09:37:15,5.03,0.3,1.509,14.11,Normal Operation,Normal
2026-04-24 09:37:16,4.91,0.01,0.049,15.0,"WARNING: Possible Bypass! Voltage: 4.91 V, Current: 0.01 A",Bypass Detected
2026-04-24 09:37:17,5.07,0.7,3.549,12.41,Normal Operation,Normal
2026-04-24 09:37:17,4.87,0.16,0.779,12.04,Normal Operation,Normal
2026-04-24 09:37:18,5.1,-0.42,-2.142,13.09,WARNING: Reverse Power Flow Detected! Current: -0.42 A,Reverse Flow
2026-04-24 09:37:18,4.82,0.47,2.265,18.13,Normal Operation,Normal
2026-04-24 09:37:19,5.02,2.72,13.654,12.64,WARNING: High Current Draw Detected! Current: 2.72 A,Overload Detected
2026-04-24 09:37:20,5.18,0.52,2.694,10.94,Normal Operation,Normal
2026-04-24 09:37:20,5.19,0.28,1.453,16.02,Normal Operation,Normal
2026-04-24 09:37:21,4.93,0.26,1.282,14.02,Normal Operation,Normal
2026-04-24 09:37:22,2.34,0.29,0.679,19.08,WARNING: Critical Voltage Drop! Voltage: 2.34 V,Voltage Tamper
2026-04-24 09:37:22,4.82,0.34,1.639,17.72,Normal Operation,Normal
2026-04-24 09:37:23,4.81,0.66,3.175,16.34,Normal Operation,Normal
2026-04-24 09:37:23,5.11,0.4,2.044,14.01,Normal Operation,Normal
2026-04-24 09:37:24,5.06,0.51,2.581,17.51,Normal Operation,Normal
2026-04-24 09:37:25,5.02,0.4,2.008,12.18,Normal Operation,Normal
2026-04-24 09:37:25,5.08,0.17,0.864,12.66,WARNING: Unexpected Power Drop Detected!,Power Mismatch
2026-04-24 09:37:26,4.97,0.0,0.0,17.38,"WARNING: Possible Bypass! Voltage: 4.97 V, Current: 0.00 A",Bypass Detected
2026-04-24 09:37:27,5.11,0.14,0.715,17.59,Normal Operation,Normal
2026-04-24 09:37:27,4.87,0.45,2.192,17.9,Normal Operation,Normal
2026-04-24 09:37:28,4.86,0.56,2.722,18.39,Normal Operation,Normal
2026-04-24 09:37:28,5.11,0.35,1.788,14.98,Normal Operation,Normal
2026-04-24 09:37:29,4.82,0.6,2.892,12.77,Normal Operation,Normal
2026-04-24 09:37:30,1.84,0.67,1.233,12.1,WARNING: Critical Voltage Drop! Voltage: 1.84 V,Voltage Tamper
2026-04-24 09:37:30,5.07,0.47,2.383,87.38,WARNING: Magnetic Interference Detected! Field: 87.38 G,Magnetic Tamper
2026-04-24 09:37:31,4.83,0.14,0.676,13.14,Normal Operation,Normal
2026-04-24 09:37:32,4.85,0.24,1.164,12.24,Normal Operation,Normal
2026-04-24 09:37:32,5.08,0.13,0.66,16.94,Normal Operation,Normal
2026-04-24 09:37:33,5.18,0.4,2.072,14.13,Normal Operation,Normal
2026-04-24 09:37:33,5.08,0.11,0.559,12.06,Normal Operation,Normal
2026-04-24 09:37:34,5.05,0.26,1.313,90.09,WARNING: Magnetic Interference Detected! Field: 90.09 G,Magnetic Tamper
2026-04-24 09:37:35,4.96,0.63,3.125,14.8,Normal Operation,Normal
2026-04-24 09:37:35,5.02,0.12,0.602,17.77,Normal Operation,Normal
2026-04-24 09:37:36,4.97,0.11,0.547,12.42,Normal Operation,Normal
2026-04-24 09:37:36,2.47,0.63,1.556,14.15,WARNING: Critical Voltage Drop! Voltage: 2.47 V,Voltage Tamper
2026-04-24 09:37:37,5.17,0.32,1.654,12.38,Normal Operation,Normal
2026-04-24 09:37:38,5.16,0.58,2.993,66.58,WARNING: Magnetic Interference Detected! Field: 66.58 G,Magnetic Tamper
2026-04-24 09:37:38,4.93,0.0,0.0,11.1,"WARNING: Possible Bypass! Voltage: 4.93 V, Current: 0.00 A",Bypass Detected
2026-04-24 09:37:39,5.12,0.24,1.229,12.37,Normal Operation,Normal
2026-04-24 09:37:40,5.07,-0.67,-3.397,13.56,WARNING: Reverse Power Flow Detected! Current: -0.67 A,Reverse Flow
2026-04-24 09:37:40,5.05,0.58,2.929,18.37,Normal Operation,Normal
2026-04-24 09:37:41,4.98,0.11,0.548,18.86,Normal Operation,Normal
2026-04-24 09:37:42,4.98,0.49,2.44,18.91,Normal Operation,Normal
2026-04-24 09:37:42,4.8,0.24,1.152,17.04,Normal Operation,Normal
2026-04-24 09:37:43,4.85,0.1,0.485,63.93,WARNING: Magnetic Interference Detected! Field: 63.93 G,Magnetic Tamper
2026-04-24 09:37:43,4.94,0.01,0.049,10.21,"WARNING: Possible Bypass! Voltage: 4.94 V, Current: 0.01 A",Bypass Detected
2026-04-24 09:37:44,5.17,0.52,2.688,11.28,Normal Operation,Normal
2026-04-24 09:37:45,5.06,0.21,1.063,14.11,Normal Operation,Normal
2026-04-24 09:37:45,5.06,0.31,1.569,97.33,WARNING: Magnetic Interference Detected! Field: 97.33 G,Magnetic Tamper
2026-04-24 09:37:46,2.6,0.59,1.534,14.05,WARNING: Critical Voltage Drop! Voltage: 2.60 V,Voltage Tamper
2026-04-24 09:37:47,5.11,0.13,0.664,19.66,Normal Operation,Normal
2026-04-24 09:37:47,4.89,0.16,0.782,19.22,Normal Operation,Normal
2026-04-24 09:37:48,4.94,0.14,0.692,12.05,Normal Operation,Normal
2026-04-24 09:37:49,2.09,0.37,0.773,16.06,WARNING: Critical Voltage Drop! Voltage: 2.09 V,Voltage Tamper
2026-04-24 09:37:49,1.97,0.11,0.217,19.69,WARNING: Critical Voltage Drop! Voltage: 1.97 V,Voltage Tamper
2026-04-24 09:37:50,4.84,0.16,0.774,12.67,Normal Operation,Normal
2026-04-24 09:37:50,5.08,0.59,2.997,15.49,Normal Operation,Normal
2026-04-24 09:37:51,5.11,0.24,1.226,15.79,Normal Operation,Normal
2026-04-24 09:37:52,4.8,0.36,1.728,15.67,Normal Operation,Normal
2026-04-24 09:37:52,4.83,3.41,16.47,14.82,WARNING: High Current Draw Detected! Current: 3.41 A,Overload Detected
2026-04-24 09:37:53,4.93,0.23,1.134,14.67,Normal Operation,Normal
2026-04-24 09:37:54,4.86,0.38,1.847,17.05,Normal Operation,Normal
2026-04-24 09:37:54,5.07,0.26,1.318,17.56,Normal Operation,Normal
2026-04-24 09:37:55,5.13,0.15,0.769,11.55,WARNING: Unexpected Power Drop Detected!,Power Mismatch
2026-04-24 09:37:56,5.15,0.29,1.494,13.94,Normal Operation,Normal
2026-04-24 09:37:56,5.13,0.52,2.668,16.13,Normal Operation,Normal
2026-04-24 09:37:57,4.89,0.43,2.103,16.25,Normal Operation,Normal
2026-04-24 09:37:57,4.93,0.43,2.12,16.25,Normal Operation,Normal
2026-04-24 09:37:58,2.3,0.14,0.322,15.92,WARNING: Critical Voltage Drop! Voltage: 2.30 V,Voltage Tamper
2026-04-24 09:37:59,4.87,0.67,3.263,11.26,Normal Operation,Normal
2026-04-24 09:37:59,4.98,0.24,1.195,14.23,Normal Operation,Normal
2026-04-24 09:38:00,1.82,0.12,0.218,14.97,WARNING: Critical Voltage Drop! Voltage: 1.82 V,Voltage Tamper
2026-04-24 09:38:00,4.87,0.59,2.873,10.5,Normal Operation,Normal
2026-04-24 09:38:01,4.85,0.21,1.018,18.35,Normal Operation,Normal
2026-04-24 09:38:02,4.81,0.63,3.03,19.62,Normal Operation,Normal
2026-04-24 09:38:02,4.96,0.46,2.282,19.59,Normal Operation,Normal
2026-04-24 09:38:03,4.88,0.46,2.245,13.6,Normal Operation,Normal
2026-04-24 09:38:04,5.02,0.52,2.61,14.16,Normal Operation,Normal
2026-04-24 09:38:04,5.15,0.39,2.009,17.58,Normal Operation,Normal
2026-04-24 09:38:05,5.18,0.52,2.694,16.59,Normal Operation,Normal
2026-04-24 09:38:06,4.9,0.53,2.597,10.79,Normal Operation,Normal
2026-04-24 09:38:06,5.01,0.17,0.852,13.81,Normal Operation,Normal
2026-04-24 09:38:07,4.86,0.69,3.353,18.96,Normal Operation,Normal
2026-04-24 09:38:08,4.84,0.36,1.742,14.29,Normal Operation,Normal
2026-04-24 09:38:08,5.09,0.63,3.207,16.65,Normal Operation,Normal
2026-04-24 09:38:09,4.83,0.59,2.85,17.45,Normal Operation,Normal
2026-04-24 09:38:10,5.03,0.17,0.855,18.8,Normal Operation,Normal
2026-04-24 09:38:10,5.1,0.45,2.295,16.04,Normal Operation,Normal
2026-04-24 09:38:11,4.98,-0.34,-1.693,15.99,WARNING: Reverse Power Flow Detected! Current: -0.34 A,Reverse Flow
2026-04-24 09:38:11,4.9,0.45,2.205,19.39,Normal Operation,Normal
2026-04-24 09:38:12,5.13,0.2,1.026,13.09,Normal Operation,Normal
2026-04-24 09:38:13,4.9,0.6,2.94,10.29,Normal Operation,Normal
2026-04-24 09:38:13,5.06,0.43,2.176,14.51,Normal Operation,Normal
2026-04-24 09:38:14,4.85,0.26,1.261,12.36,Normal Operation,Normal
2026-04-24 09:38:15,5.12,0.54,2.765,15.56,Normal Operation,Normal
2026-04-24 09:38:15,2.42,0.22,0.532,17.13,WARNING: Critical Voltage Drop! Voltage: 2.42 V,Voltage Tamper
2026-04-24 09:38:16,4.93,0.65,3.204,13.59,Normal Operation,Normal
2026-04-24 09:38:16,5.06,0.35,1.771,15.15,Normal Operation,Normal
2026-04-24 09:38:17,5.04,0.44,2.218,11.24,Normal Operation,Normal
2026-04-24 09:38:18,1.86,0.45,0.837,15.26,WARNING: Critical Voltage Drop! Voltage: 1.86 V,Voltage Tamper
2026-04-24 09:38:18,4.89,0.57,2.787,11.06,Normal Operation,Normal
2026-04-24 09:38:19,5.01,0.35,1.753,15.79,Normal Operation,Normal
2026-04-24 09:38:20,5.18,0.56,2.901,13.63,Normal Operation,Normal
2026-04-24 09:38:20,5.17,0.51,2.637,16.32,Normal Operation,Normal
2026-04-24 09:38:21,5.01,0.29,1.453,92.89,WARNING: Magnetic Interference Detected! Field: 92.89 G,Magnetic Tamper
2026-04-24 09:38:22,5.16,0.33,1.703,15.39,Normal Operation,Normal
2026-04-24 09:38:22,5.14,0.01,0.051,19.32,"WARNING: Possible Bypass! Voltage: 5.14 V, Current: 0.01 A",Bypass Detected
2026-04-24 09:38:23,4.86,-0.8,-3.888,13.49,WARNING: Reverse Power Flow Detected! Current: -0.80 A,Reverse Flow
2026-04-24 09:38:23,5.19,2.66,13.805,17.5,WARNING: High Current Draw Detected! Current: 2.66 A,Overload Detected
2026-04-24 09:38:24,5.1,0.28,1.428,19.24,Normal Operation,Normal
2026-04-24 09:38:25,4.89,0.35,1.711,18.93,Normal Operation,Normal
2026-04-24 09:38:25,5.18,0.34,1.761,90.59,WARNING: Magnetic Interference Detected! Field: 90.59 G,Magnetic Tamper
2026-04-24 09:38:26,5.03,0.5,2.515,10.76,Normal Operation,Normal
2026-04-24 09:38:27,4.82,0.3,1.446,11.84,Normal Operation,Normal
2026-04-24 09:38:27,5.14,0.27,1.388,19.73,Normal Operation,Normal
2026-04-24 09:38:28,4.86,0.66,3.208,18.46,Normal Operation,Normal
2026-04-24 09:38:29,4.82,0.22,1.06,15.95,Normal Operation,Normal
2026-04-24 09:38:29,4.85,0.64,3.104,18.38,Normal Operation,Normal
2026-04-24 09:38:30,4.88,0.19,0.927,12.04,WARNING: Unexpected Power Drop Detected!,Power Mismatch
2026-04-24 09:38:30,4.83,-0.68,-3.284,10.59,WARNING: Reverse Power Flow Detected! Current: -0.68 A,Reverse Flow
2026-04-24 09:38:31,4.97,3.52,17.494,15.23,WARNING: High Current Draw Detected! Current: 3.52 A,Overload Detected
2026-04-24 09:38:32,5.12,0.59,3.021,10.03,Normal Operation,Normal
2026-04-24 09:38:32,5.16,0.22,1.135,15.78,Normal Operation,Normal
2026-04-24 09:38:33,5.05,0.63,3.181,15.09,Normal Operation,Normal
2026-04-24 09:38:34,1.8,0.55,0.99,19.86,WARNING: Critical Voltage Drop! Voltage: 1.80 V,Voltage Tamper
2026-04-24 09:38:34,4.98,0.57,2.839,19.53,Normal Operation,Normal
2026-04-24 09:38:35,5.15,0.34,1.751,11.97,Normal Operation,Normal
2026-04-24 09:38:35,4.85,0.29,1.406,12.97,Normal Operation,Normal
2026-04-24 09:38:36,5.09,0.38,1.934,18.11,Normal Operation,Normal
2026-04-24 09:38:37,4.87,-0.2,-0.974,11.45,WARNING: Reverse Power Flow Detected! Current: -0.20 A,Reverse Flow
2026-04-24 09:38:37,5.07,0.48,2.434,11.38,Normal Operation,Normal
2026-04-24 09:38:38,5.14,0.27,1.388,14.51,Normal Operation,Normal
2026-04-24 09:38:38,5.06,0.56,2.834,15.96,Normal Operation,Normal
2026-04-24 09:38:39,4.81,0.29,1.395,13.39,Normal Operation,Normal
2026-04-24 09:38:40,4.94,0.32,1.581,18.86,Normal Operation,Normal
2026-04-24 09:38:40,4.93,0.55,2.712,16.85,Normal Operation,Normal
2026-04-24 09:38:41,4.82,0.39,1.88,16.86,Normal Operation,Normal
2026-04-24 09:38:42,4.82,0.14,0.675,19.09,Normal Operation,Normal
2026-04-24 09:38:42,5.06,0.3,1.518,19.91,Normal Operation,Normal
2026-04-24 09:38:43,5.02,0.51,2.56,11.26,Normal Operation,Normal
2026-04-24 09:38:44,2.38,0.45,1.071,15.16,WARNING: Critical Voltage Drop! Voltage: 2.38 V,Voltage Tamper
2026-04-24 09:38:44,4.94,0.18,0.889,10.24,Normal Operation,Normal
2026-04-24 09:38:45,5.13,0.0,0.0,18.76,"WARNING: Possible Bypass! Voltage: 5.13 V, Current: 0.00 A",Bypass Detected
2026-04-24 09:38:45,5.02,0.41,2.058,19.49,Normal Operation,Normal
2026-04-24 09:38:46,4.91,0.34,1.669,19.78,Normal Operation,Normal
2026-04-24 09:38:47,5.15,0.3,1.545,13.59,Normal Operation,Normal
2026-04-24 09:38:47,5.14,0.67,3.444,14.78,Normal Operation,Normal
2026-04-24 09:38:48,4.9,0.51,2.499,18.09,Normal Operation,Normal
2026-04-24 09:38:49,4.9,0.35,1.715,10.24,Normal Operation,Normal
2026-04-24 09:38:49,5.07,4.18,21.193,17.96,WARNING: High Current Draw Detected! Current: 4.18 A,Overload Detected
2026-04-24 09:38:50,4.88,0.28,1.366,10.88,Normal Operation,Normal
2026-04-24 09:38:50,5.15,0.39,2.009,19.71,Normal Operation,Normal
2026-04-24 09:38:51,4.98,0.2,0.996,11.63,WARNING: Unexpected Power Drop Detected!,Power Mismatch
2026-04-24 09:38:52,4.91,0.67,3.29,13.41,Normal Operation,Normal
2026-04-24 09:38:52,5.09,0.11,0.56,14.98,WARNING: Unexpected Power Drop Detected!,Power Mismatch
2026-04-24 09:38:53,5.17,0.01,0.052,18.01,"WARNING: Possible Bypass! Voltage: 5.17 V, Current: 0.01 A",Bypass Detected
2026-04-24 09:38:54,5.12,0.02,0.102,10.2,"WARNING: Possible Bypass! Voltage: 5.12 V, Current: 0.02 A",Bypass Detected
2026-04-24 09:38:54,4.91,0.24,1.178,18.31,Normal Operation,Normal
2026-04-24 09:38:55,4.87,0.26,1.266,14.15,Normal Operation,Normal
2026-04-24 09:38:55,5.17,0.14,0.724,11.36,WARNING: Unexpected Power Drop Detected!,Power Mismatch
2026-04-24 09:38:56,5.16,0.61,3.148,13.56,Normal Operation,Normal
2026-04-24 09:38:57,5.08,0.63,3.2,18.45,Normal Operation,Normal
2026-04-24 09:38:57,5.12,3.03,15.514,15.99,WARNING: High Current Draw Detected! Current: 3.03 A,Overload Detected
2026-04-24 09:38:58,4.96,-0.57,-2.827,17.86,WARNING: Reverse Power Flow Detected! Current: -0.57 A,Reverse Flow
2026-04-24 09:38:59,5.03,0.54,2.716,12.85,Normal Operation,Normal
2026-04-24 09:38:59,5.08,0.38,1.93,15.97,Normal Operation,Normal
2026-04-24 09:39:00,5.13,0.66,3.386,12.32,Normal Operation,Normal
2026-04-24 09:39:00,5.16,0.23,1.187,11.6,Normal Operation,Normal
2026-04-24 09:39:01,4.85,0.02,0.097,16.68,"WARNING: Possible Bypass! Voltage: 4.85 V, Current: 0.02 A",Bypass Detected
2026-04-24 09:39:02,5.01,0.38,1.904,11.55,Normal Operation,Normal
2026-04-24 09:39:02,5.15,0.13,0.67,15.39,WARNING: Unexpected Power Drop Detected!,Power Mismatch
2026-04-24 09:39:03,5.03,0.48,2.414,14.81,Normal Operation,Normal
2026-04-24 09:39:04,5.04,0.37,1.865,18.69,Normal Operation,Normal
2026-04-24 09:39:04,4.96,0.45,2.232,14.52,Normal Operation,Normal
2026-04-24 09:39:05,5.07,0.62,3.143,16.08,Normal Operation,Normal
2026-04-24 09:39:06,4.84,0.63,3.049,18.44,Normal Operation,Normal
2026-04-24 09:39:06,4.81,-0.63,-3.03,19.13,WARNING: Reverse Power Flow Detected! Current: -0.63 A,Reverse Flow
2026-04-24 09:39:07,4.98,0.55,2.739,17.69,Normal Operation,Normal
2026-04-24 09:39:07,5.12,0.37,1.894,12.1,Normal Operation,Normal
2026-04-24 09:39:08,5.05,0.28,1.414,14.12,Normal Operation,Normal
2026-04-24 09:39:09,4.93,0.64,3.155,16.73,Normal Operation,Normal
2026-04-24 09:39:09,5.17,0.24,1.241,19.78,Normal Operation,Normal
2026-04-24 09:39:10,5.18,0.34,1.761,10.05,Normal Operation,Normal
2026-04-24 09:39:11,4.96,0.58,2.877,15.59,Normal Operation,Normal
2026-04-24 09:39:11,4.96,0.58,2.877,19.86,Normal Operation,Normal
2026-04-24 09:39:12,5.02,0.01,0.05,17.0,"WARNING: Possible Bypass! Voltage: 5.02 V, Current: 0.01 A",Bypass Detected
2026-04-24 09:39:13,4.96,0.31,1.538,10.11,Normal Operation,Normal
2026-04-24 09:39:13,4.81,0.59,2.838,14.88,Normal Operation,Normal
2026-04-24 09:39:14,4.8,0.11,0.528,14.77,WARNING: Unexpected Power Drop Detected!,Power Mismatch
2026-04-24 09:39:14,4.9,0.2,0.98,18.37,Normal Operation,Normal
2026-04-24 09:39:15,5.16,0.6,3.096,19.51,Normal Operation,Normal
2026-04-24 09:39:16,5.16,0.48,2.477,11.92,Normal Operation,Normal
2026-04-24 09:39:16,5.0,0.38,1.9,15.39,Normal Operation,Normal
2026-04-24 09:39:17,5.03,0.53,2.666,10.56,Normal Operation,Normal
2026-04-24 09:39:18,5.0,0.25,1.25,19.79,Normal Operation,Normal
2026-04-24 09:39:18,4.93,0.42,2.071,14.97,Normal Operation,Normal
2026-04-24 09:39:19,5.09,0.15,0.763,19.8,Normal Operation,Normal
2026-04-24 09:39:20,4.86,0.48,2.333,13.91,Normal Operation,Normal
2026-04-24 09:39:20,4.95,0.33,1.634,10.25,Normal Operation,Normal
2026-04-24 09:39:21,5.04,0.51,2.57,13.98,Normal Operation,Normal
2026-04-24 09:39:21,4.82,0.32,1.542,19.97,Normal Operation,Normal
2026-04-24 09:39:22,5.04,0.56,2.822,10.51,Normal Operation,Normal
2026-04-24 09:39:23,5.02,0.36,1.807,90.11,WARNING: Magnetic Interference Detected! Field: 90.11 G,Magnetic Tamper
2026-04-24 09:39:23,5.16,0.14,0.722,10.07,Normal Operation,Normal
2026-04-24 09:39:24,4.86,2.87,13.948,10.2,WARNING: High Current Draw Detected! Current: 2.87 A,Overload Detected
2026-04-24 09:39:24,5.18,0.63,3.263,15.02,Normal Operation,Normal
2026-04-24 09:39:25,4.89,0.6,2.934,10.41,Normal Operation,Normal
2026-04-24 09:39:26,4.81,4.21,20.25,17.89,WARNING: High Current Draw Detected! Current: 4.21 A,Overload Detected
2026-04-24 09:39:26,5.2,0.4,2.08,16.97,Normal Operation,Normal
2026-04-24 09:39:27,5.19,0.34,1.765,13.65,Normal Operation,Normal
2026-04-24 09:39:28,4.89,0.67,3.276,16.37,Normal Operation,Normal
2026-04-24 09:39:28,5.14,0.13,0.668,12.43,WARNING: Unexpected Power Drop Detected!,Power Mismatch
2026-04-24 09:39:29,4.91,0.42,2.062,12.71,Normal Operation,Normal
2026-04-24 09:39:29,5.01,0.24,1.202,15.5,WARNING: Unexpected Power Drop Detected!,Power Mismatch
2026-04-24 09:39:30,4.86,0.48,2.333,19.31,Normal Operation,Normal
2026-04-24 09:39:30,4.9,0.43,2.107,12.14,Normal Operation,Normal
2026-04-24 09:39:31,2.55,0.35,0.892,13.26,WARNING: Critical Voltage Drop! Voltage: 2.55 V,Voltage Tamper
2026-04-24 09:39:31,5.17,0.66,3.412,12.08,Normal Operation,Normal
2026-04-24 09:39:32,5.02,0.54,2.711,11.96,Normal Operation,Normal
2026-04-24 09:39:32,5.11,0.6,3.066,12.94,Normal Operation,Normal
2026-04-24 09:39:33,4.93,-0.47,-2.317,12.56,WARNING: Reverse Power Flow Detected! Current: -0.47 A,Reverse Flow
2026-04-24 09:39:34,4.83,0.23,1.111,16.48,Normal Operation,Normal
2026-04-24 09:39:34,4.99,0.5,2.495,17.88,Normal Operation,Normal
2026-04-24 09:39:35,5.04,0.45,2.268,11.78,Normal Operation,Normal
2026-04-24 09:39:36,4.87,0.69,3.36,15.08,Normal Operation,Normal
2026-04-24 09:39:36,4.98,0.4,1.992,18.98,Normal Operation,Normal
2026-04-24 09:39:37,5.06,0.53,2.682,16.47,Normal Operation,Normal
2026-04-24 09:39:37,4.86,0.69,3.353,14.78,Normal Operation,Normal
2026-04-24 09:39:38,5.18,0.68,3.522,14.41,Normal Operation,Normal
2026-04-24 09:39:39,5.11,0.17,0.869,97.52,WARNING: Magnetic Interference Detected! Field: 97.52 G,Magnetic Tamper
2026-04-24 09:39:39,4.94,0.44,2.174,12.95,Normal Operation,Normal
2026-04-24 09:39:40,5.14,0.37,1.902,19.63,Normal Operation,Normal
2026-04-24 09:39:41,4.99,0.4,1.996,14.61,Normal Operation,Normal
2026-04-24 09:39:41,4.91,0.14,0.687,12.51,WARNING: Unexpected Power Drop Detected!,Power Mismatch
2026-04-24 09:39:42,5.12,0.6,3.072,17.46,Normal Operation,Normal
2026-04-24 09:42:09,4.84,0.01,0.048,18.79,"WARNING: Possible Bypass! Voltage: 4.84 V, Current: 0.01 A",Bypass Detected
2026-04-24 09:42:10,5.04,0.44,2.218,85.54,WARNING: Magnetic Interference Detected! Field: 85.54 G,Magnetic Tamper
2026-04-24 09:42:11,5.0,0.01,0.05,19.37,"WARNING: Possible Bypass! Voltage: 5.00 V, Current: 0.01 A",Bypass Detected
2026-04-24 09:42:11,5.12,0.33,1.69,13.74,Normal Operation,Normal
2026-04-24 09:42:12,4.8,0.28,1.344,15.31,Normal Operation,Normal
2026-04-24 09:42:12,5.06,0.01,0.051,14.21,"WARNING: Possible Bypass! Voltage: 5.06 V, Current: 0.01 A",Bypass Detected
2026-04-24 09:42:13,4.99,0.3,1.497,15.56,Normal Operation,Normal
2026-04-24 09:42:14,4.89,0.02,0.098,18.47,"WARNING: Possible Bypass! Voltage: 4.89 V, Current: 0.02 A",Bypass Detected
2026-04-24 09:42:14,5.01,0.02,0.1,13.26,"WARNING: Possible Bypass! Voltage: 5.01 V, Current: 0.02 A",Bypass Detected
2026-04-24 09:42:15,4.86,0.17,0.826,10.29,Normal Operation,Normal
2026-04-24 09:42:16,5.04,0.12,0.605,12.27,Normal Operation,Normal
2026-04-24 09:42:16,5.09,0.31,1.578,11.26,Normal Operation,Normal
2026-04-24 09:42:17,4.99,0.2,0.998,11.98,Normal Operation,Normal
2026-04-24 09:42:17,4.93,0.37,1.824,74.04,WARNING: Magnetic Interference Detected! Field: 74.04 G,Magnetic Tamper
2026-04-24 09:42:18,4.8,-0.69,-3.312,13.6,WARNING: Reverse Power Flow Detected! Current: -0.69 A,Reverse Flow
2026-04-24 09:42:19,5.05,0.63,3.181,13.15,Normal Operation,Normal
2026-04-24 09:42:19,5.06,0.14,0.708,11.11,Normal Operation,Normal
2026-04-24 09:42:20,4.92,0.11,0.541,12.22,Normal Operation,Normal
2026-04-24 09:46:54,4.9,0.18,0.882,18.87,Normal Operation,Normal
2026-04-24 09:46:55,5.03,0.66,3.32,18.8,Normal Operation,Normal
2026-04-24 09:46:55,4.94,0.29,1.433,14.93,Normal Operation,Normal
2026-04-24 09:46:56,5.05,-0.52,-2.626,10.12,WARNING: Reverse Power Flow Detected! Current: -0.52 A,Reverse Flow
2026-04-24 09:46:57,4.99,0.45,2.246,15.89,Normal Operation,Normal
2026-04-24 09:46:57,5.08,0.22,1.118,13.58,Normal Operation,Normal
2026-04-24 09:46:58,5.06,0.63,3.188,11.55,Normal Operation,Normal
2026-04-24 09:46:58,4.94,0.19,0.939,10.31,Normal Operation,Normal
2026-04-24 09:46:59,5.14,0.36,1.85,19.5,Normal Operation,Normal
2026-04-24 09:47:00,4.97,0.63,3.131,14.19,Normal Operation,Normal
2026-04-24 09:47:00,5.17,0.12,0.62,17.46,Normal Operation,Normal
2026-04-24 09:47:01,5.19,0.15,0.779,16.31,Normal Operation,Normal
2026-04-24 09:47:01,5.0,0.19,0.95,80.95,WARNING: Magnetic Interference Detected! Field: 80.95 G,Magnetic Tamper
2026-04-24 09:47:02,4.87,0.56,2.727,19.84,Normal Operation,Normal
2026-04-24 09:47:03,5.01,0.13,0.651,14.33,Normal Operation,Normal
2026-04-24 09:58:11,2.84,0.96,2.726,18.63,Normal Operation,Normal
2026-04-24 09:58:11,2.7,0.94,2.538,19.32,Normal Operation,Normal
2026-04-24 09:58:12,2.86,1.09,3.117,11.19,Normal Operation,Normal
2026-04-24 09:58:12,2.8,0.8,2.24,17.2,WARNING: Unexpected Current Drop! Current: 0.80 A,Current Anomaly
2026-04-24 09:58:13,2.29,1.02,2.336,11.51,CRITICAL: Voltage Tamper Detected! Voltage: 2.29 V,Voltage Tamper
2026-04-24 09:58:14,2.87,0.98,2.813,14.42,Normal Operation,Normal
2026-04-24 09:58:14,2.84,1.04,2.954,15.24,Normal Operation,Normal
2026-04-24 09:58:15,2.71,1.03,2.791,17.2,Normal Operation,Normal
2026-04-24 09:58:15,2.79,1.09,3.041,16.11,Normal Operation,Normal
2026-04-24 09:58:16,2.86,0.93,2.66,14.21,Normal Operation,Normal
2026-04-24 09:58:17,2.78,1.06,2.947,11.22,Normal Operation,Normal
2026-04-24 09:58:17,2.76,3.85,10.626,15.34,WARNING: High Current Draw Detected! Current: 3.85 A,Overload Detected
2026-04-24 09:58:18,2.77,0.93,2.576,11.89,Normal Operation,Normal
2026-04-24 09:58:18,2.83,1.05,2.972,72.67,WARNING: Magnetic Interference Detected! Field: 72.67 G,Magnetic Tamper
2026-04-24 09:58:19,2.77,0.96,2.659,96.65,WARNING: Magnetic Interference Detected! Field: 96.65 G,Magnetic Tamper
2026-04-24 09:58:20,2.27,0.96,2.179,14.61,CRITICAL: Voltage Tamper Detected! Voltage: 2.27 V,Voltage Tamper
2026-04-24 09:58:20,2.81,-0.57,-1.602,10.51,WARNING: Reverse Power Flow Detected! Current: -0.57 A,Reverse Flow
2026-04-24 09:58:21,2.78,0.9,2.502,17.32,Normal Operation,Normal
2026-04-24 09:58:22,2.76,1.04,2.87,15.91,Normal Operation,Normal
2026-04-24 09:58:22,2.82,-1.0,-2.82,18.2,WARNING: Reverse Power Flow Detected! Current: -1.00 A,Reverse Flow
2026-04-24 09:58:23,2.7,0.97,2.619,17.73,Normal Operation,Normal
2026-04-24 09:58:23,2.9,0.98,2.842,17.31,Normal Operation,Normal
2026-04-24 09:58:24,2.75,-0.54,-1.485,18.54,WARNING: Reverse Power Flow Detected! Current: -0.54 A,Reverse Flow
2026-04-24 09:58:25,2.87,0.76,2.181,12.32,WARNING: Unexpected Current Drop! Current: 0.76 A,Current Anomaly
2026-04-24 09:58:25,2.83,0.95,2.688,14.76,Normal Operation,Normal
2026-04-24 09:58:26,2.79,0.92,2.567,12.16,Normal Operation,Normal
2026-04-24 09:58:26,2.73,0.92,2.512,11.7,Normal Operation,Normal
2026-04-24 09:58:27,2.71,-0.9,-2.439,18.29,WARNING: Reverse Power Flow Detected! Current: -0.90 A,Reverse Flow
2026-04-24 09:58:28,2.71,1.02,2.764,17.84,Normal Operation,Normal
2026-04-24 09:58:28,2.87,0.97,2.784,16.9,Normal Operation,Normal
2026-04-24 09:58:29,2.77,0.93,2.576,70.94,WARNING: Magnetic Interference Detected! Field: 70.94 G,Magnetic Tamper
2026-04-24 09:58:29,2.73,-0.39,-1.065,17.76,WARNING: Reverse Power Flow Detected! Current: -0.39 A,Reverse Flow
2026-04-24 09:58:30,2.77,0.71,1.967,11.68,WARNING: Unexpected Current Drop! Current: 0.71 A,Current Anomaly
2026-04-24 09:58:31,2.87,1.03,2.956,18.14,Normal Operation,Normal
2026-04-24 09:58:31,2.8,0.93,2.604,11.17,Normal Operation,Normal
2026-04-24 09:58:32,2.82,3.06,8.629,16.76,WARNING: High Current Draw Detected! Current: 3.06 A,Overload Detected
2026-04-24 09:58:33,2.78,1.04,2.891,14.82,Normal Operation,Normal
2026-04-24 09:58:33,2.8,1.05,2.94,18.74,Normal Operation,Normal
2026-04-24 09:58:34,2.83,0.95,2.688,10.63,Normal Operation,Normal
2026-04-24 09:58:34,2.82,-0.98,-2.764,17.78,WARNING: Reverse Power Flow Detected! Current: -0.98 A,Reverse Flow
2026-04-24 09:58:35,2.81,1.1,3.091,16.07,Normal Operation,Normal
2026-04-24 09:58:36,2.86,-0.95,-2.717,14.0,WARNING: Reverse Power Flow Detected! Current: -0.95 A,Reverse Flow
2026-04-24 09:58:36,2.9,2.77,8.033,19.43,WARNING: High Current Draw Detected! Current: 2.77 A,Overload Detected
2026-04-24 09:58:37,2.71,0.98,2.656,16.29,Normal Operation,Normal
2026-04-24 09:58:37,2.89,0.91,2.63,14.63,Normal Operation,Normal
2026-04-24 09:58:38,2.73,2.78,7.589,17.24,WARNING: High Current Draw Detected! Current: 2.78 A,Overload Detected
2026-04-24 09:58:39,2.77,0.97,2.687,14.71,Normal Operation,Normal
2026-04-24 09:58:39,2.73,0.98,2.675,12.33,Normal Operation,Normal
2026-04-24 09:58:40,2.72,0.93,2.53,12.4,Normal Operation,Normal
2026-04-24 09:58:40,2.83,1.08,3.056,14.22,Normal Operation,Normal
2026-04-24 09:58:41,2.71,3.92,10.623,18.61,WARNING: High Current Draw Detected! Current: 3.92 A,Overload Detected
2026-04-24 09:58:42,2.8,0.9,2.52,19.06,Normal Operation,Normal
2026-04-24 09:58:42,2.75,0.98,2.695,94.76,WARNING: Magnetic Interference Detected! Field: 94.76 G,Magnetic Tamper
2026-04-24 09:58:43,2.85,0.9,2.565,82.04,WARNING: Magnetic Interference Detected! Field: 82.04 G,Magnetic Tamper
2026-04-24 09:58:44,2.81,1.06,2.979,12.84,Normal Operation,Normal
2026-04-24 09:58:44,2.9,2.79,8.091,16.21,WARNING: High Current Draw Detected! Current: 2.79 A,Overload Detected
2026-04-24 09:58:45,2.9,4.17,12.093,19.16,WARNING: High Current Draw Detected! Current: 4.17 A,Overload Detected
2026-04-24 09:58:45,2.75,-0.33,-0.908,14.92,WARNING: Reverse Power Flow Detected! Current: -0.33 A,Reverse Flow
2026-04-24 09:58:46,2.03,1.08,2.192,14.4,CRITICAL: Voltage Tamper Detected! Voltage: 2.03 V,Voltage Tamper
2026-04-24 09:58:47,2.72,0.96,2.611,16.95,Normal Operation,Normal
2026-04-24 09:58:47,2.82,1.06,2.989,18.43,Normal Operation,Normal
2026-04-24 09:58:48,2.05,0.93,1.906,16.7,CRITICAL: Voltage Tamper Detected! Voltage: 2.05 V,Voltage Tamper
2026-04-24 09:58:49,2.88,0.97,2.794,16.6,Normal Operation,Normal
2026-04-24 09:58:49,2.74,-0.7,-1.918,16.71,WARNING: Reverse Power Flow Detected! Current: -0.70 A,Reverse Flow
2026-04-24 09:58:50,2.85,1.09,3.107,11.21,Normal Operation,Normal
2026-04-24 09:58:50,2.81,1.05,2.951,16.53,Normal Operation,Normal
2026-04-24 09:58:51,2.7,1.04,2.808,16.68,Normal Operation,Normal
2026-04-24 09:58:52,2.89,0.68,1.965,10.37,WARNING: Unexpected Current Drop! Current: 0.68 A,Current Anomaly
2026-04-24 09:58:52,2.8,1.06,2.968,11.4,Normal Operation,Normal
2026-04-24 09:58:53,2.82,0.79,2.228,14.07,WARNING: Unexpected Current Drop! Current: 0.79 A,Current Anomaly
2026-04-24 09:58:54,2.83,1.02,2.887,11.22,Normal Operation,Normal
2026-04-24 09:58:54,2.73,0.97,2.648,16.54,Normal Operation,Normal
2026-04-24 09:58:55,2.85,0.98,2.793,18.49,Normal Operation,Normal
2026-04-24 09:58:55,2.76,1.06,2.926,16.43,Normal Operation,Normal
2026-04-24 09:58:56,2.86,0.96,2.746,10.52,Normal Operation,Normal
2026-04-24 09:58:57,2.7,1.08,2.916,18.21,Normal Operation,Normal
2026-04-24 09:58:57,2.74,0.99,2.713,19.49,Normal Operation,Normal
2026-04-24 09:58:58,2.73,0.96,2.621,18.44,Normal Operation,Normal
2026-04-24 09:58:58,2.76,4.69,12.944,13.33,WARNING: High Current Draw Detected! Current: 4.69 A,Overload Detected
2026-04-24 09:58:59,2.9,0.98,2.842,15.38,Normal Operation,Normal
2026-04-24 09:59:00,2.79,0.92,2.567,11.69,Normal Operation,Normal
2026-04-24 09:59:00,2.87,0.93,2.669,15.86,Normal Operation,Normal
2026-04-24 09:59:01,1.94,1.05,2.037,15.26,CRITICAL: Voltage Tamper Detected! Voltage: 1.94 V,Voltage Tamper
2026-04-24 09:59:01,2.79,0.95,2.651,14.1,Normal Operation,Normal
2026-04-24 09:59:02,2.78,1.02,2.836,16.7,Normal Operation,Normal
2026-04-24 09:59:03,2.84,1.03,2.925,14.29,Normal Operation,Normal
2026-04-24 09:59:03,2.83,0.95,2.688,14.04,Normal Operation,Normal
2026-04-24 09:59:04,2.78,0.96,2.669,15.51,Normal Operation,Normal
2026-04-24 09:59:05,2.84,0.97,2.755,18.38,Normal Operation,Normal
2026-04-24 09:59:05,2.85,0.99,2.821,92.02,WARNING: Magnetic Interference Detected! Field: 92.02 G,Magnetic Tamper
2026-04-24 09:59:06,2.86,1.08,3.089,19.9,Normal Operation,Normal
2026-04-24 09:59:06,2.75,0.94,2.585,19.91,Normal Operation,Normal
2026-04-24 09:59:07,2.77,1.05,2.909,16.68,Normal Operation,Normal
2026-04-24 09:59:08,2.82,0.9,2.538,10.55,Normal Operation,Normal
2026-04-24 09:59:08,2.83,1.0,2.83,10.33,Normal Operation,Normal
2026-04-24 09:59:09,2.85,1.03,2.936,17.09,Normal Operation,Normal
2026-04-24 09:59:09,2.83,0.91,2.575,16.49,Normal Operation,Normal
2026-04-24 09:59:10,2.84,0.97,2.755,18.84,Normal Operation,Normal
2026-04-24 09:59:11,2.72,0.94,2.557,13.73,Normal Operation,Normal
2026-04-24 09:59:11,2.83,0.95,2.688,18.49,Normal Operation,Normal
2026-04-24 09:59:12,2.81,1.01,2.838,13.82,Normal Operation,Normal
2026-04-24 09:59:13,2.71,1.0,2.71,10.48,Normal Operation,Normal
2026-04-24 09:59:13,2.79,1.05,2.929,13.4,Normal Operation,Normal
2026-04-24 09:59:14,2.19,1.08,2.365,14.88,CRITICAL: Voltage Tamper Detected! Voltage: 2.19 V,Voltage Tamper
2026-04-24 09:59:14,2.82,0.98,2.764,14.3,Normal Operation,Normal
2026-04-24 09:59:15,2.78,1.01,2.808,16.51,Normal Operation,Normal
2026-04-24 09:59:16,2.81,-0.7,-1.967,14.67,WARNING: Reverse Power Flow Detected! Current: -0.70 A,Reverse Flow
2026-04-24 09:59:16,2.78,1.0,2.78,19.12,Normal Operation,Normal
2026-04-24 09:59:17,1.87,0.98,1.833,14.73,CRITICAL: Voltage Tamper Detected! Voltage: 1.87 V,Voltage Tamper
2026-04-24 09:59:18,2.88,0.92,2.65,12.36,Normal Operation,Normal
2026-04-24 09:59:18,2.87,1.09,3.128,10.41,Normal Operation,Normal
2026-04-24 09:59:19,2.71,1.1,2.981,12.38,Normal Operation,Normal
2026-04-24 09:59:19,2.82,0.95,2.679,18.69,Normal Operation,Normal
2026-04-24 09:59:20,2.79,0.69,1.925,19.67,WARNING: Unexpected Current Drop! Current: 0.69 A,Current Anomaly
2026-04-24 09:59:21,2.81,1.1,3.091,17.97,Normal Operation,Normal
2026-04-24 09:59:21,2.79,1.07,2.985,80.0,WARNING: Magnetic Interference Detected! Field: 80.00 G,Magnetic Tamper
2026-04-24 09:59:22,2.75,1.08,2.97,19.88,Normal Operation,Normal
2026-04-24 09:59:23,2.89,0.96,2.774,17.29,Normal Operation,Normal
2026-04-24 09:59:23,2.72,1.07,2.91,13.48,Normal Operation,Normal
2026-04-24 09:59:24,2.8,0.97,2.716,18.03,Normal Operation,Normal
2026-04-24 09:59:24,2.73,1.06,2.894,11.34,Normal Operation,Normal
2026-04-24 09:59:25,2.74,3.15,8.631,15.32,WARNING: High Current Draw Detected! Current: 3.15 A,Overload Detected
2026-04-24 09:59:26,2.7,0.99,2.673,18.0,Normal Operation,Normal
2026-04-24 09:59:26,2.74,0.91,2.493,18.18,Normal Operation,Normal
2026-04-24 09:59:27,2.86,1.08,3.089,19.94,Normal Operation,Normal
2026-04-24 09:59:27,2.77,1.08,2.992,10.2,Normal Operation,Normal
2026-04-24 09:59:28,2.75,1.0,2.75,12.23,Normal Operation,Normal
2026-04-24 09:59:29,2.75,1.05,2.888,16.13,Normal Operation,Normal
2026-04-24 09:59:29,2.7,1.0,2.7,14.37,Normal Operation,Normal
2026-04-24 09:59:30,2.8,1.08,3.024,14.2,Normal Operation,Normal
2026-04-24 09:59:31,2.72,4.24,11.533,16.36,WARNING: High Current Draw Detected! Current: 4.24 A,Overload Detected
2026-04-24 09:59:31,2.88,0.94,2.707,18.5,Normal Operation,Normal
2026-04-24 09:59:32,2.7,3.03,8.181,12.43,WARNING: High Current Draw Detected! Current: 3.03 A,Overload Detected
2026-04-24 09:59:32,2.76,1.0,2.76,15.17,Normal Operation,Normal
2026-04-24 09:59:33,2.82,1.01,2.848,19.34,Normal Operation,Normal
2026-04-24 09:59:34,2.14,0.97,2.076,13.12,CRITICAL: Voltage Tamper Detected! Voltage: 2.14 V,Voltage Tamper
2026-04-24 09:59:34,2.89,-0.41,-1.185,17.89,WARNING: Reverse Power Flow Detected! Current: -0.41 A,Reverse Flow
2026-04-24 09:59:35,2.06,1.08,2.225,12.78,CRITICAL: Voltage Tamper Detected! Voltage: 2.06 V,Voltage Tamper
2026-04-24 09:59:35,2.85,1.03,2.936,12.17,Normal Operation,Normal
2026-04-24 09:59:36,2.81,0.95,2.669,10.37,Normal Operation,Normal
2026-04-24 09:59:37,2.8,0.91,2.548,15.21,Normal Operation,Normal
2026-04-24 09:59:37,2.88,1.0,2.88,18.1,Normal Operation,Normal
2026-04-24 09:59:38,2.75,1.08,2.97,13.04,Normal Operation,Normal
2026-04-24 09:59:39,2.9,0.9,2.61,12.71,Normal Operation,Normal
2026-04-24 09:59:39,2.83,1.02,2.887,13.58,Normal Operation,Normal
2026-04-24 09:59:40,2.82,4.94,13.931,13.87,WARNING: High Current Draw Detected! Current: 4.94 A,Overload Detected
2026-04-24 09:59:40,2.82,0.95,2.679,18.78,Normal Operation,Normal
2026-04-24 09:59:41,2.75,0.94,2.585,10.74,Normal Operation,Normal
2026-04-24 09:59:42,2.77,0.99,2.742,11.3,Normal Operation,Normal
2026-04-24 09:59:42,2.73,0.99,2.703,15.96,Normal Operation,Normal
2026-04-24 09:59:43,2.88,0.95,2.736,16.23,Normal Operation,Normal
2026-04-24 09:59:44,2.81,0.94,2.641,12.57,Normal Operation,Normal
2026-04-24 09:59:44,2.88,0.94,2.707,17.8,Normal Operation,Normal
2026-04-24 09:59:45,2.73,0.91,2.484,19.34,Normal Operation,Normal
2026-04-24 09:59:45,2.76,0.98,2.705,16.33,Normal Operation,Normal
2026-04-24 09:59:46,2.84,1.07,3.039,14.32,Normal Operation,Normal
2026-04-24 09:59:47,2.79,1.08,3.013,14.32,Normal Operation,Normal
2026-04-24 09:59:47,2.82,1.0,2.82,13.72,Normal Operation,Normal
2026-04-24 09:59:48,2.83,1.08,3.056,13.66,Normal Operation,Normal
2026-04-24 09:59:48,2.8,1.0,2.8,15.86,Normal Operation,Normal
2026-04-24 09:59:49,2.78,0.96,2.669,16.59,Normal Operation,Normal
2026-04-24 09:59:50,2.84,0.91,2.584,19.19,Normal Operation,Normal
2026-04-24 09:59:50,2.76,0.92,2.539,11.08,Normal Operation,Normal
2026-04-24 09:59:51,2.81,0.92,2.585,11.68,Normal Operation,Normal
2026-04-24 09:59:52,2.14,1.05,2.247,17.41,CRITICAL: Voltage Tamper Detected! Voltage: 2.14 V,Voltage Tamper
2026-04-24 09:59:52,2.88,1.03,2.966,15.06,Normal Operation,Normal
2026-04-24 09:59:53,2.77,0.94,2.604,18.32,Normal Operation,Normal
2026-04-24 09:59:53,2.81,1.09,3.063,14.72,Normal Operation,Normal
2026-04-24 09:59:54,2.72,1.08,2.938,19.48,Normal Operation,Normal
2026-04-24 09:59:55,2.8,1.06,2.968,15.96,Normal Operation,Normal
2026-04-24 09:59:55,2.75,0.95,2.612,18.03,Normal Operation,Normal
2026-04-24 09:59:56,2.73,0.99,2.703,19.84,Normal Operation,Normal
2026-04-24 09:59:57,2.88,1.07,3.082,15.63,Normal Operation,Normal
2026-04-24 09:59:57,2.7,0.96,2.592,10.11,Normal Operation,Normal
2026-04-24 09:59:58,2.79,1.0,2.79,11.39,Normal Operation,Normal
2026-04-24 09:59:58,1.82,1.06,1.929,13.49,CRITICAL: Voltage Tamper Detected! Voltage: 1.82 V,Voltage Tamper
2026-04-24 09:59:59,2.76,0.92,2.539,12.92,Normal Operation,Normal
2026-04-24 10:00:00,2.76,0.91,2.512,17.88,Normal Operation,Normal
2026-04-24 10:00:00,2.85,1.02,2.907,15.74,Normal Operation,Normal
2026-04-24 10:00:01,2.78,1.03,2.863,16.74,Normal Operation,Normal
2026-04-24 10:00:02,2.78,0.98,2.724,12.2,Normal Operation,Normal
2026-04-24 10:00:02,2.81,0.99,2.782,12.72,Normal Operation,Normal
2026-04-24 10:00:03,2.84,1.09,3.096,15.92,Normal Operation,Normal
2026-04-24 10:00:03,2.71,-0.51,-1.382,15.34,WARNING: Reverse Power Flow Detected! Current: -0.51 A,Reverse Flow
2026-04-24 10:00:04,2.82,0.92,2.594,11.69,Normal Operation,Normal
2026-04-24 10:00:05,2.73,0.97,2.648,16.23,Normal Operation,Normal
2026-04-24 10:00:05,2.83,0.96,2.717,16.4,Normal Operation,Normal
2026-04-24 10:00:06,2.85,0.91,2.594,13.18,Normal Operation,Normal
2026-04-24 10:00:06,2.81,1.04,2.922,10.14,Normal Operation,Normal
2026-04-24 10:00:07,2.8,1.07,2.996,11.52,Normal Operation,Normal
2026-04-24 10:00:08,2.87,1.0,2.87,17.89,Normal Operation,Normal
2026-04-24 10:00:08,2.74,2.17,5.946,15.49,WARNING: High Current Draw Detected! Current: 2.17 A,Overload Detected
2026-04-24 10:00:09,2.85,1.02,2.907,13.32,Normal Operation,Normal
2026-04-24 10:00:10,2.75,0.91,2.502,17.57,Normal Operation,Normal
2026-04-24 10:00:10,2.87,0.95,2.727,12.72,Normal Operation,Normal
2026-04-24 10:00:11,2.86,3.78,10.811,13.73,WARNING: High Current Draw Detected! Current: 3.78 A,Overload Detected
2026-04-24 10:00:11,2.89,0.91,2.63,10.52,Normal Operation,Normal
2026-04-24 10:00:12,2.82,4.19,11.816,13.95,WARNING: High Current Draw Detected! Current: 4.19 A,Overload Detected
2026-04-24 10:00:13,2.89,1.09,3.15,17.15,Normal Operation,Normal
2026-04-24 10:00:13,2.87,0.91,2.612,12.89,Normal Operation,Normal
2026-04-24 10:00:14,2.89,0.96,2.774,12.63,Normal Operation,Normal
2026-04-24 10:00:15,2.74,1.09,2.987,12.02,Normal Operation,Normal
2026-04-24 10:00:15,2.37,0.99,2.346,16.09,CRITICAL: Voltage Tamper Detected! Voltage: 2.37 V,Voltage Tamper
2026-04-24 10:00:16,2.72,1.09,2.965,14.85,Normal Operation,Normal
2026-04-24 10:00:16,2.78,1.09,3.03,11.07,Normal Operation,Normal
2026-04-24 10:00:17,2.73,0.98,2.675,18.08,Normal Operation,Normal
2026-04-24 10:00:18,2.8,0.97,2.716,14.38,Normal Operation,Normal
2026-04-24 10:00:18,2.81,1.04,2.922,13.75,Normal Operation,Normal
2026-04-24 10:00:19,2.81,0.98,2.754,18.08,Normal Operation,Normal
2026-04-24 10:00:19,2.85,1.09,3.107,18.99,Normal Operation,Normal
2026-04-24 10:00:20,2.82,0.9,2.538,12.91,Normal Operation,Normal
2026-04-24 10:00:21,2.84,-0.32,-0.909,11.0,WARNING: Reverse Power Flow Detected! Current: -0.32 A,Reverse Flow
2026-04-24 10:00:21,2.83,1.0,2.83,19.85,Normal Operation,Normal
2026-04-24 10:00:22,2.75,0.95,2.612,18.58,Normal Operation,Normal
2026-04-24 10:00:23,2.05,0.96,1.968,16.76,CRITICAL: Voltage Tamper Detected! Voltage: 2.05 V,Voltage Tamper
2026-04-24 10:00:23,2.72,1.01,2.747,15.62,Normal Operation,Normal
2026-04-24 10:00:24,2.75,1.05,2.888,10.44,Normal Operation,Normal
2026-04-24 10:00:24,2.71,1.05,2.845,13.88,Normal Operation,Normal
2026-04-24 10:00:25,2.86,-0.7,-2.002,18.39,WARNING: Reverse Power Flow Detected! Current: -0.70 A,Reverse Flow
2026-04-24 10:00:26,2.82,3.49,9.842,13.78,WARNING: High Current Draw Detected! Current: 3.49 A,Overload Detected
2026-04-24 10:00:26,2.9,0.98,2.842,11.29,Normal Operation,Normal
2026-04-24 10:00:27,2.82,1.03,2.905,12.24,Normal Operation,Normal
2026-04-24 10:00:27,2.82,0.6,1.692,17.28,WARNING: Unexpected Current Drop! Current: 0.60 A,Current Anomaly
2026-04-24 10:00:28,2.79,1.03,2.874,19.59,Normal Operation,Normal
2026-04-24 10:00:29,2.72,1.0,2.72,11.32,Normal Operation,Normal
2026-04-24 10:00:29,2.73,1.07,2.921,14.08,Normal Operation,Normal
2026-04-24 10:00:30,2.74,4.77,13.07,17.76,WARNING: High Current Draw Detected! Current: 4.77 A,Overload Detected
2026-04-24 10:00:31,2.72,1.07,2.91,16.86,Normal Operation,Normal
2026-04-24 10:00:31,2.7,1.02,2.754,10.88,Normal Operation,Normal
2026-04-24 10:00:32,2.86,1.09,3.117,13.51,Normal Operation,Normal
2026-04-24 10:00:32,2.88,1.06,3.053,12.54,Normal Operation,Normal
2026-04-24 10:00:33,2.77,0.99,2.742,14.63,Normal Operation,Normal
2026-04-24 10:00:34,2.76,1.01,2.788,10.36,Normal Operation,Normal
2026-04-24 10:00:34,2.76,4.8,13.248,18.04,WARNING: High Current Draw Detected! Current: 4.80 A,Overload Detected
2026-04-24 10:00:35,2.79,1.02,2.846,15.11,Normal Operation,Normal
2026-04-24 10:00:35,2.89,1.04,3.006,18.55,Normal Operation,Normal
2026-04-24 10:00:36,2.86,0.69,1.973,10.41,WARNING: Unexpected Current Drop! Current: 0.69 A,Current Anomaly
2026-04-24 10:00:37,2.88,0.96,2.765,66.57,WARNING: Magnetic Interference Detected! Field: 66.57 G,Magnetic Tamper
2026-04-24 10:00:37,2.73,1.1,3.003,13.77,Normal Operation,Normal
2026-04-24 10:00:38,2.72,0.79,2.149,10.57,WARNING: Unexpected Current Drop! Current: 0.79 A,Current Anomaly
2026-04-24 10:00:39,1.99,1.05,2.09,14.97,CRITICAL: Voltage Tamper Detected! Voltage: 1.99 V,Voltage Tamper
2026-04-24 10:00:39,2.75,0.91,2.502,13.08,Normal Operation,Normal
2026-04-24 10:00:40,2.83,1.09,3.085,17.05,Normal Operation,Normal
2026-04-24 10:00:40,2.79,1.09,3.041,10.15,Normal Operation,Normal
2026-04-24 10:00:41,2.88,0.99,2.851,18.94,Normal Operation,Normal
2026-04-24 10:00:42,2.77,1.03,2.853,12.16,Normal Operation,Normal
2026-04-24 10:00:42,2.82,1.0,2.82,10.59,Normal Operation,Normal
2026-04-24 10:00:43,2.78,0.77,2.141,18.58,WARNING: Unexpected Current Drop! Current: 0.77 A,Current Anomaly
2026-04-24 10:00:43,2.75,0.94,2.585,12.98,Normal Operation,Normal
2026-04-24 10:00:44,2.7,3.29,8.883,13.4,WARNING: High Current Draw Detected! Current: 3.29 A,Overload Detected
2026-04-24 10:00:45,2.88,1.09,3.139,15.7,Normal Operation,Normal
2026-04-24 10:00:45,2.22,0.9,1.998,17.42,CRITICAL: Voltage Tamper Detected! Voltage: 2.22 V,Voltage Tamper
2026-04-24 10:00:46,2.72,0.63,1.714,11.9,WARNING: Unexpected Current Drop! Current: 0.63 A,Current Anomaly
2026-04-24 10:00:47,2.87,1.04,2.985,10.86,Normal Operation,Normal
2026-04-24 10:00:47,2.76,0.98,2.705,13.42,Normal Operation,Normal
2026-04-24 10:00:48,2.72,0.8,2.176,19.89,WARNING: Unexpected Current Drop! Current: 0.80 A,Current Anomaly
2026-04-24 10:00:49,2.75,0.92,2.53,16.96,Normal Operation,Normal
2026-04-24 10:00:49,2.89,-0.6,-1.734,10.15,WARNING: Reverse Power Flow Detected! Current: -0.60 A,Reverse Flow
2026-04-24 10:00:50,2.72,0.97,2.638,11.95,Normal Operation,Normal
2026-04-24 10:00:50,2.7,0.93,2.511,17.16,Normal Operation,Normal
2026-04-24 10:00:51,2.88,0.94,2.707,13.82,Normal Operation,Normal
2026-04-24 10:00:52,2.83,0.98,2.773,10.8,Normal Operation,Normal
2026-04-24 10:00:52,2.74,0.9,2.466,10.66,Normal Operation,Normal
2026-04-24 10:00:53,2.15,1.04,2.236,14.74,CRITICAL: Voltage Tamper Detected! Voltage: 2.15 V,Voltage Tamper
2026-04-24 10:00:54,2.89,4.19,12.109,18.9,WARNING: High Current Draw Detected! Current: 4.19 A,Overload Detected
2026-04-24 10:00:54,2.77,0.92,2.548,14.61,Normal Operation,Normal
2026-04-24 10:00:55,2.72,1.0,2.72,11.36,Normal Operation,Normal
2026-04-24 10:00:55,2.71,0.97,2.629,14.99,Normal Operation,Normal
2026-04-24 10:00:56,2.83,0.98,2.773,10.68,Normal Operation,Normal
2026-04-24 10:00:57,2.89,0.94,2.717,18.35,Normal Operation,Normal
2026-04-24 10:00:57,2.74,1.04,2.85,10.89,Normal Operation,Normal
2026-04-24 10:00:58,2.82,1.07,3.017,13.43,Normal Operation,Normal
2026-04-24 10:00:58,2.75,0.95,2.612,16.79,Normal Operation,Normal
2026-04-24 10:00:59,2.71,1.06,2.873,19.11,Normal Operation,Normal
2026-04-24 10:01:00,2.71,1.05,2.845,18.38,Normal Operation,Normal
2026-04-24 10:01:00,2.79,1.09,3.041,13.0,Normal Operation,Normal
2026-04-24 10:01:01,2.84,1.08,3.067,12.44,Normal Operation,Normal
2026-04-24 10:01:02,2.86,0.96,2.746,11.09,Normal Operation,Normal
2026-04-24 10:01:02,2.7,0.68,1.836,13.43,WARNING: Unexpected Current Drop! Current: 0.68 A,Current Anomaly
2026-04-24 10:01:03,2.83,0.96,2.717,19.01,Normal Operation,Normal
2026-04-24 10:01:03,2.7,2.58,6.966,11.64,WARNING: High Current Draw Detected! Current: 2.58 A,Overload Detected
2026-04-24 10:01:04,2.72,1.0,2.72,18.04,Normal Operation,Normal
2026-04-24 10:01:05,2.7,0.91,2.457,13.81,Normal Operation,Normal
2026-04-24 10:01:05,2.72,3.1,8.432,18.09,WARNING: High Current Draw Detected! Current: 3.10 A,Overload Detected
2026-04-24 10:01:06,2.89,0.94,2.717,19.89,Normal Operation,Normal
2026-04-24 10:01:06,2.75,0.96,2.64,15.78,Normal Operation,Normal
2026-04-24 10:01:07,2.77,0.98,2.715,16.49,Normal Operation,Normal
2026-04-24 10:01:08,2.89,1.06,3.063,18.91,Normal Operation,Normal
2026-04-24 10:01:08,2.85,1.08,3.078,16.37,Normal Operation,Normal
2026-04-24 10:01:09,2.79,0.73,2.037,14.39,WARNING: Unexpected Current Drop! Current: 0.73 A,Current Anomaly
2026-04-24 10:01:10,2.87,3.97,11.394,16.9,WARNING: High Current Draw Detected! Current: 3.97 A,Overload Detected
2026-04-24 10:01:10,2.28,1.0,2.28,18.18,CRITICAL: Voltage Tamper Detected! Voltage: 2.28 V,Voltage Tamper
2026-04-24 10:01:11,2.74,1.08,2.959,15.73,Normal Operation,Normal
2026-04-24 10:01:11,2.76,1.09,3.008,13.4,Normal Operation,Normal
2026-04-24 10:01:12,2.72,-0.62,-1.686,13.18,WARNING: Reverse Power Flow Detected! Current: -0.62 A,Reverse Flow
2026-04-24 10:01:13,2.87,1.1,3.157,13.99,Normal Operation,Normal
2026-04-24 10:01:13,2.79,0.91,2.539,14.94,Normal Operation,Normal
2026-04-24 10:01:14,2.87,1.01,2.899,17.68,Normal Operation,Normal
2026-04-24 10:01:15,2.82,0.97,2.735,16.81,Normal Operation,Normal
2026-04-24 10:01:15,2.78,1.0,2.78,18.37,Normal Operation,Normal
2026-04-24 10:01:16,2.82,0.98,2.764,19.46,Normal Operation,Normal
2026-04-24 10:01:16,2.85,1.06,3.021,14.58,Normal Operation,Normal
2026-04-24 10:01:17,2.03,1.06,2.152,13.75,CRITICAL: Voltage Tamper Detected! Voltage: 2.03 V,Voltage Tamper
2026-04-24 10:01:18,2.83,1.02,2.887,15.12,Normal Operation,Normal
2026-04-24 10:01:18,2.85,1.08,3.078,17.1,Normal Operation,Normal
2026-04-24 10:01:19,2.81,1.01,2.838,18.4,Normal Operation,Normal
2026-04-24 10:01:20,2.88,1.01,2.909,10.8,Normal Operation,Normal
2026-04-24 10:01:20,2.78,4.21,11.704,14.43,WARNING: High Current Draw Detected! Current: 4.21 A,Overload Detected
2026-04-24 10:01:21,2.71,0.97,2.629,14.47,Normal Operation,Normal
2026-04-24 10:01:22,2.81,0.64,1.798,11.47,WARNING: Unexpected Current Drop! Current: 0.64 A,Current Anomaly
2026-04-24 10:01:22,2.88,1.03,2.966,14.14,Normal Operation,Normal
2026-04-24 10:01:23,2.7,-0.42,-1.134,17.91,WARNING: Reverse Power Flow Detected! Current: -0.42 A,Reverse Flow
2026-04-24 10:01:23,2.83,0.64,1.811,16.99,WARNING: Unexpected Current Drop! Current: 0.64 A,Current Anomaly
2026-04-24 10:01:24,2.8,1.04,2.912,18.81,Normal Operation,Normal
2026-04-24 10:01:25,2.85,1.07,3.05,17.02,Normal Operation,Normal
2026-04-24 10:01:25,2.85,0.9,2.565,10.82,Normal Operation,Normal
2026-04-24 10:01:26,2.89,0.72,2.081,18.36,WARNING: Unexpected Current Drop! Current: 0.72 A,Current Anomaly
2026-04-24 10:01:26,2.89,0.95,2.745,10.72,Normal Operation,Normal
2026-04-24 10:01:27,2.72,1.01,2.747,91.73,WARNING: Magnetic Interference Detected! Field: 91.73 G,Magnetic Tamper
2026-04-24 10:01:28,2.85,1.04,2.964,14.33,Normal Operation,Normal
2026-04-24 10:01:28,2.74,1.0,2.74,11.81,Normal Operation,Normal
2026-04-24 10:01:29,2.9,0.98,2.842,12.02,Normal Operation,Normal
2026-04-24 10:01:30,2.82,0.76,2.143,18.16,WARNING: Unexpected Current Drop! Current: 0.76 A,Current Anomaly
2026-04-24 10:01:30,2.82,0.98,2.764,14.38,Normal Operation,Normal
2026-04-24 10:01:31,2.82,1.03,2.905,18.58,Normal Operation,Normal
2026-04-24 10:01:32,2.76,1.0,2.76,11.22,Normal Operation,Normal
2026-04-24 10:01:32,2.77,3.36,9.307,10.84,WARNING: High Current Draw Detected! Current: 3.36 A,Overload Detected
2026-04-24 10:01:33,2.86,0.99,2.831,66.29,WARNING: Magnetic Interference Detected! Field: 66.29 G,Magnetic Tamper
2026-04-24 10:01:33,2.8,0.92,2.576,12.74,Normal Operation,Normal
2026-04-24 10:01:34,2.79,1.02,2.846,66.39,WARNING: Magnetic Interference Detected! Field: 66.39 G,Magnetic Tamper
2026-04-24 10:01:35,2.72,0.97,2.638,15.17,Normal Operation,Normal
2026-04-24 10:01:35,2.81,1.08,3.035,17.04,Normal Operation,Normal
2026-04-24 10:01:36,2.7,1.08,2.916,13.75,Normal Operation,Normal
2026-04-24 10:01:37,2.89,0.75,2.167,12.99,WARNING: Unexpected Current Drop! Current: 0.75 A,Current Anomaly
2026-04-24 10:01:37,2.82,1.06,2.989,17.02,Normal Operation,Normal
2026-04-24 10:01:38,2.84,0.95,2.698,12.0,Normal Operation,Normal
2026-04-24 10:01:38,2.85,0.95,2.708,11.31,Normal Operation,Normal
2026-04-24 10:01:39,2.77,1.0,2.77,11.45,Normal Operation,Normal
2026-04-24 10:01:40,2.72,3.19,8.677,13.03,WARNING: High Current Draw Detected! Current: 3.19 A,Overload Detected
2026-04-24 10:01:40,2.72,1.07,2.91,10.16,Normal Operation,Normal
2026-04-24 10:01:41,2.8,0.95,2.66,11.18,Normal Operation,Normal
2026-04-24 10:01:41,2.71,1.04,2.818,10.64,Normal Operation,Normal
2026-04-24 10:01:42,2.83,0.92,2.604,10.58,Normal Operation,Normal
2026-04-24 10:01:43,2.89,1.01,2.919,13.96,Normal Operation,Normal
2026-04-24 10:01:43,2.82,0.68,1.918,14.73,WARNING: Unexpected Current Drop! Current: 0.68 A,Current Anomaly
2026-04-24 10:01:44,2.88,0.6,1.728,19.51,WARNING: Unexpected Current Drop! Current: 0.60 A,Current Anomaly
2026-04-24 10:01:45,2.88,-0.53,-1.526,19.57,WARNING: Reverse Power Flow Detected! Current: -0.53 A,Reverse Flow
2026-04-24 10:01:45,2.77,1.08,2.992,19.94,Normal Operation,Normal
2026-04-24 10:01:46,2.77,1.06,2.936,12.98,Normal Operation,Normal
2026-04-24 10:01:46,2.82,0.91,2.566,10.28,Normal Operation,Normal
2026-04-24 10:01:47,2.72,1.02,2.774,15.85,Normal Operation,Normal
2026-04-24 10:01:48,2.78,1.0,2.78,16.8,Normal Operation,Normal
2026-04-24 10:01:48,2.8,1.08,3.024,11.33,Normal Operation,Normal
2026-04-24 10:01:49,2.87,-0.97,-2.784,18.06,WARNING: Reverse Power Flow Detected! Current: -0.97 A,Reverse Flow
2026-04-24 10:01:50,2.72,1.04,2.829,19.89,Normal Operation,Normal
2026-04-24 10:01:50,2.83,2.31,6.537,16.67,WARNING: High Current Draw Detected! Current: 2.31 A,Overload Detected
2026-04-24 10:01:51,2.78,0.9,2.502,17.89,Normal Operation,Normal
2026-04-24 10:01:51,2.79,2.3,6.417,15.06,WARNING: High Current Draw Detected! Current: 2.30 A,Overload Detected
2026-04-24 10:01:52,2.9,1.02,2.958,17.8,Normal Operation,Normal
2026-04-24 10:01:53,2.85,0.98,2.793,15.16,Normal Operation,Normal
2026-04-24 10:01:53,2.81,1.09,3.063,12.92,Normal Operation,Normal
2026-04-24 10:01:54,2.76,1.01,2.788,14.03,Normal Operation,Normal
2026-04-24 10:01:55,2.72,1.0,2.72,15.09,Normal Operation,Normal
2026-04-24 10:01:55,2.71,0.74,2.005,13.26,WARNING: Unexpected Current Drop! Current: 0.74 A,Current Anomaly
2026-04-24 10:01:56,2.8,0.71,1.988,16.57,WARNING: Unexpected Current Drop! Current: 0.71 A,Current Anomaly
2026-04-24 10:01:56,2.9,0.99,2.871,17.34,Normal Operation,Normal
2026-04-24 10:01:57,2.78,1.0,2.78,11.66,Normal Operation,Normal
2026-04-24 10:01:58,2.77,1.03,2.853,12.01,Normal Operation,Normal
2026-04-24 10:01:58,2.83,0.93,2.632,18.36,Normal Operation,Normal
2026-04-24 10:01:59,2.89,-0.52,-1.503,19.17,WARNING: Reverse Power Flow Detected! Current: -0.52 A,Reverse Flow
2026-04-24 10:01:59,2.77,0.92,2.548,16.0,Normal Operation,Normal
2026-04-24 10:02:00,2.89,1.07,3.092,17.95,Normal Operation,Normal
2026-04-24 10:02:01,2.77,0.97,2.687,11.0,Normal Operation,Normal
2026-04-24 10:02:01,2.87,1.04,2.985,19.08,Normal Operation,Normal
2026-04-24 10:02:02,2.78,-0.57,-1.585,17.34,WARNING: Reverse Power Flow Detected! Current: -0.57 A,Reverse Flow
2026-04-24 10:02:02,2.83,1.09,3.085,10.02,Normal Operation,Normal
2026-04-24 10:02:03,2.7,1.09,2.943,19.56,Normal Operation,Normal
2026-04-24 10:02:04,2.73,0.95,2.593,15.0,Normal Operation,Normal
2026-04-24 10:02:04,2.75,0.93,2.558,14.2,Normal Operation,Normal
2026-04-24 10:02:05,2.83,1.04,2.943,11.07,Normal Operation,Normal
2026-04-24 10:02:06,2.88,1.05,3.024,17.72,Normal Operation,Normal
2026-04-24 10:02:06,2.77,1.1,3.047,14.12,Normal Operation,Normal
2026-04-24 10:02:07,2.87,1.02,2.927,70.05,WARNING: Magnetic Interference Detected! Field: 70.05 G,Magnetic Tamper
2026-04-24 10:02:07,2.79,0.95,2.651,10.61,Normal Operation,Normal
2026-04-24 10:02:08,2.8,1.08,3.024,15.4,Normal Operation,Normal
2026-04-24 10:02:09,2.81,-0.31,-0.871,18.55,WARNING: Reverse Power Flow Detected! Current: -0.31 A,Reverse Flow
2026-04-24 10:02:09,2.88,1.0,2.88,13.8,Normal Operation,Normal
2026-04-24 10:02:10,2.77,1.01,2.798,16.62,Normal Operation,Normal
2026-04-24 10:02:11,2.88,0.96,2.765,14.78,Normal Operation,Normal
2026-04-24 10:02:11,2.7,0.99,2.673,12.19,Normal Operation,Normal
2026-04-24 10:02:12,2.75,1.02,2.805,13.9,Normal Operation,Normal
2026-04-24 10:02:12,2.7,2.84,7.668,15.4,WARNING: High Current Draw Detected! Current: 2.84 A,Overload Detected
2026-04-24 10:02:13,2.7,1.1,2.97,18.93,Normal Operation,Normal
2026-04-24 10:02:14,2.81,1.07,3.007,13.83,Normal Operation,Normal
2026-04-24 10:02:14,2.82,1.0,2.82,13.63,Normal Operation,Normal
2026-04-24 10:02:15,2.84,0.97,2.755,11.35,Normal Operation,Normal
2026-04-24 10:02:16,2.8,-0.87,-2.436,15.72,WARNING: Reverse Power Flow Detected! Current: -0.87 A,Reverse Flow
2026-04-24 10:02:16,2.83,1.06,3.0,13.7,Normal Operation,Normal
2026-04-24 10:02:17,2.85,0.91,2.594,11.43,Normal Operation,Normal
2026-04-24 10:02:17,2.81,1.03,2.894,62.86,WARNING: Magnetic Interference Detected! Field: 62.86 G,Magnetic Tamper
2026-04-24 10:02:18,2.89,4.28,12.369,14.77,WARNING: High Current Draw Detected! Current: 4.28 A,Overload Detected
2026-04-24 10:02:19,2.88,1.02,2.938,15.79,Normal Operation,Normal
2026-04-24 10:02:19,2.78,1.09,3.03,10.52,Normal Operation,Normal
2026-04-24 10:02:20,2.78,0.78,2.168,11.72,WARNING: Unexpected Current Drop! Current: 0.78 A,Current Anomaly
2026-04-24 10:02:20,2.77,0.95,2.631,17.73,Normal Operation,Normal
2026-04-24 10:02:21,2.85,0.96,2.736,15.06,Normal Operation,Normal
2026-04-24 10:02:22,2.72,0.94,2.557,13.51,Normal Operation,Normal
2026-04-24 10:02:22,2.82,4.1,11.562,13.7,WARNING: High Current Draw Detected! Current: 4.10 A,Overload Detected
2026-04-24 10:02:23,2.71,1.08,2.927,15.27,Normal Operation,Normal
2026-04-24 10:02:24,2.79,0.9,2.511,12.38,Normal Operation,Normal
2026-04-24 10:02:24,2.84,0.99,2.812,90.36,WARNING: Magnetic Interference Detected! Field: 90.36 G,Magnetic Tamper
2026-04-24 10:02:25,2.84,1.01,2.868,14.4,Normal Operation,Normal
2026-04-24 10:02:26,2.78,0.67,1.863,11.23,WARNING: Unexpected Current Drop! Current: 0.67 A,Current Anomaly
2026-04-24 10:02:26,2.77,1.03,2.853,11.92,Normal Operation,Normal
2026-04-24 10:02:27,2.79,0.93,2.595,10.03,Normal Operation,Normal
2026-04-24 10:02:27,2.74,-0.48,-1.315,19.33,WARNING: Reverse Power Flow Detected! Current: -0.48 A,Reverse Flow
2026-04-24 10:02:28,2.85,0.96,2.736,12.56,Normal Operation,Normal
2026-04-24 10:02:29,2.87,0.94,2.698,77.16,WARNING: Magnetic Interference Detected! Field: 77.16 G,Magnetic Tamper
2026-04-24 10:02:29,2.74,0.64,1.754,15.0,WARNING: Unexpected Current Drop! Current: 0.64 A,Current Anomaly
2026-04-24 10:02:30,2.77,0.94,2.604,18.09,Normal Operation,Normal
2026-04-24 10:02:31,2.83,0.91,2.575,13.19,Normal Operation,Normal
2026-04-24 10:02:31,2.71,1.1,2.981,10.47,Normal Operation,Normal
2026-04-24 10:02:32,2.87,1.02,2.927,11.29,Normal Operation,Normal
2026-04-24 10:02:32,2.86,0.94,2.688,13.23,Normal Operation,Normal
2026-04-24 10:02:33,2.86,0.98,2.803,77.55,WARNING: Magnetic Interference Detected! Field: 77.55 G,Magnetic Tamper
2026-04-24 10:02:34,2.73,1.08,2.948,11.18,Normal Operation,Normal
2026-04-24 10:02:34,2.84,1.05,2.982,12.95,Normal Operation,Normal
2026-04-24 10:02:35,2.72,1.03,2.802,19.84,Normal Operation,Normal
2026-04-24 10:02:36,2.88,1.01,2.909,15.6,Normal Operation,Normal
2026-04-24 10:02:36,2.8,1.09,3.052,12.26,Normal Operation,Normal
2026-04-24 10:02:37,2.81,1.04,2.922,15.6,Normal Operation,Normal
2026-04-24 10:02:37,2.73,0.96,2.621,17.94,Normal Operation,Normal
2026-04-24 10:02:38,2.72,-0.6,-1.632,12.84,WARNING: Reverse Power Flow Detected! Current: -0.60 A,Reverse Flow
2026-04-24 10:02:39,2.79,0.95,2.651,11.23,Normal Operation,Normal
2026-04-24 10:02:39,2.9,1.0,2.9,14.15,Normal Operation,Normal
2026-04-24 10:02:40,2.83,1.0,2.83,11.25,Normal Operation,Normal
2026-04-24 10:02:40,1.91,0.92,1.757,12.14,CRITICAL: Voltage Tamper Detected! Voltage: 1.91 V,Voltage Tamper
2026-04-24 10:02:41,2.24,0.98,2.195,18.58,CRITICAL: Voltage Tamper Detected! Voltage: 2.24 V,Voltage Tamper
2026-04-24 10:02:42,2.82,1.02,2.876,11.79,Normal Operation,Normal
2026-04-24 10:02:42,2.86,0.97,2.774,14.86,Normal Operation,Normal
2026-04-24 10:02:43,2.83,0.98,2.773,14.04,Normal Operation,Normal
2026-04-24 10:02:44,2.79,0.99,2.762,13.94,Normal Operation,Normal
2026-04-24 10:02:44,2.76,0.96,2.65,16.59,Normal Operation,Normal
2026-04-24 10:02:45,2.86,0.95,2.717,18.16,Normal Operation,Normal
2026-04-24 10:02:45,2.88,1.04,2.995,13.33,Normal Operation,Normal
2026-04-24 10:02:46,2.81,0.95,2.669,11.0,Normal Operation,Normal
2026-04-24 10:02:47,2.74,0.96,2.63,17.43,Normal Operation,Normal
2026-04-24 10:02:47,2.73,0.7,1.911,19.11,WARNING: Unexpected Current Drop! Current: 0.70 A,Current Anomaly
2026-04-24 10:02:48,2.75,1.09,2.998,18.84,Normal Operation,Normal
2026-04-24 10:02:49,2.74,1.07,2.932,16.83,Normal Operation,Normal
2026-04-24 10:02:49,2.89,1.06,3.063,12.89,Normal Operation,Normal
2026-04-24 10:02:50,2.8,0.94,2.632,17.05,Normal Operation,Normal
2026-04-24 10:02:51,2.73,1.1,3.003,10.5,Normal Operation,Normal
2026-04-24 10:02:51,2.82,1.05,2.961,12.95,Normal Operation,Normal
2026-04-24 10:02:52,2.71,1.0,2.71,14.76,Normal Operation,Normal
2026-04-24 10:02:52,2.75,0.99,2.723,19.0,Normal Operation,Normal
2026-04-24 10:02:53,2.82,0.99,2.792,19.37,Normal Operation,Normal
2026-04-24 10:02:54,2.17,0.96,2.083,10.48,CRITICAL: Voltage Tamper Detected! Voltage: 2.17 V,Voltage Tamper
2026-04-24 10:02:54,2.83,1.02,2.887,18.66,Normal Operation,Normal
2026-04-24 10:02:55,2.84,0.93,2.641,15.07,Normal Operation,Normal
2026-04-24 10:02:56,2.72,1.01,2.747,14.26,Normal Operation,Normal
2026-04-24 10:02:56,2.72,1.07,2.91,16.62,Normal Operation,Normal
2026-04-24 10:02:57,2.79,0.96,2.678,14.8,Normal Operation,Normal
2026-04-24 10:02:57,2.76,1.03,2.843,13.9,Normal Operation,Normal
2026-04-24 10:02:58,2.73,1.05,2.867,13.98,Normal Operation,Normal
2026-04-24 10:02:59,2.75,1.09,2.998,12.86,Normal Operation,Normal
2026-04-24 10:03:00,2.85,0.92,2.622,11.47,Normal Operation,Normal
2026-04-24 10:03:01,2.89,0.99,2.861,62.02,WARNING: Magnetic Interference Detected! Field: 62.02 G,Magnetic Tamper
2026-04-24 10:03:01,2.86,4.42,12.641,13.47,WARNING: High Current Draw Detected! Current: 4.42 A,Overload Detected
2026-04-24 10:03:02,2.7,1.03,2.781,12.23,Normal Operation,Normal
2026-04-24 10:03:02,2.72,1.01,2.747,12.33,Normal Operation,Normal
2026-04-24 10:14:06,2.8,0.91,2.548,14.83,Normal Operation,Normal
2026-04-24 10:14:07,2.07,0.94,1.946,15.73,CRITICAL: Voltage Tamper Detected! Voltage: 2.07 V,Voltage Tamper
2026-04-24 10:14:08,2.79,0.99,2.762,14.21,Normal Operation,Normal
2026-04-24 10:14:08,1.91,0.91,1.738,13.87,CRITICAL: Voltage Tamper Detected! Voltage: 1.91 V,Voltage Tamper
2026-04-24 10:14:09,2.83,0.95,2.688,16.25,Normal Operation,Normal
2026-04-24 10:14:09,2.76,0.95,2.622,16.0,Normal Operation,Normal
2026-04-24 10:14:10,2.79,0.94,2.623,14.66,Normal Operation,Normal
2026-04-24 10:14:11,2.8,0.0,0.0,13.47,WARNING: Zero Current Detected (Bypass)!,Bypass Detected
2026-04-24 10:14:11,2.84,0.94,2.67,15.93,Normal Operation,Normal
2026-04-24 10:14:12,2.8,0.94,2.632,13.19,Normal Operation,Normal
2026-04-24 10:14:12,2.75,0.97,2.667,13.78,Normal Operation,Normal
2026-04-24 10:14:13,2.79,0.98,2.734,15.75,Normal Operation,Normal
2026-04-24 10:14:14,2.77,0.99,2.742,14.04,Normal Operation,Normal
2026-04-24 10:14:14,2.77,0.0,0.0,16.3,WARNING: Zero Current Detected (Bypass)!,Bypass Detected
2026-04-24 10:14:15,2.8,0.93,2.604,13.85,Normal Operation,Normal
2026-04-24 10:14:15,2.78,0.0,0.0,13.19,WARNING: Zero Current Detected (Bypass)!,Bypass Detected
2026-04-24 10:14:16,1.97,0.98,1.931,14.06,CRITICAL: Voltage Tamper Detected! Voltage: 1.97 V,Voltage Tamper
2026-04-24 10:14:17,2.76,0.99,2.732,13.77,Normal Operation,Normal
2026-04-24 10:14:17,2.77,0.94,2.604,13.02,Normal Operation,Normal
2026-04-24 10:14:18,2.8,0.93,2.604,16.26,Normal Operation,Normal
2026-04-24 10:14:19,2.83,0.0,0.0,16.76,WARNING: Zero Current Detected (Bypass)!,Bypass Detected
2026-04-24 10:14:19,2.79,0.94,2.623,16.84,Normal Operation,Normal
2026-04-24 10:14:20,2.84,0.93,2.641,15.76,Normal Operation,Normal
2026-04-24 10:14:20,2.77,3.81,10.554,15.72,WARNING: High Current Draw Detected! Current: 3.81 A,Overload Detected
2026-04-24 10:14:21,2.8,0.9,2.52,16.04,Normal Operation,Normal
2026-04-24 10:14:22,2.79,0.96,2.678,14.25,Normal Operation,Normal
2026-04-24 10:14:22,2.84,0.98,2.783,15.42,Normal Operation,Normal
2026-04-24 10:14:23,2.85,0.94,2.679,16.74,Normal Operation,Normal
2026-04-24 10:14:23,2.81,0.93,2.613,14.46,Normal Operation,Normal
2026-04-24 10:14:24,2.79,0.99,2.762,15.31,Normal Operation,Normal
2026-04-24 10:14:25,2.75,0.92,2.53,15.56,Normal Operation,Normal
2026-04-24 10:14:25,2.78,0.96,2.669,13.96,Normal Operation,Normal
2026-04-24 10:14:26,2.84,2.62,7.441,15.14,WARNING: High Current Draw Detected! Current: 2.62 A,Overload Detected
2026-04-24 10:14:27,2.76,0.9,2.484,16.0,Normal Operation,Normal
2026-04-24 10:14:27,2.81,0.91,2.557,14.98,Normal Operation,Normal
2026-04-24 10:14:28,2.81,0.98,2.754,15.87,Normal Operation,Normal
2026-04-24 10:14:28,2.84,0.92,2.613,16.07,Normal Operation,Normal
2026-04-24 10:14:29,2.82,0.99,2.792,14.19,Normal Operation,Normal
2026-04-24 10:14:30,2.81,0.98,2.754,15.25,Normal Operation,Normal
2026-04-24 10:14:30,2.76,0.97,2.677,16.02,Normal Operation,Normal
2026-04-24 10:14:31,2.75,2.77,7.617,14.93,WARNING: High Current Draw Detected! Current: 2.77 A,Overload Detected
2026-04-24 10:14:31,2.85,1.0,2.85,13.44,Normal Operation,Normal
2026-04-24 10:14:32,2.79,0.0,0.0,16.53,WARNING: Zero Current Detected (Bypass)!,Bypass Detected
2026-04-24 10:14:33,2.79,0.93,2.595,16.32,Normal Operation,Normal
2026-04-24 10:14:33,2.78,0.99,2.752,14.29,Normal Operation,Normal
2026-04-24 10:14:34,2.78,2.88,8.006,16.31,WARNING: High Current Draw Detected! Current: 2.88 A,Overload Detected
2026-04-24 10:14:35,2.79,0.98,2.734,16.78,Normal Operation,Normal
2026-04-24 10:14:35,2.77,0.95,2.631,16.19,Normal Operation,Normal
2026-04-24 10:14:36,2.84,0.9,2.556,13.59,Normal Operation,Normal
2026-04-24 10:14:36,2.84,2.97,8.435,15.87,WARNING: High Current Draw Detected! Current: 2.97 A,Overload Detected
2026-04-24 10:14:37,2.84,0.96,2.726,13.2,Normal Operation,Normal
2026-04-24 10:14:38,2.79,0.96,2.678,13.18,Normal Operation,Normal
2026-04-24 10:14:38,2.79,3.75,10.463,15.57,WARNING: High Current Draw Detected! Current: 3.75 A,Overload Detected
2026-04-24 10:14:39,2.83,0.94,2.66,15.29,Normal Operation,Normal
2026-04-24 10:14:39,2.78,0.93,2.585,13.23,Normal Operation,Normal
2026-04-24 10:14:40,2.81,0.99,2.782,14.46,Normal Operation,Normal
2026-04-24 10:14:41,2.76,0.9,2.484,14.69,Normal Operation,Normal
2026-04-24 10:14:41,2.78,0.0,0.0,13.84,WARNING: Zero Current Detected (Bypass)!,Bypass Detected
2026-04-24 10:14:42,2.81,0.91,2.557,13.05,Normal Operation,Normal
2026-04-24 10:14:42,2.81,0.98,2.754,16.16,Normal Operation,Normal
2026-04-24 10:14:43,2.19,0.97,2.124,16.64,CRITICAL: Voltage Tamper Detected! Voltage: 2.19 V,Voltage Tamper
2026-04-24 10:14:44,2.76,0.98,2.705,13.56,Normal Operation,Normal
2026-04-24 10:14:44,2.83,0.0,0.0,15.76,WARNING: Zero Current Detected (Bypass)!,Bypass Detected
2026-04-24 10:14:45,2.76,0.98,2.705,16.17,Normal Operation,Normal
2026-04-24 10:14:46,2.83,0.91,2.575,16.08,Normal Operation,Normal
2026-04-24 10:14:46,2.77,1.0,2.77,13.11,Normal Operation,Normal
2026-04-24 10:14:47,2.12,0.95,2.014,13.72,CRITICAL: Voltage Tamper Detected! Voltage: 2.12 V,Voltage Tamper
2026-04-24 10:14:47,2.76,0.95,2.622,14.74,Normal Operation,Normal
2026-04-24 10:23:59,2.81,0.94,2.641,13.57,Normal Operation,Normal
2026-04-24 10:23:59,1.88,0.91,1.711,14.42,CRITICAL: Voltage Tamper Detected! Voltage: 1.88 V,Voltage Tamper
2026-04-24 10:24:00,2.84,0.99,2.812,15.49,Normal Operation,Normal
2026-04-24 10:24:01,2.76,0.92,2.539,15.27,Normal Operation,Normal
2026-04-24 10:24:01,2.83,0.94,2.66,13.52,Normal Operation,Normal
2026-04-24 10:24:02,2.8,0.96,2.688,14.38,Normal Operation,Normal
2026-04-24 10:24:02,2.83,0.93,2.632,16.63,Normal Operation,Normal
2026-04-24 10:24:03,2.76,1.0,2.76,90.48,WARNING: Magnetic Interference Detected! Field: 90.48 G,Magnetic Tamper
2026-04-24 10:24:04,2.79,0.94,2.623,14.4,Normal Operation,Normal
2026-04-24 10:24:04,2.78,0.0,0.0,14.93,WARNING: Zero Current Detected (Bypass)!,Bypass Detected
2026-04-24 10:24:05,2.84,4.52,12.837,15.24,WARNING: High Current Draw Detected! Current: 4.52 A,Overload Detected
2026-04-24 10:24:05,2.81,0.98,2.754,13.1,Normal Operation,Normal
2026-04-24 10:24:06,2.76,0.93,2.567,16.98,Normal Operation,Normal
2026-04-24 10:24:07,2.77,0.93,2.576,15.03,Normal Operation,Normal
2026-04-24 10:24:07,2.84,0.99,2.812,14.16,Normal Operation,Normal
2026-04-24 10:24:08,2.78,0.94,2.613,14.95,Normal Operation,Normal
2026-04-24 10:24:09,2.81,0.95,2.669,14.24,Normal Operation,Normal
2026-04-24 10:24:09,2.8,0.0,0.0,13.16,WARNING: Zero Current Detected (Bypass)!,Bypass Detected
2026-04-24 10:24:10,2.77,0.96,2.659,15.65,Normal Operation,Normal
2026-04-24 10:24:10,2.83,0.94,2.66,16.41,Normal Operation,Normal
2026-04-24 10:24:11,2.81,0.93,2.613,14.43,Normal Operation,Normal
2026-04-24 10:24:12,2.76,0.91,2.512,16.06,Normal Operation,Normal
2026-04-24 10:24:12,2.84,0.91,2.584,15.45,Normal Operation,Normal
2026-04-24 10:24:13,2.18,0.92,2.006,14.54,CRITICAL: Voltage Tamper Detected! Voltage: 2.18 V,Voltage Tamper
2026-04-24 10:24:13,2.83,0.94,2.66,13.89,Normal Operation,Normal
2026-04-24 10:24:14,2.78,0.92,2.558,71.42,WARNING: Magnetic Interference Detected! Field: 71.42 G,Magnetic Tamper
2026-04-24 10:24:15,2.79,0.93,2.595,76.25,WARNING: Magnetic Interference Detected! Field: 76.25 G,Magnetic Tamper
2026-04-24 10:24:15,2.08,0.91,1.893,16.6,CRITICAL: Voltage Tamper Detected! Voltage: 2.08 V,Voltage Tamper
2026-04-24 10:24:16,2.78,0.96,2.669,13.26,Normal Operation,Normal
2026-04-24 10:24:16,2.8,0.99,2.772,15.54,Normal Operation,Normal
2026-04-24 10:24:17,2.84,0.95,2.698,13.59,Normal Operation,Normal
2026-04-24 10:24:18,2.85,0.98,2.793,14.64,Normal Operation,Normal
2026-04-24 10:24:18,2.83,0.92,2.604,13.09,Normal Operation,Normal
2026-04-24 10:24:19,2.81,0.94,2.641,14.32,Normal Operation,Normal
2026-04-24 10:24:20,2.77,1.0,2.77,16.67,Normal Operation,Normal
2026-04-24 10:24:20,2.83,0.92,2.604,14.91,Normal Operation,Normal
2026-04-24 10:24:21,2.76,1.0,2.76,15.1,Normal Operation,Normal
2026-04-24 10:24:21,2.85,4.68,13.338,14.98,WARNING: High Current Draw Detected! Current: 4.68 A,Overload Detected
2026-04-24 10:24:22,2.82,0.0,0.0,13.34,WARNING: Zero Current Detected (Bypass)!,Bypass Detected
2026-04-24 10:24:23,2.79,0.95,2.651,16.56,Normal Operation,Normal
2026-04-24 10:24:23,2.83,0.94,2.66,13.66,Normal Operation,Normal
2026-04-24 10:24:24,2.79,0.0,0.0,14.43,WARNING: Zero Current Detected (Bypass)!,Bypass Detected
2026-04-24 10:24:24,2.82,0.0,0.0,15.01,WARNING: Zero Current Detected (Bypass)!,Bypass Detected
2026-04-24 10:24:25,2.84,0.92,2.613,15.1,Normal Operation,Normal
2026-04-24 10:24:26,2.78,0.92,2.558,15.66,Normal Operation,Normal
2026-04-24 10:24:26,2.75,0.94,2.585,14.24,Normal Operation,Normal
2026-04-24 10:24:27,2.79,0.94,2.623,13.38,Normal Operation,Normal
2026-04-24 10:24:28,2.8,0.98,2.744,13.06,Normal Operation,Normal
2026-04-24 10:24:28,2.84,2.67,7.583,14.48,WARNING: High Current Draw Detected! Current: 2.67 A,Overload Detected
2026-04-24 10:24:29,2.77,3.89,10.775,14.89,WARNING: High Current Draw Detected! Current: 3.89 A,Overload Detected
2026-04-24 10:24:29,2.81,0.94,2.641,13.54,Normal Operation,Normal
2026-04-24 10:24:30,2.8,0.96,2.688,16.54,Normal Operation,Normal
2026-04-24 10:24:31,2.81,0.93,2.613,14.84,Normal Operation,Normal
2026-04-24 10:24:31,2.81,0.91,2.557,14.72,Normal Operation,Normal
2026-04-24 10:24:32,2.77,0.93,2.576,94.87,WARNING: Magnetic Interference Detected! Field: 94.87 G,Magnetic Tamper
2026-04-24 10:24:32,2.82,0.94,2.651,15.72,Normal Operation,Normal
2026-04-24 10:24:33,2.81,0.98,2.754,14.04,Normal Operation,Normal
2026-04-24 10:24:34,2.81,0.9,2.529,15.07,Normal Operation,Normal
2026-04-24 10:24:34,2.77,0.97,2.687,16.0,Normal Operation,Normal
2026-04-24 10:24:35,2.81,0.98,2.754,16.43,Normal Operation,Normal
2026-04-24 10:24:36,2.84,0.0,0.0,14.11,WARNING: Zero Current Detected (Bypass)!,Bypass Detected
2026-04-24 10:24:36,2.76,0.98,2.705,14.19,Normal Operation,Normal
2026-04-24 10:24:37,2.81,2.77,7.784,15.75,WARNING: High Current Draw Detected! Current: 2.77 A,Overload Detected
2026-04-24 10:24:37,2.83,0.98,2.773,15.96,Normal Operation,Normal
2026-04-24 10:24:38,2.78,0.96,2.669,16.77,Normal Operation,Normal
2026-04-24 10:24:39,2.78,0.97,2.697,15.82,Normal Operation,Normal
2026-04-24 10:24:39,2.78,0.95,2.641,15.0,Normal Operation,Normal
2026-04-24 10:24:40,2.8,0.91,2.548,16.68,Normal Operation,Normal
2026-04-24 10:24:41,2.83,0.9,2.547,14.56,Normal Operation,Normal
2026-04-24 10:24:41,2.82,2.5,7.05,13.76,WARNING: High Current Draw Detected! Current: 2.50 A,Overload Detected
2026-04-24 10:24:42,2.81,0.95,2.669,13.43,Normal Operation,Normal
2026-04-24 10:24:42,2.78,0.91,2.53,16.95,Normal Operation,Normal
2026-04-24 10:24:43,2.84,0.9,2.556,14.87,Normal Operation,Normal
2026-04-24 10:24:44,1.89,0.9,1.701,16.05,CRITICAL: Voltage Tamper Detected! Voltage: 1.89 V,Voltage Tamper
2026-04-24 10:24:44,2.85,0.98,2.793,14.26,Normal Operation,Normal
2026-04-24 10:24:45,2.75,1.0,2.75,15.98,Normal Operation,Normal
2026-04-24 10:24:45,2.83,0.92,2.604,87.63,WARNING: Magnetic Interference Detected! Field: 87.63 G,Magnetic Tamper
2026-04-24 10:24:46,2.8,0.96,2.688,15.7,Normal Operation,Normal
2026-04-24 10:24:46,2.8,0.98,2.744,15.34,Normal Operation,Normal
2026-04-24 10:24:47,2.8,0.94,2.632,16.94,Normal Operation,Normal
2026-04-24 10:24:48,2.78,4.22,11.732,14.85,WARNING: High Current Draw Detected! Current: 4.22 A,Overload Detected
2026-04-24 10:24:48,2.76,0.9,2.484,13.93,Normal Operation,Normal
2026-04-24 10:24:49,2.77,0.94,2.604,16.58,Normal Operation,Normal
2026-04-24 10:24:49,2.82,0.91,2.566,15.45,Normal Operation,Normal
2026-04-24 10:24:50,2.76,0.96,2.65,15.61,Normal Operation,Normal
2026-04-24 10:24:51,2.81,0.97,2.726,15.75,Normal Operation,Normal
2026-04-24 10:24:51,2.85,0.9,2.565,16.08,Normal Operation,Normal
2026-04-24 10:24:52,2.83,0.93,2.632,14.41,Normal Operation,Normal
2026-04-24 10:24:52,2.76,0.92,2.539,14.08,Normal Operation,Normal
2026-04-24 10:24:53,2.8,3.4,9.52,15.76,WARNING: High Current Draw Detected! Current: 3.40 A,Overload Detected
2026-04-24 10:24:54,2.8,2.63,7.364,14.38,WARNING: High Current Draw Detected! Current: 2.63 A,Overload Detected
2026-04-24 10:24:54,2.8,0.93,2.604,16.82,Normal Operation,Normal
2026-04-24 10:24:55,2.82,0.92,2.594,13.98,Normal Operation,Normal
2026-04-24 10:24:55,2.81,0.96,2.698,15.94,Normal Operation,Normal
2026-04-24 10:24:56,2.85,0.9,2.565,16.37,Normal Operation,Normal
2026-04-24 10:24:57,2.8,0.97,2.716,13.96,Normal Operation,Normal
2026-04-24 10:24:57,2.77,0.91,2.521,77.16,WARNING: Magnetic Interference Detected! Field: 77.16 G,Magnetic Tamper
2026-04-24 10:24:58,2.84,0.93,2.641,16.53,Normal Operation,Normal
2026-04-24 10:24:59,2.78,0.97,2.697,88.56,WARNING: Magnetic Interference Detected! Field: 88.56 G,Magnetic Tamper
2026-04-24 10:24:59,2.82,3.44,9.701,14.14,WARNING: High Current Draw Detected! Current: 3.44 A,Overload Detected
2026-04-24 10:25:00,2.79,0.9,2.511,16.68,Normal Operation,Normal
2026-04-24 10:25:00,2.83,0.99,2.802,16.33,Normal Operation,Normal
2026-04-24 10:25:01,2.77,0.93,2.576,13.58,Normal Operation,Normal
2026-04-24 10:25:02,2.81,0.9,2.529,16.25,Normal Operation,Normal
2026-04-24 10:25:02,2.76,0.94,2.594,16.0,Normal Operation,Normal
2026-04-24 10:25:03,2.78,0.92,2.558,14.47,Normal Operation,Normal
2026-04-24 10:25:04,2.75,0.96,2.64,13.36,Normal Operation,Normal
2026-04-24 10:25:04,2.83,0.98,2.773,15.28,Normal Operation,Normal
2026-04-24 10:25:05,2.81,2.58,7.25,15.17,WARNING: High Current Draw Detected! Current: 2.58 A,Overload Detected
2026-04-24 10:25:06,2.82,0.96,2.707,68.44,WARNING: Magnetic Interference Detected! Field: 68.44 G,Magnetic Tamper
2026-04-24 10:25:06,2.83,0.96,2.717,15.76,Normal Operation,Normal
2026-04-24 10:25:07,2.78,0.99,2.752,16.77,Normal Operation,Normal
2026-04-24 10:25:07,2.79,0.96,2.678,15.63,Normal Operation,Normal
2026-04-24 10:25:08,2.82,0.96,2.707,16.94,Normal Operation,Normal
2026-04-24 10:25:09,2.82,0.98,2.764,68.6,WARNING: Magnetic Interference Detected! Field: 68.60 G,Magnetic Tamper
2026-04-24 10:25:09,2.84,0.96,2.726,14.54,Normal Operation,Normal
2026-04-24 10:25:10,2.79,0.0,0.0,13.43,WARNING: Zero Current Detected (Bypass)!,Bypass Detected
2026-04-24 10:25:11,2.81,0.9,2.529,16.5,Normal Operation,Normal
2026-04-24 10:25:11,2.83,0.94,2.66,15.79,Normal Operation,Normal
2026-04-24 10:25:12,2.79,0.92,2.567,14.19,Normal Operation,Normal
2026-04-24 10:25:12,2.82,0.99,2.792,17.0,Normal Operation,Normal
2026-04-24 10:25:13,2.78,0.95,2.641,14.07,Normal Operation,Normal
2026-04-24 10:25:14,2.78,0.95,2.641,68.0,WARNING: Magnetic Interference Detected! Field: 68.00 G,Magnetic Tamper
2026-04-24 10:25:14,2.76,0.95,2.622,16.33,Normal Operation,Normal
2026-04-24 10:25:15,2.81,0.98,2.754,15.73,Normal Operation,Normal
2026-04-24 10:25:16,2.79,0.0,0.0,15.99,WARNING: Zero Current Detected (Bypass)!,Bypass Detected
2026-04-24 10:25:16,2.8,0.93,2.604,13.18,Normal Operation,Normal
2026-04-24 10:25:17,2.84,0.9,2.556,13.93,Normal Operation,Normal
2026-04-24 10:25:17,2.76,0.96,2.65,15.32,Normal Operation,Normal
2026-04-24 10:25:18,2.85,0.99,2.821,14.5,Normal Operation,Normal
2026-04-24 10:25:19,2.79,0.94,2.623,60.94,WARNING: Magnetic Interference Detected! Field: 60.94 G,Magnetic Tamper
2026-04-24 10:25:19,2.83,0.93,2.632,15.33,Normal Operation,Normal
2026-04-24 10:25:20,2.81,0.97,2.726,13.6,Normal Operation,Normal
2026-04-24 10:25:21,2.83,0.95,2.688,15.2,Normal Operation,Normal
2026-04-24 10:25:21,2.78,0.97,2.697,14.09,Normal Operation,Normal
2026-04-24 10:25:22,2.83,0.95,2.688,16.45,Normal Operation,Normal
2026-04-24 10:25:22,2.79,0.93,2.595,13.3,Normal Operation,Normal
2026-04-24 10:25:23,2.82,0.0,0.0,14.07,WARNING: Zero Current Detected (Bypass)!,Bypass Detected
2026-04-24 10:25:24,2.81,0.96,2.698,16.73,Normal Operation,Normal
2026-04-24 10:25:24,2.82,0.99,2.792,14.5,Normal Operation,Normal
2026-04-24 10:25:25,2.83,0.98,2.773,13.95,Normal Operation,Normal
2026-04-24 10:25:26,2.76,0.93,2.567,71.65,WARNING: Magnetic Interference Detected! Field: 71.65 G,Magnetic Tamper
2026-04-24 10:25:26,2.79,0.98,2.734,13.29,Normal Operation,Normal
2026-04-24 10:25:27,2.85,0.96,2.736,85.11,WARNING: Magnetic Interference Detected! Field: 85.11 G,Magnetic Tamper
2026-04-24 10:25:28,2.38,0.99,2.356,14.86,CRITICAL: Voltage Tamper Detected! Voltage: 2.38 V,Voltage Tamper
2026-04-24 10:25:28,2.81,0.0,0.0,15.71,WARNING: Zero Current Detected (Bypass)!,Bypass Detected
2026-04-24 10:25:29,2.8,0.0,0.0,13.48,WARNING: Zero Current Detected (Bypass)!,Bypass Detected
2026-04-24 10:25:29,2.8,0.99,2.772,15.38,Normal Operation,Normal
2026-04-24 10:25:30,2.77,0.95,2.631,13.46,Normal Operation,Normal
2026-04-24 10:25:31,2.77,0.98,2.715,16.67,Normal Operation,Normal
2026-04-24 10:25:31,2.36,0.99,2.336,13.33,CRITICAL: Voltage Tamper Detected! Voltage: 2.36 V,Voltage Tamper
2026-04-24 10:25:32,2.78,0.98,2.724,13.33,Normal Operation,Normal
2026-04-24 10:25:33,2.82,0.9,2.538,14.81,Normal Operation,Normal
2026-04-24 10:25:33,2.8,1.0,2.8,16.42,Normal Operation,Normal
2026-04-24 10:25:34,2.76,0.92,2.539,16.08,Normal Operation,Normal
2026-04-24 10:25:34,2.83,0.96,2.717,16.07,Normal Operation,Normal
2026-04-24 10:25:35,2.81,0.96,2.698,16.49,Normal Operation,Normal
2026-04-24 10:25:36,2.82,0.91,2.566,14.25,Normal Operation,Normal
2026-04-24 10:25:36,2.83,0.0,0.0,13.0,WARNING: Zero Current Detected (Bypass)!,Bypass Detected
2026-04-24 10:25:37,2.76,0.0,0.0,15.5,WARNING: Zero Current Detected (Bypass)!,Bypass Detected
2026-04-24 10:25:38,2.8,0.93,2.604,16.4,Normal Operation,Normal
2026-04-24 10:25:38,2.82,0.93,2.623,13.62,Normal Operation,Normal
2026-04-24 10:25:39,2.81,0.93,2.613,14.46,Normal Operation,Normal
2026-04-24 10:25:39,2.79,0.96,2.678,13.43,Normal Operation,Normal
2026-04-24 10:25:40,2.83,0.97,2.745,14.77,Normal Operation,Normal
2026-04-24 10:25:41,2.79,0.9,2.511,16.75,Normal Operation,Normal
2026-04-24 10:25:41,2.77,0.98,2.715,86.57,WARNING: Magnetic Interference Detected! Field: 86.57 G,Magnetic Tamper
2026-04-24 10:25:42,2.76,0.94,2.594,14.53,Normal Operation,Normal
2026-04-24 10:25:43,2.75,0.98,2.695,13.23,Normal Operation,Normal
2026-04-24 10:25:43,2.83,0.96,2.717,14.28,Normal Operation,Normal
2026-04-24 10:25:44,2.78,0.92,2.558,99.07,WARNING: Magnetic Interference Detected! Field: 99.07 G,Magnetic Tamper
2026-04-24 10:25:44,2.81,0.94,2.641,15.42,Normal Operation,Normal
2026-04-24 10:25:45,2.84,3.25,9.23,13.4,WARNING: High Current Draw Detected! Current: 3.25 A,Overload Detected
2026-04-24 10:25:46,2.77,0.99,2.742,15.59,Normal Operation,Normal
2026-04-24 10:25:46,2.84,0.94,2.67,15.95,Normal Operation,Normal
2026-04-24 10:25:47,2.83,1.0,2.83,16.68,Normal Operation,Normal
2026-04-24 10:25:47,2.01,0.9,1.809,16.43,CRITICAL: Voltage Tamper Detected! Voltage: 2.01 V,Voltage Tamper
2026-04-24 10:25:48,2.79,0.96,2.678,13.42,Normal Operation,Normal
2026-04-24 10:25:49,2.8,0.95,2.66,73.5,WARNING: Magnetic Interference Detected! Field: 73.50 G,Magnetic Tamper
2026-04-24 10:25:49,2.79,4.48,12.499,15.81,WARNING: High Current Draw Detected! Current: 4.48 A,Overload Detected
2026-04-24 10:25:50,2.84,0.98,2.783,13.38,Normal Operation,Normal
2026-04-24 10:25:51,2.81,1.0,2.81,13.82,Normal Operation,Normal
2026-04-24 10:25:51,2.84,0.0,0.0,15.53,WARNING: Zero Current Detected (Bypass)!,Bypass Detected
2026-04-24 10:25:52,2.78,4.24,11.787,13.58,WARNING: High Current Draw Detected! Current: 4.24 A,Overload Detected
2026-04-24 10:25:53,2.75,0.95,2.612,79.69,WARNING: Magnetic Interference Detected! Field: 79.69 G,Magnetic Tamper
2026-04-24 10:25:53,2.77,4.39,12.16,13.01,WARNING: High Current Draw Detected! Current: 4.39 A,Overload Detected
2026-04-24 10:25:54,2.75,0.95,2.612,14.19,Normal Operation,Normal
2026-04-24 10:25:54,2.83,0.93,2.632,16.92,Normal Operation,Normal
2026-04-24 10:25:55,2.79,1.0,2.79,14.98,Normal Operation,Normal
2026-04-24 10:25:56,1.9,0.99,1.881,16.59,CRITICAL: Voltage Tamper Detected! Voltage: 1.90 V,Voltage Tamper
2026-04-24 10:25:56,2.79,0.92,2.567,16.75,Normal Operation,Normal
2026-04-24 10:25:57,2.76,0.96,2.65,16.24,Normal Operation,Normal
2026-04-24 10:25:58,2.8,4.07,11.396,13.54,WARNING: High Current Draw Detected! Current: 4.07 A,Overload Detected
2026-04-24 10:25:58,2.76,0.93,2.567,16.9,Normal Operation,Normal
2026-04-24 10:25:59,2.78,0.94,2.613,15.04,Normal Operation,Normal
2026-04-24 10:25:59,2.76,0.98,2.705,74.47,WARNING: Magnetic Interference Detected! Field: 74.47 G,Magnetic Tamper
2026-04-24 10:26:00,2.83,0.98,2.773,14.69,Normal Operation,Normal
2026-04-24 10:26:01,2.8,1.0,2.8,13.52,Normal Operation,Normal
2026-04-24 10:26:01,2.84,0.98,2.783,15.29,Normal Operation,Normal
2026-04-24 10:26:02,2.77,0.95,2.631,15.01,Normal Operation,Normal
2026-04-24 10:26:02,2.77,0.98,2.715,13.8,Normal Operation,Normal
2026-04-24 10:26:03,2.79,0.9,2.511,14.32,Normal Operation,Normal
2026-04-24 10:26:04,2.81,0.96,2.698,13.31,Normal Operation,Normal
2026-04-24 10:26:04,2.76,4.5,12.42,16.76,WARNING: High Current Draw Detected! Current: 4.50 A,Overload Detected
2026-04-24 10:26:05,2.09,0.97,2.027,16.68,CRITICAL: Voltage Tamper Detected! Voltage: 2.09 V,Voltage Tamper
2026-04-24 10:26:06,2.76,0.96,2.65,17.0,Normal Operation,Normal
2026-04-24 10:26:06,2.78,0.97,2.697,14.74,Normal Operation,Normal
2026-04-24 10:26:07,2.79,0.99,2.762,14.22,Normal Operation,Normal
2026-04-24 10:26:07,2.81,0.97,2.726,67.19,WARNING: Magnetic Interference Detected! Field: 67.19 G,Magnetic Tamper
2026-04-24 10:26:08,2.8,0.97,2.716,15.96,Normal Operation,Normal
2026-04-24 10:26:09,2.82,0.97,2.735,73.22,WARNING: Magnetic Interference Detected! Field: 73.22 G,Magnetic Tamper
2026-04-24 10:26:09,2.81,0.96,2.698,16.29,Normal Operation,Normal
2026-04-24 10:26:10,2.76,0.97,2.677,14.91,Normal Operation,Normal
2026-04-24 10:26:11,2.81,0.95,2.669,14.22,Normal Operation,Normal
2026-04-24 10:26:11,2.83,0.91,2.575,16.9,Normal Operation,Normal
2026-04-24 10:26:12,2.25,0.92,2.07,16.55,CRITICAL: Voltage Tamper Detected! Voltage: 2.25 V,Voltage Tamper
2026-04-24 10:26:13,2.84,0.98,2.783,15.2,Normal Operation,Normal
2026-04-24 10:26:13,2.81,0.98,2.754,60.24,WARNING: Magnetic Interference Detected! Field: 60.24 G,Magnetic Tamper
2026-04-24 10:26:14,2.85,0.91,2.594,16.48,Normal Operation,Normal
2026-04-24 10:26:14,2.8,0.92,2.576,15.74,Normal Operation,Normal
2026-04-24 10:26:15,2.76,0.9,2.484,15.98,Normal Operation,Normal
2026-04-24 10:26:16,2.79,0.0,0.0,13.87,WARNING: Zero Current Detected (Bypass)!,Bypass Detected
2026-04-24 10:26:16,2.78,0.91,2.53,13.79,Normal Operation,Normal
2026-04-24 10:26:17,2.8,0.94,2.632,14.56,Normal Operation,Normal
2026-04-24 10:26:17,2.83,0.96,2.717,14.01,Normal Operation,Normal
2026-04-24 10:26:18,2.77,0.99,2.742,13.88,Normal Operation,Normal
2026-04-24 10:26:19,2.8,0.93,2.604,16.22,Normal Operation,Normal
2026-04-24 10:26:19,2.83,0.99,2.802,14.93,Normal Operation,Normal
2026-04-24 10:26:20,2.82,0.99,2.792,13.66,Normal Operation,Normal
2026-04-24 10:26:21,2.79,3.24,9.04,15.38,WARNING: High Current Draw Detected! Current: 3.24 A,Overload Detected
2026-04-24 10:26:21,2.82,0.97,2.735,16.06,Normal Operation,Normal
2026-04-24 10:26:22,2.76,0.96,2.65,13.7,Normal Operation,Normal
2026-04-24 10:26:22,2.31,0.91,2.102,15.04,CRITICAL: Voltage Tamper Detected! Voltage: 2.31 V,Voltage Tamper
2026-04-24 10:26:23,2.84,0.98,2.783,15.46,Normal Operation,Normal
2026-04-24 10:26:24,2.81,0.99,2.782,16.69,Normal Operation,Normal
2026-04-24 10:26:24,2.81,0.95,2.669,15.77,Normal Operation,Normal
2026-04-24 10:26:25,2.8,0.93,2.604,14.33,Normal Operation,Normal
2026-04-24 10:26:26,2.81,0.9,2.529,14.07,Normal Operation,Normal
2026-04-24 10:26:26,2.78,0.91,2.53,14.58,Normal Operation,Normal
2026-04-24 10:26:27,2.79,0.92,2.567,14.34,Normal Operation,Normal
2026-04-24 10:26:27,2.78,0.96,2.669,13.71,Normal Operation,Normal
2026-04-24 10:26:28,2.83,3.38,9.565,14.33,WARNING: High Current Draw Detected! Current: 3.38 A,Overload Detected
2026-04-24 10:26:29,2.76,0.96,2.65,16.19,Normal Operation,Normal
2026-04-24 10:26:29,1.95,0.94,1.833,14.52,CRITICAL: Voltage Tamper Detected! Voltage: 1.95 V,Voltage Tamper
2026-04-24 10:26:30,2.77,0.94,2.604,14.23,Normal Operation,Normal
2026-04-24 10:26:31,2.81,0.97,2.726,16.64,Normal Operation,Normal
2026-04-24 10:26:31,2.85,0.96,2.736,14.37,Normal Operation,Normal
2026-04-24 10:26:32,2.82,0.97,2.735,14.43,Normal Operation,Normal
2026-04-24 10:26:33,2.8,0.99,2.772,14.98,Normal Operation,Normal
2026-04-24 10:26:33,2.81,0.94,2.641,14.16,Normal Operation,Normal
2026-04-24 10:26:34,2.85,0.94,2.679,13.25,Normal Operation,Normal
2026-04-24 10:26:35,2.77,0.93,2.576,13.04,Normal Operation,Normal
2026-04-24 10:26:35,2.82,0.93,2.623,15.1,Normal Operation,Normal
2026-04-24 10:26:36,2.83,0.95,2.688,13.29,Normal Operation,Normal
2026-04-24 10:26:36,2.83,0.93,2.632,14.48,Normal Operation,Normal
2026-04-24 10:26:37,2.78,0.9,2.502,16.1,Normal Operation,Normal
2026-04-24 10:26:38,2.82,0.92,2.594,16.29,Normal Operation,Normal
2026-04-24 10:26:38,1.89,0.93,1.758,13.54,CRITICAL: Voltage Tamper Detected! Voltage: 1.89 V,Voltage Tamper
2026-04-24 10:26:39,2.83,0.99,2.802,13.67,Normal Operation,Normal
2026-04-24 10:26:40,2.79,3.6,10.044,13.77,WARNING: High Current Draw Detected! Current: 3.60 A,Overload Detected
2026-04-24 10:26:40,2.78,0.91,2.53,15.1,Normal Operation,Normal
2026-04-24 10:26:41,2.79,0.94,2.623,14.45,Normal Operation,Normal
2026-04-24 10:26:42,2.82,0.0,0.0,13.37,WARNING: Zero Current Detected (Bypass)!,Bypass Detected
2026-04-24 10:26:42,2.8,0.95,2.66,16.49,Normal Operation,Normal
2026-04-24 10:26:43,2.83,0.93,2.632,14.54,Normal Operation,Normal
2026-04-24 10:26:44,2.77,0.94,2.604,13.1,Normal Operation,Normal
2026-04-24 10:26:45,2.84,0.93,2.641,16.99,Normal Operation,Normal
2026-04-24 10:26:45,2.85,0.99,2.821,13.71,Normal Operation,Normal
2026-04-24 10:26:46,2.77,0.98,2.715,16.36,Normal Operation,Normal
2026-04-24 10:26:47,2.82,0.94,2.651,15.48,Normal Operation,Normal
2026-04-24 10:26:47,2.81,0.97,2.726,16.14,Normal Operation,Normal
2026-04-24 10:26:48,2.82,0.98,2.764,13.9,Normal Operation,Normal
2026-04-24 10:26:49,2.77,0.94,2.604,14.08,Normal Operation,Normal
2026-04-24 10:26:49,1.85,0.97,1.794,15.11,CRITICAL: Voltage Tamper Detected! Voltage: 1.85 V,Voltage Tamper
2026-04-24 10:26:50,2.82,0.97,2.735,16.63,Normal Operation,Normal
2026-04-24 10:26:51,2.79,0.99,2.762,13.8,Normal Operation,Normal
2026-04-24 10:26:51,2.83,0.93,2.632,13.19,Normal Operation,Normal
2026-04-24 10:26:52,2.81,0.99,2.782,14.45,Normal Operation,Normal
2026-04-24 10:26:53,2.79,1.0,2.79,14.11,Normal Operation,Normal
2026-04-24 10:26:53,2.8,0.92,2.576,16.21,Normal Operation,Normal
2026-04-24 10:26:54,2.83,3.12,8.83,14.73,WARNING: High Current Draw Detected! Current: 3.12 A,Overload Detected
2026-04-24 10:26:55,2.78,4.98,13.844,16.3,WARNING: High Current Draw Detected! Current: 4.98 A,Overload Detected
2026-04-24 10:26:55,2.78,0.9,2.502,88.73,WARNING: Magnetic Interference Detected! Field: 88.73 G,Magnetic Tamper
2026-04-24 10:26:56,2.77,0.95,2.631,14.94,Normal Operation,Normal
2026-04-24 10:26:56,2.83,0.91,2.575,14.49,Normal Operation,Normal
2026-04-24 10:26:57,2.75,0.99,2.723,16.63,Normal Operation,Normal
2026-04-24 10:26:58,2.8,0.0,0.0,13.93,WARNING: Zero Current Detected (Bypass)!,Bypass Detected
2026-04-24 10:26:58,2.8,0.9,2.52,15.87,Normal Operation,Normal
2026-04-24 10:26:59,2.84,0.98,2.783,13.85,Normal Operation,Normal
2026-04-24 10:27:00,2.79,0.97,2.706,14.03,Normal Operation,Normal
2026-04-24 10:27:00,2.8,0.95,2.66,14.22,Normal Operation,Normal
2026-04-24 10:27:01,2.84,0.95,2.698,14.02,Normal Operation,Normal
2026-04-24 10:27:01,2.81,0.93,2.613,16.99,Normal Operation,Normal
2026-04-24 10:27:02,2.39,0.99,2.366,15.33,CRITICAL: Voltage Tamper Detected! Voltage: 2.39 V,Voltage Tamper
2026-04-24 10:27:03,2.81,0.97,2.726,15.83,Normal Operation,Normal
2026-04-24 10:27:03,2.2,0.95,2.09,15.45,CRITICAL: Voltage Tamper Detected! Voltage: 2.20 V,Voltage Tamper
2026-04-24 10:27:04,2.83,0.95,2.688,16.74,Normal Operation,Normal
2026-04-24 10:27:05,2.78,0.98,2.724,13.91,Normal Operation,Normal
2026-04-24 10:27:05,2.14,0.91,1.947,13.49,CRITICAL: Voltage Tamper Detected! Voltage: 2.14 V,Voltage Tamper
2026-04-24 10:27:06,2.77,0.95,2.631,16.7,Normal Operation,Normal
2026-04-24 10:27:07,2.76,0.92,2.539,14.08,Normal Operation,Normal
2026-04-24 10:27:07,1.95,0.97,1.891,15.28,CRITICAL: Voltage Tamper Detected! Voltage: 1.95 V,Voltage Tamper
2026-04-24 10:27:08,2.8,0.95,2.66,13.74,Normal Operation,Normal
2026-04-24 10:27:08,2.82,0.93,2.623,13.47,Normal Operation,Normal
2026-04-24 10:27:09,2.77,1.0,2.77,13.33,Normal Operation,Normal
2026-04-24 10:27:10,2.76,0.92,2.539,16.23,Normal Operation,Normal
2026-04-24 10:27:10,2.84,0.0,0.0,14.05,WARNING: Zero Current Detected (Bypass)!,Bypass Detected
2026-04-24 10:27:11,2.81,0.95,2.669,13.05,Normal Operation,Normal
2026-04-24 10:27:12,1.83,0.95,1.738,13.86,CRITICAL: Voltage Tamper Detected! Voltage: 1.83 V,Voltage Tamper
2026-04-24 10:27:12,2.76,0.97,2.677,14.12,Normal Operation,Normal
2026-04-24 10:27:13,2.83,0.99,2.802,13.48,Normal Operation,Normal
2026-04-24 10:27:13,2.78,0.97,2.697,16.06,Normal Operation,Normal
2026-04-24 10:27:14,2.82,0.96,2.707,15.53,Normal Operation,Normal
2026-04-24 10:27:15,2.8,0.93,2.604,14.73,Normal Operation,Normal
2026-04-24 10:27:15,2.8,0.98,2.744,13.2,Normal Operation,Normal
2026-04-24 10:27:16,2.81,0.95,2.669,14.1,Normal Operation,Normal
2026-04-24 10:27:17,2.81,0.92,2.585,14.58,Normal Operation,Normal
2026-04-24 10:27:17,2.84,0.97,2.755,14.67,Normal Operation,Normal
2026-04-24 10:27:18,2.8,0.91,2.548,16.5,Normal Operation,Normal
2026-04-24 10:27:18,2.83,0.97,2.745,15.93,Normal Operation,Normal
2026-04-24 10:27:19,2.82,0.93,2.623,15.88,Normal Operation,Normal
2026-04-24 10:27:20,2.78,0.93,2.585,15.19,Normal Operation,Normal
2026-04-24 10:27:20,2.77,0.98,2.715,13.64,Normal Operation,Normal
2026-04-24 10:27:21,1.81,0.92,1.665,15.52,CRITICAL: Voltage Tamper Detected! Voltage: 1.81 V,Voltage Tamper
2026-04-24 10:27:22,2.84,0.97,2.755,14.67,Normal Operation,Normal
2026-04-24 10:27:22,2.79,0.93,2.595,13.84,Normal Operation,Normal
2026-04-24 10:27:23,2.83,4.17,11.801,14.85,WARNING: High Current Draw Detected! Current: 4.17 A,Overload Detected
2026-04-24 10:27:24,2.8,2.04,5.712,16.71,WARNING: High Current Draw Detected! Current: 2.04 A,Overload Detected
2026-04-24 10:27:24,2.8,0.97,2.716,72.49,WARNING: Magnetic Interference Detected! Field: 72.49 G,Magnetic Tamper
2026-04-24 10:27:25,2.84,0.94,2.67,15.37,Normal Operation,Normal
2026-04-24 10:27:26,2.78,4.97,13.817,14.22,WARNING: High Current Draw Detected! Current: 4.97 A,Overload Detected
2026-04-24 10:27:26,2.79,0.95,2.651,16.46,Normal Operation,Normal
2026-04-24 10:27:27,2.77,0.98,2.715,15.04,Normal Operation,Normal
2026-04-24 10:27:27,2.81,0.95,2.669,16.01,Normal Operation,Normal
2026-04-24 10:27:28,2.84,0.97,2.755,13.7,Normal Operation,Normal
2026-04-24 10:27:29,2.75,0.0,0.0,13.79,WARNING: Zero Current Detected (Bypass)!,Bypass Detected
2026-04-24 10:27:30,2.76,0.98,2.705,16.91,Normal Operation,Normal
2026-04-24 10:27:30,2.81,3.58,10.06,13.07,WARNING: High Current Draw Detected! Current: 3.58 A,Overload Detected
2026-04-24 10:27:31,2.77,0.93,2.576,16.29,Normal Operation,Normal
2026-04-24 10:27:32,2.8,0.92,2.576,13.74,Normal Operation,Normal
2026-04-24 10:27:32,1.93,0.99,1.911,16.97,CRITICAL: Voltage Tamper Detected! Voltage: 1.93 V,Voltage Tamper
2026-04-24 10:27:33,2.81,0.92,2.585,14.96,Normal Operation,Normal
2026-04-24 10:27:34,2.82,0.9,2.538,15.92,Normal Operation,Normal
2026-04-24 10:27:34,2.82,4.51,12.718,16.03,WARNING: High Current Draw Detected! Current: 4.51 A,Overload Detected
2026-04-24 10:27:35,2.83,0.96,2.717,14.82,Normal Operation,Normal
2026-04-24 10:27:35,2.77,3.04,8.421,14.28,WARNING: High Current Draw Detected! Current: 3.04 A,Overload Detected
2026-04-24 10:27:36,2.76,0.94,2.594,16.09,Normal Operation,Normal
2026-04-24 10:27:37,2.85,0.97,2.764,16.05,Normal Operation,Normal
2026-04-24 10:27:37,2.8,0.94,2.632,14.25,Normal Operation,Normal
2026-04-24 10:27:38,2.82,0.9,2.538,15.7,Normal Operation,Normal
2026-04-24 10:27:39,2.81,0.92,2.585,15.02,Normal Operation,Normal
2026-04-24 10:27:39,2.76,0.91,2.512,16.27,Normal Operation,Normal
2026-04-24 10:27:40,2.77,0.96,2.659,14.02,Normal Operation,Normal
2026-04-24 10:27:41,2.25,1.0,2.25,13.31,CRITICAL: Voltage Tamper Detected! Voltage: 2.25 V,Voltage Tamper
2026-04-24 10:27:42,2.77,0.91,2.521,14.81,Normal Operation,Normal
2026-04-24 10:27:43,2.83,1.0,2.83,13.82,Normal Operation,Normal
2026-04-24 10:27:43,2.84,2.33,6.617,16.92,WARNING: High Current Draw Detected! Current: 2.33 A,Overload Detected
2026-04-24 10:27:45,2.8,0.93,2.604,14.51,Normal Operation,Normal
2026-04-24 10:27:46,2.75,0.94,2.585,16.76,Normal Operation,Normal
2026-04-24 10:27:47,2.82,0.94,2.651,16.41,Normal Operation,Normal
2026-04-24 10:27:47,2.76,0.9,2.484,15.06,Normal Operation,Normal
2026-04-24 10:27:49,2.18,0.97,2.115,15.27,CRITICAL: Voltage Tamper Detected! Voltage: 2.18 V,Voltage Tamper
2026-04-24 10:27:50,2.8,0.94,2.632,13.58,Normal Operation,Normal
2026-04-24 10:27:51,2.8,0.0,0.0,15.38,WARNING: Zero Current Detected (Bypass)!,Bypass Detected
2026-04-24 10:27:52,2.76,0.0,0.0,16.83,WARNING: Zero Current Detected (Bypass)!,Bypass Detected
2026-04-24 10:27:52,2.81,0.99,2.782,14.02,Normal Operation,Normal
2026-04-24 10:27:54,2.75,0.96,2.64,14.34,Normal Operation,Normal
2026-04-24 10:27:55,1.95,0.96,1.872,16.77,CRITICAL: Voltage Tamper Detected! Voltage: 1.95 V,Voltage Tamper
2026-04-24 10:27:56,2.81,0.91,2.557,14.11,Normal Operation,Normal
2026-04-24 10:27:57,2.81,2.93,8.233,16.59,WARNING: High Current Draw Detected! Current: 2.93 A,Overload Detected
2026-04-24 10:27:57,2.75,4.15,11.413,13.75,WARNING: High Current Draw Detected! Current: 4.15 A,Overload Detected
2026-04-24 10:27:58,2.83,0.96,2.717,15.75,Normal Operation,Normal
2026-04-24 10:27:59,2.81,0.97,2.726,16.21,Normal Operation,Normal
2026-04-24 10:28:00,2.79,0.98,2.734,13.78,Normal Operation,Normal
2026-04-24 10:28:01,1.81,0.99,1.792,14.84,CRITICAL: Voltage Tamper Detected! Voltage: 1.81 V,Voltage Tamper
2026-04-24 10:28:02,2.76,0.98,2.705,15.19,Normal Operation,Normal
2026-04-24 10:28:03,2.79,4.06,11.327,13.86,WARNING: High Current Draw Detected! Current: 4.06 A,Overload Detected
2026-04-24 10:28:04,2.84,0.9,2.556,14.98,Normal Operation,Normal
2026-04-24 10:28:05,2.77,0.98,2.715,16.8,Normal Operation,Normal
2026-04-24 10:28:06,2.79,0.99,2.762,14.82,Normal Operation,Normal
2026-04-24 10:28:08,2.75,2.15,5.912,13.06,WARNING: High Current Draw Detected! Current: 2.15 A,Overload Detected
2026-04-24 10:28:09,2.84,0.96,2.726,13.16,Normal Operation,Normal
2026-04-24 10:28:09,2.85,0.95,2.708,15.87,Normal Operation,Normal
2026-04-24 10:28:10,2.82,0.93,2.623,15.07,Normal Operation,Normal
2026-04-24 10:28:11,2.78,0.93,2.585,14.84,Normal Operation,Normal
2026-04-24 10:28:11,2.8,0.97,2.716,14.06,Normal Operation,Normal
2026-04-24 10:28:12,2.76,0.97,2.677,13.72,Normal Operation,Normal
2026-04-24 10:28:13,2.75,0.93,2.558,13.46,Normal Operation,Normal
2026-04-24 10:28:13,2.78,0.95,2.641,13.94,Normal Operation,Normal
2026-04-24 10:28:14,2.84,0.91,2.584,13.58,Normal Operation,Normal
2026-04-24 10:28:14,2.83,0.93,2.632,14.06,Normal Operation,Normal
2026-04-24 10:28:15,2.82,0.95,2.679,14.24,Normal Operation,Normal
2026-04-24 10:28:16,2.8,2.39,6.692,13.89,WARNING: High Current Draw Detected! Current: 2.39 A,Overload Detected
2026-04-24 10:28:16,1.81,0.96,1.738,16.39,CRITICAL: Voltage Tamper Detected! Voltage: 1.81 V,Voltage Tamper
2026-04-24 10:28:17,2.83,0.94,2.66,14.57,Normal Operation,Normal
2026-04-24 10:28:18,2.85,0.95,2.708,13.75,Normal Operation,Normal
2026-04-24 10:28:18,2.78,0.93,2.585,14.14,Normal Operation,Normal
2026-04-24 10:28:19,2.82,0.98,2.764,14.7,Normal Operation,Normal
2026-04-24 10:28:19,2.82,0.9,2.538,66.58,WARNING: Magnetic Interference Detected! Field: 66.58 G,Magnetic Tamper
2026-04-24 10:28:20,2.84,0.94,2.67,14.47,Normal Operation,Normal
2026-04-24 10:28:21,2.76,0.95,2.622,13.63,Normal Operation,Normal
2026-04-24 10:28:21,2.75,4.01,11.027,15.86,WARNING: High Current Draw Detected! Current: 4.01 A,Overload Detected
2026-04-24 10:28:22,2.83,0.98,2.773,16.28,Normal Operation,Normal
2026-04-24 10:28:23,2.84,4.26,12.098,14.79,WARNING: High Current Draw Detected! Current: 4.26 A,Overload Detected
2026-04-24 10:28:23,1.98,0.93,1.841,14.16,CRITICAL: Voltage Tamper Detected! Voltage: 1.98 V,Voltage Tamper
2026-04-24 10:28:24,2.18,0.99,2.158,14.92,CRITICAL: Voltage Tamper Detected! Voltage: 2.18 V,Voltage Tamper
2026-04-24 10:28:25,2.82,0.92,2.594,15.6,Normal Operation,Normal
2026-04-24 10:28:25,2.78,0.0,0.0,14.56,WARNING: Zero Current Detected (Bypass)!,Bypass Detected
2026-04-24 10:28:26,2.77,4.75,13.158,13.89,WARNING: High Current Draw Detected! Current: 4.75 A,Overload Detected
2026-04-24 10:28:26,2.81,0.95,2.669,16.6,Normal Operation,Normal
2026-04-24 10:28:27,2.78,0.97,2.697,14.24,Normal Operation,Normal
2026-04-24 10:28:28,2.76,0.92,2.539,13.93,Normal Operation,Normal
2026-04-24 10:28:28,2.77,0.94,2.604,62.13,WARNING: Magnetic Interference Detected! Field: 62.13 G,Magnetic Tamper
2026-04-24 10:28:29,2.75,0.0,0.0,14.61,WARNING: Zero Current Detected (Bypass)!,Bypass Detected
2026-04-24 10:28:30,2.85,0.98,2.793,15.61,Normal Operation,Normal
2026-04-24 10:28:30,2.79,0.98,2.734,15.87,Normal Operation,Normal
2026-04-24 10:28:31,2.08,0.99,2.059,13.75,CRITICAL: Voltage Tamper Detected! Voltage: 2.08 V,Voltage Tamper
2026-04-24 10:28:31,2.82,0.97,2.735,13.66,Normal Operation,Normal
2026-04-24 10:28:32,2.83,0.0,0.0,15.09,WARNING: Zero Current Detected (Bypass)!,Bypass Detected
2026-04-24 10:28:33,2.85,0.94,2.679,13.43,Normal Operation,Normal
2026-04-24 10:28:33,2.79,1.0,2.79,13.68,Normal Operation,Normal
2026-04-24 10:28:34,2.84,0.94,2.67,16.74,Normal Operation,Normal
2026-04-24 10:28:35,1.96,0.9,1.764,14.3,CRITICAL: Voltage Tamper Detected! Voltage: 1.96 V,Voltage Tamper
2026-04-24 10:28:35,2.76,3.87,10.681,14.32,WARNING: High Current Draw Detected! Current: 3.87 A,Overload Detected
2026-04-24 10:28:36,2.84,1.0,2.84,16.07,Normal Operation,Normal
2026-04-24 10:28:37,2.77,0.99,2.742,14.97,Normal Operation,Normal
2026-04-24 10:28:37,2.8,4.33,12.124,16.34,WARNING: High Current Draw Detected! Current: 4.33 A,Overload Detected
2026-04-24 10:28:38,2.77,0.93,2.576,13.19,Normal Operation,Normal
2026-04-24 10:28:38,2.77,0.93,2.576,13.77,Normal Operation,Normal
2026-04-24 10:28:39,2.76,0.97,2.677,13.49,Normal Operation,Normal
2026-04-24 10:28:40,2.81,0.99,2.782,15.36,Normal Operation,Normal
2026-04-24 10:28:40,2.83,0.92,2.604,13.52,Normal Operation,Normal
2026-04-24 10:28:41,2.82,0.95,2.679,14.29,Normal Operation,Normal
2026-04-24 10:28:42,2.77,0.9,2.493,13.4,Normal Operation,Normal
2026-04-24 10:28:42,2.77,0.95,2.631,14.88,Normal Operation,Normal
2026-04-24 10:28:43,2.8,0.91,2.548,15.23,Normal Operation,Normal
2026-04-24 10:28:43,2.81,0.99,2.782,16.35,Normal Operation,Normal
2026-04-24 10:28:44,2.78,0.93,2.585,14.64,Normal Operation,Normal
2026-04-24 10:28:45,2.78,0.92,2.558,13.68,Normal Operation,Normal
2026-04-24 10:28:45,2.8,0.0,0.0,16.17,WARNING: Zero Current Detected (Bypass)!,Bypass Detected
2026-04-24 10:28:46,2.8,3.35,9.38,14.64,WARNING: High Current Draw Detected! Current: 3.35 A,Overload Detected
2026-04-24 10:28:47,2.84,0.0,0.0,16.68,WARNING: Zero Current Detected (Bypass)!,Bypass Detected
2026-04-24 10:28:47,2.82,0.99,2.792,16.47,Normal Operation,Normal
2026-04-24 10:28:48,2.79,0.91,2.539,16.64,Normal Operation,Normal
2026-04-24 10:28:49,2.78,0.95,2.641,15.05,Normal Operation,Normal
2026-04-24 10:28:49,2.84,0.9,2.556,13.41,Normal Operation,Normal
2026-04-24 10:28:50,2.84,0.96,2.726,16.95,Normal Operation,Normal
2026-04-24 10:28:50,2.8,0.93,2.604,16.18,Normal Operation,Normal
2026-04-24 10:28:51,2.77,0.91,2.521,15.45,Normal Operation,Normal
2026-04-24 10:28:52,2.83,0.99,2.802,13.46,Normal Operation,Normal
2026-04-24 10:28:52,2.77,0.97,2.687,15.02,Normal Operation,Normal
2026-04-24 10:28:53,2.81,1.0,2.81,16.19,Normal Operation,Normal
2026-04-24 10:28:54,2.82,0.97,2.735,13.17,Normal Operation,Normal
2026-04-24 10:28:54,2.78,0.99,2.752,13.98,Normal Operation,Normal
2026-04-24 10:28:55,2.82,0.94,2.651,13.82,Normal Operation,Normal
2026-04-24 10:28:56,2.76,0.93,2.567,13.74,Normal Operation,Normal
2026-04-24 10:28:56,2.75,0.94,2.585,13.85,Normal Operation,Normal
2026-04-24 10:28:57,2.82,0.96,2.707,13.45,Normal Operation,Normal
2026-04-24 10:28:57,2.83,0.98,2.773,80.37,WARNING: Magnetic Interference Detected! Field: 80.37 G,Magnetic Tamper
2026-04-24 10:28:58,2.79,0.94,2.623,15.66,Normal Operation,Normal
2026-04-24 10:28:59,2.83,0.99,2.802,16.29,Normal Operation,Normal
2026-04-24 10:28:59,2.82,0.9,2.538,15.27,Normal Operation,Normal
2026-04-24 10:29:00,2.82,4.75,13.395,16.88,WARNING: High Current Draw Detected! Current: 4.75 A,Overload Detected
2026-04-24 10:29:01,2.79,0.97,2.706,16.86,Normal Operation,Normal
2026-04-24 10:29:01,2.84,0.95,2.698,14.17,Normal Operation,Normal
2026-04-24 10:29:02,2.03,0.93,1.888,13.28,CRITICAL: Voltage Tamper Detected! Voltage: 2.03 V,Voltage Tamper
2026-04-24 10:29:02,2.81,0.0,0.0,16.18,WARNING: Zero Current Detected (Bypass)!,Bypass Detected
2026-04-24 10:29:03,2.8,0.95,2.66,13.16,Normal Operation,Normal
2026-04-24 10:29:04,2.83,0.93,2.632,16.4,Normal Operation,Normal
2026-04-24 10:29:04,2.4,0.96,2.304,15.66,CRITICAL: Voltage Tamper Detected! Voltage: 2.40 V,Voltage Tamper
2026-04-24 10:29:05,2.8,2.48,6.944,14.91,WARNING: High Current Draw Detected! Current: 2.48 A,Overload Detected
2026-04-24 10:29:06,2.83,0.92,2.604,14.67,Normal Operation,Normal
2026-04-24 10:29:06,2.77,0.99,2.742,14.61,Normal Operation,Normal
2026-04-24 10:29:07,2.75,0.92,2.53,14.84,Normal Operation,Normal
2026-04-24 10:29:07,2.77,0.92,2.548,14.28,Normal Operation,Normal
2026-04-24 10:29:08,2.8,0.98,2.744,15.09,Normal Operation,Normal
2026-04-24 10:29:09,2.83,3.84,10.867,13.03,WARNING: High Current Draw Detected! Current: 3.84 A,Overload Detected
2026-04-24 10:29:09,2.81,0.99,2.782,16.79,Normal Operation,Normal
2026-04-24 10:29:10,2.79,0.93,2.595,13.03,Normal Operation,Normal
2026-04-24 10:29:11,2.81,0.91,2.557,16.48,Normal Operation,Normal
2026-04-24 10:29:11,2.8,0.91,2.548,13.22,Normal Operation,Normal
2026-04-24 10:29:12,2.77,0.97,2.687,15.61,Normal Operation,Normal
2026-04-24 10:29:13,2.79,0.92,2.567,14.04,Normal Operation,Normal
2026-04-24 10:29:13,2.82,0.95,2.679,16.81,Normal Operation,Normal
2026-04-24 10:29:14,2.83,0.0,0.0,14.66,WARNING: Zero Current Detected (Bypass)!,Bypass Detected
2026-04-24 10:29:14,2.76,0.99,2.732,16.1,Normal Operation,Normal
2026-04-24 10:29:15,2.81,0.0,0.0,14.51,WARNING: Zero Current Detected (Bypass)!,Bypass Detected
2026-04-24 10:29:16,2.79,0.94,2.623,16.13,Normal Operation,Normal
2026-04-24 10:29:16,2.8,0.97,2.716,14.2,Normal Operation,Normal
2026-04-24 10:29:17,2.83,0.93,2.632,15.18,Normal Operation,Normal
2026-04-24 10:29:18,2.81,4.87,13.685,15.63,WARNING: High Current Draw Detected! Current: 4.87 A,Overload Detected
2026-04-24 10:29:18,2.83,1.0,2.83,15.26,Normal Operation,Normal
2026-04-24 10:29:19,2.76,0.98,2.705,15.02,Normal Operation,Normal
2026-04-24 10:29:19,2.08,0.95,1.976,16.35,CRITICAL: Voltage Tamper Detected! Voltage: 2.08 V,Voltage Tamper
2026-04-24 10:29:20,2.81,0.92,2.585,13.1,Normal Operation,Normal
2026-04-24 10:29:21,2.81,0.92,2.585,15.22,Normal Operation,Normal
2026-04-24 10:29:21,2.77,0.91,2.521,14.8,Normal Operation,Normal
2026-04-24 10:29:22,2.76,0.93,2.567,16.29,Normal Operation,Normal
2026-04-24 10:29:23,2.85,0.92,2.622,13.58,Normal Operation,Normal
2026-04-24 10:29:23,2.79,0.93,2.595,13.36,Normal Operation,Normal
2026-04-24 10:29:24,2.76,0.0,0.0,13.56,WARNING: Zero Current Detected (Bypass)!,Bypass Detected
2026-04-24 10:29:24,2.79,0.99,2.762,16.49,Normal Operation,Normal
2026-04-24 10:29:25,2.82,0.97,2.735,95.87,WARNING: Magnetic Interference Detected! Field: 95.87 G,Magnetic Tamper
2026-04-24 10:29:26,2.79,0.96,2.678,13.88,Normal Operation,Normal
2026-04-24 10:29:26,2.81,0.95,2.669,16.54,Normal Operation,Normal
2026-04-24 10:29:27,2.76,0.93,2.567,13.54,Normal Operation,Normal
2026-04-24 10:29:28,2.38,0.99,2.356,14.02,CRITICAL: Voltage Tamper Detected! Voltage: 2.38 V,Voltage Tamper
2026-04-24 10:29:28,2.77,0.99,2.742,14.9,Normal Operation,Normal
2026-04-24 10:29:29,2.79,0.95,2.651,16.48,Normal Operation,Normal
2026-04-24 10:29:30,2.84,0.91,2.584,13.48,Normal Operation,Normal
2026-04-24 10:29:30,2.82,3.58,10.096,16.26,WARNING: High Current Draw Detected! Current: 3.58 A,Overload Detected
2026-04-24 10:29:31,2.76,0.9,2.484,16.76,Normal Operation,Normal
2026-04-24 10:29:32,2.83,0.94,2.66,13.43,Normal Operation,Normal
2026-04-24 10:29:32,2.79,1.0,2.79,16.99,Normal Operation,Normal
2026-04-24 10:29:33,2.78,0.95,2.641,16.42,Normal Operation,Normal
2026-04-24 10:29:33,2.76,0.96,2.65,16.67,Normal Operation,Normal
2026-04-24 10:29:34,2.75,0.93,2.558,14.65,Normal Operation,Normal
2026-04-24 10:29:35,2.79,0.96,2.678,15.4,Normal Operation,Normal
2026-04-24 10:29:35,2.8,0.94,2.632,13.76,Normal Operation,Normal
2026-04-24 10:29:36,2.81,0.0,0.0,14.44,WARNING: Zero Current Detected (Bypass)!,Bypass Detected
2026-04-24 10:29:37,2.84,0.97,2.755,16.2,Normal Operation,Normal
2026-04-24 10:29:37,2.8,0.96,2.688,13.68,Normal Operation,Normal
2026-04-24 10:29:38,2.83,0.97,2.745,16.77,Normal Operation,Normal
2026-04-24 10:29:38,2.85,0.92,2.622,14.56,Normal Operation,Normal
2026-04-24 10:29:39,2.81,0.92,2.585,13.05,Normal Operation,Normal
2026-04-24 10:29:40,2.76,0.97,2.677,16.46,Normal Operation,Normal
2026-04-24 10:29:40,2.03,0.94,1.908,16.83,CRITICAL: Voltage Tamper Detected! Voltage: 2.03 V,Voltage Tamper
2026-04-24 10:29:41,2.85,0.91,2.594,15.24,Normal Operation,Normal
2026-04-24 10:29:42,2.84,0.92,2.613,13.69,Normal Operation,Normal
2026-04-24 10:29:42,2.79,0.92,2.567,13.35,Normal Operation,Normal
2026-04-24 10:29:43,2.77,0.97,2.687,14.87,Normal Operation,Normal
2026-04-24 10:29:43,2.82,0.98,2.764,14.72,Normal Operation,Normal
2026-04-24 10:29:44,2.79,0.92,2.567,15.96,Normal Operation,Normal
2026-04-24 10:29:45,2.83,0.9,2.547,14.41,Normal Operation,Normal
2026-04-24 10:29:45,2.81,0.0,0.0,13.06,WARNING: Zero Current Detected (Bypass)!,Bypass Detected
2026-04-24 10:29:46,2.85,0.95,2.708,16.37,Normal Operation,Normal
2026-04-24 10:29:46,2.84,0.0,0.0,16.66,WARNING: Zero Current Detected (Bypass)!,Bypass Detected
2026-04-24 10:29:47,2.85,0.94,2.679,14.6,Normal Operation,Normal
2026-04-24 10:29:48,2.3,0.97,2.231,16.29,CRITICAL: Voltage Tamper Detected! Voltage: 2.30 V,Voltage Tamper
2026-04-24 10:29:48,2.85,0.99,2.821,13.95,Normal Operation,Normal
2026-04-24 10:29:49,2.83,0.97,2.745,16.7,Normal Operation,Normal
2026-04-24 10:29:50,2.79,0.98,2.734,14.22,Normal Operation,Normal
2026-04-24 10:29:50,2.79,0.99,2.762,15.1,Normal Operation,Normal
2026-04-24 10:29:51,2.82,1.0,2.82,15.87,Normal Operation,Normal
2026-04-24 10:29:52,2.75,0.93,2.558,16.15,Normal Operation,Normal
2026-04-24 10:29:52,2.79,0.91,2.539,15.79,Normal Operation,Normal
2026-04-24 10:29:53,2.75,0.98,2.695,16.94,Normal Operation,Normal
2026-04-24 10:29:53,2.81,0.94,2.641,15.59,Normal Operation,Normal
2026-04-24 10:29:54,2.8,0.93,2.604,14.81,Normal Operation,Normal
2026-04-24 10:29:55,2.8,0.0,0.0,14.75,WARNING: Zero Current Detected (Bypass)!,Bypass Detected
2026-04-24 10:29:55,1.86,0.98,1.823,15.65,CRITICAL: Voltage Tamper Detected! Voltage: 1.86 V,Voltage Tamper
2026-04-24 10:29:56,2.8,0.96,2.688,16.4,Normal Operation,Normal
2026-04-24 10:29:56,2.06,0.91,1.875,14.8,CRITICAL: Voltage Tamper Detected! Voltage: 2.06 V,Voltage Tamper
2026-04-24 10:29:57,2.84,3.05,8.662,13.2,WARNING: High Current Draw Detected! Current: 3.05 A,Overload Detected
2026-04-24 10:29:58,2.78,3.17,8.813,15.24,WARNING: High Current Draw Detected! Current: 3.17 A,Overload Detected
2026-04-24 10:29:58,2.79,0.93,2.595,16.67,Normal Operation,Normal
2026-04-24 10:29:59,2.76,0.98,2.705,15.43,Normal Operation,Normal
2026-04-24 10:30:00,2.75,0.94,2.585,15.48,Normal Operation,Normal
2026-04-24 10:30:00,2.82,0.98,2.764,14.46,Normal Operation,Normal
2026-04-24 10:30:01,2.8,0.94,2.632,13.59,Normal Operation,Normal
2026-04-24 10:30:02,2.81,0.99,2.782,65.74,WARNING: Magnetic Interference Detected! Field: 65.74 G,Magnetic Tamper
2026-04-24 10:30:02,2.25,0.98,2.205,16.43,CRITICAL: Voltage Tamper Detected! Voltage: 2.25 V,Voltage Tamper
2026-04-24 10:30:03,2.85,0.0,0.0,15.9,WARNING: Zero Current Detected (Bypass)!,Bypass Detected
2026-04-24 10:30:03,2.8,0.97,2.716,13.02,Normal Operation,Normal
2026-04-24 10:30:04,2.84,0.96,2.726,13.7,Normal Operation,Normal
2026-04-24 10:30:05,2.76,0.97,2.677,16.6,Normal Operation,Normal
2026-04-24 10:30:05,2.78,0.93,2.585,14.84,Normal Operation,Normal
2026-04-24 10:30:06,2.81,1.0,2.81,16.33,Normal Operation,Normal
2026-04-24 10:30:07,2.77,0.99,2.742,16.41,Normal Operation,Normal
2026-04-24 10:30:07,2.82,0.94,2.651,97.83,WARNING: Magnetic Interference Detected! Field: 97.83 G,Magnetic Tamper
2026-04-24 10:30:08,2.82,0.96,2.707,62.69,WARNING: Magnetic Interference Detected! Field: 62.69 G,Magnetic Tamper
2026-04-24 10:30:08,2.78,0.97,2.697,14.06,Normal Operation,Normal
2026-04-24 10:30:09,2.79,0.92,2.567,14.74,Normal Operation,Normal
2026-04-24 10:30:10,2.85,0.95,2.708,15.03,Normal Operation,Normal
2026-04-24 10:30:10,2.75,0.93,2.558,15.2,Normal Operation,Normal
2026-04-24 10:30:11,2.82,0.99,2.792,14.42,Normal Operation,Normal
2026-04-24 10:30:12,2.8,0.91,2.548,16.96,Normal Operation,Normal
2026-04-24 10:30:12,2.81,0.97,2.726,15.46,Normal Operation,Normal
2026-04-24 10:30:13,2.75,0.98,2.695,13.75,Normal Operation,Normal
2026-04-24 10:30:14,2.84,0.95,2.698,15.43,Normal Operation,Normal
2026-04-24 10:30:14,2.77,0.93,2.576,16.13,Normal Operation,Normal
2026-04-24 10:30:15,2.79,0.94,2.623,16.31,Normal Operation,Normal
2026-04-24 10:30:16,2.84,0.99,2.812,16.27,Normal Operation,Normal
2026-04-24 10:30:16,1.87,0.95,1.776,16.76,CRITICAL: Voltage Tamper Detected! Voltage: 1.87 V,Voltage Tamper
2026-04-24 10:30:17,2.83,0.94,2.66,15.12,Normal Operation,Normal
2026-04-24 10:30:17,2.83,0.98,2.773,14.96,Normal Operation,Normal
2026-04-24 10:30:18,2.75,0.92,2.53,14.47,Normal Operation,Normal
2026-04-24 10:30:19,2.76,1.0,2.76,15.59,Normal Operation,Normal
2026-04-24 10:30:19,2.77,0.92,2.548,13.15,Normal Operation,Normal
2026-04-24 10:30:20,2.79,0.97,2.706,85.08,WARNING: Magnetic Interference Detected! Field: 85.08 G,Magnetic Tamper
2026-04-24 10:30:21,2.83,0.92,2.604,15.35,Normal Operation,Normal
2026-04-24 10:30:21,2.77,0.98,2.715,15.81,Normal Operation,Normal
2026-04-24 10:30:22,2.82,0.94,2.651,15.49,Normal Operation,Normal
2026-04-24 10:30:22,2.81,2.54,7.137,14.09,WARNING: High Current Draw Detected! Current: 2.54 A,Overload Detected
2026-04-24 10:30:23,2.83,0.0,0.0,15.56,WARNING: Zero Current Detected (Bypass)!,Bypass Detected
2026-04-24 10:30:24,2.83,0.97,2.745,15.44,Normal Operation,Normal
2026-04-24 10:30:24,2.35,0.9,2.115,15.52,CRITICAL: Voltage Tamper Detected! Voltage: 2.35 V,Voltage Tamper
2026-04-24 10:30:25,2.84,0.97,2.755,13.53,Normal Operation,Normal
2026-04-24 10:30:26,2.77,0.91,2.521,16.9,Normal Operation,Normal
2026-04-24 10:30:26,2.84,0.93,2.641,13.26,Normal Operation,Normal
2026-04-24 10:30:27,2.75,0.9,2.475,16.89,Normal Operation,Normal
2026-04-24 10:30:28,2.8,3.85,10.78,15.21,WARNING: High Current Draw Detected! Current: 3.85 A,Overload Detected
2026-04-24 10:30:28,2.79,0.0,0.0,13.17,WARNING: Zero Current Detected (Bypass)!,Bypass Detected
2026-04-24 10:30:29,2.78,0.93,2.585,14.64,Normal Operation,Normal
2026-04-24 10:30:29,2.78,0.9,2.502,15.4,Normal Operation,Normal
2026-04-24 10:30:30,2.76,0.96,2.65,14.29,Normal Operation,Normal
2026-04-24 10:30:31,2.17,0.99,2.148,14.5,CRITICAL: Voltage Tamper Detected! Voltage: 2.17 V,Voltage Tamper
2026-04-24 10:30:31,2.75,0.98,2.695,16.52,Normal Operation,Normal
2026-04-24 10:30:32,2.82,0.97,2.735,13.32,Normal Operation,Normal
2026-04-24 10:30:32,2.79,0.93,2.595,14.92,Normal Operation,Normal
2026-04-24 10:30:33,2.85,0.99,2.821,14.25,Normal Operation,Normal
2026-04-24 10:30:34,2.81,0.92,2.585,15.37,Normal Operation,Normal
2026-04-24 10:30:34,2.81,0.94,2.641,14.43,Normal Operation,Normal
2026-04-24 10:30:35,2.83,0.91,2.575,15.46,Normal Operation,Normal
2026-04-24 10:30:36,2.77,0.92,2.548,16.66,Normal Operation,Normal
2026-04-24 10:30:36,2.79,0.92,2.567,14.62,Normal Operation,Normal
2026-04-24 10:30:37,2.79,0.97,2.706,15.78,Normal Operation,Normal
2026-04-24 10:30:38,1.93,0.92,1.776,14.6,CRITICAL: Voltage Tamper Detected! Voltage: 1.93 V,Voltage Tamper
2026-04-24 10:30:38,2.83,0.0,0.0,13.55,WARNING: Zero Current Detected (Bypass)!,Bypass Detected
2026-04-24 10:30:39,2.76,0.95,2.622,16.1,Normal Operation,Normal
2026-04-24 10:30:40,2.78,0.98,2.724,16.53,Normal Operation,Normal
2026-04-24 10:30:40,2.79,0.93,2.595,13.87,Normal Operation,Normal
2026-04-24 10:30:41,2.05,0.96,1.968,14.07,CRITICAL: Voltage Tamper Detected! Voltage: 2.05 V,Voltage Tamper
2026-04-24 10:30:41,2.82,4.76,13.423,15.14,WARNING: High Current Draw Detected! Current: 4.76 A,Overload Detected
2026-04-24 10:30:42,2.84,0.9,2.556,14.51,Normal Operation,Normal
2026-04-24 10:30:43,2.81,1.0,2.81,15.97,Normal Operation,Normal
2026-04-24 10:30:43,2.85,0.9,2.565,13.09,Normal Operation,Normal
2026-04-24 10:30:44,2.83,0.95,2.688,16.06,Normal Operation,Normal
2026-04-24 10:30:45,2.84,0.0,0.0,14.42,WARNING: Zero Current Detected (Bypass)!,Bypass Detected
2026-04-24 10:30:45,2.77,4.17,11.551,16.79,WARNING: High Current Draw Detected! Current: 4.17 A,Overload Detected
2026-04-24 10:30:46,2.79,2.36,6.584,14.7,WARNING: High Current Draw Detected! Current: 2.36 A,Overload Detected
2026-04-24 10:30:47,2.78,2.58,7.172,15.48,WARNING: High Current Draw Detected! Current: 2.58 A,Overload Detected
2026-04-24 10:30:47,2.84,0.92,2.613,14.17,Normal Operation,Normal
2026-04-24 10:30:48,2.84,0.9,2.556,13.86,Normal Operation,Normal
2026-04-24 10:30:48,2.77,0.94,2.604,14.0,Normal Operation,Normal
2026-04-24 10:30:49,2.76,0.93,2.567,16.91,Normal Operation,Normal
2026-04-24 10:30:50,2.81,0.98,2.754,13.13,Normal Operation,Normal
2026-04-24 10:30:50,2.77,0.92,2.548,14.04,Normal Operation,Normal
2026-04-24 10:30:51,2.75,0.98,2.695,13.04,Normal Operation,Normal
2026-04-24 10:30:52,2.76,0.94,2.594,64.05,WARNING: Magnetic Interference Detected! Field: 64.05 G,Magnetic Tamper
2026-04-24 10:30:52,2.84,0.0,0.0,14.87,WARNING: Zero Current Detected (Bypass)!,Bypass Detected
2026-04-24 10:30:53,2.76,1.0,2.76,13.48,Normal Operation,Normal
2026-04-24 10:30:54,2.81,0.98,2.754,16.47,Normal Operation,Normal
2026-04-24 10:30:54,2.75,0.93,2.558,16.03,Normal Operation,Normal
2026-04-24 10:30:55,2.76,2.87,7.921,13.36,WARNING: High Current Draw Detected! Current: 2.87 A,Overload Detected
2026-04-24 10:30:55,2.82,2.4,6.768,14.44,WARNING: High Current Draw Detected! Current: 2.40 A,Overload Detected
2026-04-24 10:30:56,2.76,0.97,2.677,14.7,Normal Operation,Normal
2026-04-24 10:30:57,2.78,0.99,2.752,16.18,Normal Operation,Normal
2026-04-24 10:30:57,2.81,0.99,2.782,15.89,Normal Operation,Normal
2026-04-24 10:30:58,2.8,0.97,2.716,16.86,Normal Operation,Normal
2026-04-24 10:30:59,2.78,0.95,2.641,14.65,Normal Operation,Normal
2026-04-24 10:30:59,2.81,2.92,8.205,14.87,WARNING: High Current Draw Detected! Current: 2.92 A,Overload Detected
2026-04-24 10:31:00,2.77,0.97,2.687,62.32,WARNING: Magnetic Interference Detected! Field: 62.32 G,Magnetic Tamper
2026-04-24 10:31:00,2.81,0.98,2.754,78.82,WARNING: Magnetic Interference Detected! Field: 78.82 G,Magnetic Tamper
2026-04-24 10:31:01,2.77,0.92,2.548,16.63,Normal Operation,Normal
2026-04-24 10:31:02,2.77,0.93,2.576,16.33,Normal Operation,Normal
2026-04-24 10:31:02,2.81,0.95,2.669,14.04,Normal Operation,Normal
2026-04-24 10:31:03,2.8,0.97,2.716,14.3,Normal Operation,Normal
2026-04-24 10:31:04,2.76,1.0,2.76,15.94,Normal Operation,Normal
2026-04-24 10:31:06,2.76,0.93,2.567,84.93,WARNING: Magnetic Interference Detected! Field: 84.93 G,Magnetic Tamper
2026-04-24 10:31:07,2.83,1.0,2.83,15.52,Normal Operation,Normal
2026-04-24 10:31:07,2.78,2.19,6.088,13.45,WARNING: High Current Draw Detected! Current: 2.19 A,Overload Detected
2026-04-24 10:31:08,2.84,0.98,2.783,16.36,Normal Operation,Normal
2026-04-24 10:31:09,2.85,0.98,2.793,14.79,Normal Operation,Normal
2026-04-24 10:31:10,2.77,0.94,2.604,83.03,WARNING: Magnetic Interference Detected! Field: 83.03 G,Magnetic Tamper
2026-04-24 10:31:11,2.82,0.96,2.707,15.03,Normal Operation,Normal
2026-04-24 10:31:12,2.77,0.92,2.548,16.77,Normal Operation,Normal
2026-04-24 10:31:13,2.76,0.93,2.567,13.48,Normal Operation,Normal
2026-04-24 10:31:14,2.76,0.93,2.567,16.95,Normal Operation,Normal
2026-04-24 10:31:16,2.76,0.93,2.567,14.25,Normal Operation,Normal
2026-04-24 10:31:16,2.83,0.91,2.575,15.92,Normal Operation,Normal
2026-04-24 10:31:17,2.77,0.97,2.687,14.3,Normal Operation,Normal
2026-04-24 10:31:18,2.82,0.96,2.707,16.32,Normal Operation,Normal
2026-04-24 10:31:18,2.78,0.95,2.641,14.51,Normal Operation,Normal
2026-04-24 10:31:19,2.83,0.99,2.802,13.95,Normal Operation,Normal
2026-04-24 10:31:20,2.79,0.97,2.706,13.81,Normal Operation,Normal
2026-04-24 10:31:21,2.84,0.93,2.641,14.77,Normal Operation,Normal
2026-04-24 10:31:23,2.78,0.95,2.641,13.8,Normal Operation,Normal
2026-04-24 10:31:24,2.78,0.91,2.53,15.33,Normal Operation,Normal
2026-04-24 10:31:25,2.79,0.91,2.539,15.81,Normal Operation,Normal
2026-04-24 10:31:26,2.83,0.94,2.66,13.95,Normal Operation,Normal
2026-04-24 10:31:27,2.77,0.9,2.493,13.36,Normal Operation,Normal
2026-04-24 10:31:29,2.3,0.99,2.277,13.94,CRITICAL: Voltage Tamper Detected! Voltage: 2.30 V,Voltage Tamper
2026-04-24 10:31:30,2.82,0.94,2.651,84.4,WARNING: Magnetic Interference Detected! Field: 84.40 G,Magnetic Tamper
2026-04-24 10:31:31,2.78,0.98,2.724,14.61,Normal Operation,Normal
2026-04-24 10:31:32,2.78,0.99,2.752,13.21,Normal Operation,Normal
2026-04-24 10:31:33,2.83,2.61,7.386,13.31,WARNING: High Current Draw Detected! Current: 2.61 A,Overload Detected
2026-04-24 10:31:35,2.79,0.92,2.567,15.62,Normal Operation,Normal
2026-04-24 10:31:36,2.81,3.34,9.385,14.07,WARNING: High Current Draw Detected! Current: 3.34 A,Overload Detected
2026-04-24 10:31:37,2.81,0.95,2.669,15.8,Normal Operation,Normal
2026-04-24 10:31:38,2.81,0.95,2.669,14.91,Normal Operation,Normal
2026-04-24 10:31:39,2.79,0.96,2.678,13.07,Normal Operation,Normal
2026-04-24 10:31:41,2.38,0.96,2.285,16.91,CRITICAL: Voltage Tamper Detected! Voltage: 2.38 V,Voltage Tamper
2026-04-24 10:31:42,2.82,0.99,2.792,15.28,Normal Operation,Normal
2026-04-24 10:31:43,2.79,0.99,2.762,13.92,Normal Operation,Normal
2026-04-24 10:31:44,2.83,0.99,2.802,16.86,Normal Operation,Normal
2026-04-24 10:31:45,2.79,0.99,2.762,14.97,Normal Operation,Normal
2026-04-24 10:31:45,2.75,0.97,2.667,16.3,Normal Operation,Normal
2026-04-24 10:31:47,2.8,0.97,2.716,15.84,Normal Operation,Normal
2026-04-24 10:31:48,2.78,0.98,2.724,14.88,Normal Operation,Normal
2026-04-24 10:31:49,2.79,0.0,0.0,16.73,WARNING: Zero Current Detected (Bypass)!,Bypass Detected
2026-04-24 10:31:50,2.77,0.91,2.521,14.18,Normal Operation,Normal
2026-04-24 10:31:51,2.79,0.99,2.762,13.02,Normal Operation,Normal
2026-04-24 10:31:53,2.79,0.95,2.651,13.11,Normal Operation,Normal
2026-04-24 10:31:54,2.85,0.95,2.708,97.35,WARNING: Magnetic Interference Detected! Field: 97.35 G,Magnetic Tamper
2026-04-24 10:31:55,2.82,0.99,2.792,14.71,Normal Operation,Normal
2026-04-24 10:31:56,2.82,0.97,2.735,15.73,Normal Operation,Normal
2026-04-24 10:31:57,2.06,0.94,1.936,15.04,CRITICAL: Voltage Tamper Detected! Voltage: 2.06 V,Voltage Tamper
2026-04-24 10:31:59,2.82,0.0,0.0,13.74,WARNING: Zero Current Detected (Bypass)!,Bypass Detected
2026-04-24 10:32:00,2.76,0.93,2.567,16.61,Normal Operation,Normal
2026-04-24 10:32:01,2.8,0.92,2.576,13.4,Normal Operation,Normal
2026-04-24 10:32:02,2.79,0.97,2.706,16.4,Normal Operation,Normal
2026-04-24 10:32:04,1.97,0.99,1.95,15.41,CRITICAL: Voltage Tamper Detected! Voltage: 1.97 V,Voltage Tamper
2026-04-24 10:32:05,2.76,0.91,2.512,16.9,Normal Operation,Normal
2026-04-24 10:32:06,2.79,2.67,7.449,14.19,WARNING: High Current Draw Detected! Current: 2.67 A,Overload Detected
2026-04-24 10:32:07,2.27,0.95,2.156,15.06,CRITICAL: Voltage Tamper Detected! Voltage: 2.27 V,Voltage Tamper
2026-04-24 10:32:07,2.79,0.96,2.678,14.38,Normal Operation,Normal
2026-04-24 10:32:08,2.83,0.95,2.688,16.57,Normal Operation,Normal
2026-04-24 10:32:09,2.77,0.97,2.687,13.81,Normal Operation,Normal
2026-04-24 10:32:10,2.8,0.91,2.548,14.9,Normal Operation,Normal
2026-04-24 10:32:11,2.8,1.0,2.8,15.77,Normal Operation,Normal
2026-04-24 10:32:11,2.75,0.92,2.53,14.96,Normal Operation,Normal
2026-04-24 10:32:13,1.81,0.91,1.647,13.03,CRITICAL: Voltage Tamper Detected! Voltage: 1.81 V,Voltage Tamper
2026-04-24 10:32:14,2.77,0.92,2.548,14.04,Normal Operation,Normal
2026-04-24 10:32:15,2.81,0.95,2.669,16.18,Normal Operation,Normal
2026-04-24 10:32:16,2.81,0.99,2.782,16.28,Normal Operation,Normal
2026-04-24 10:32:17,2.76,0.93,2.567,16.32,Normal Operation,Normal
2026-04-24 10:32:18,2.76,0.92,2.539,16.36,Normal Operation,Normal
2026-04-24 10:32:20,2.82,0.99,2.792,13.54,Normal Operation,Normal
2026-04-24 10:32:21,2.85,0.95,2.708,16.68,Normal Operation,Normal
2026-04-24 10:32:22,2.77,2.29,6.343,16.02,WARNING: High Current Draw Detected! Current: 2.29 A,Overload Detected
2026-04-24 10:32:22,2.76,0.92,2.539,14.91,Normal Operation,Normal
2026-04-24 10:32:23,2.77,0.98,2.715,62.48,WARNING: Magnetic Interference Detected! Field: 62.48 G,Magnetic Tamper
2026-04-24 10:32:24,2.83,0.97,2.745,16.8,Normal Operation,Normal
2026-04-24 10:32:25,2.82,0.99,2.792,15.61,Normal Operation,Normal
2026-04-24 10:32:27,2.02,0.99,2.0,14.52,CRITICAL: Voltage Tamper Detected! Voltage: 2.02 V,Voltage Tamper
2026-04-24 10:32:28,2.83,0.95,2.688,15.57,Normal Operation,Normal
2026-04-24 10:32:29,2.83,0.92,2.604,13.71,Normal Operation,Normal
2026-04-24 10:32:30,2.85,0.96,2.736,16.52,Normal Operation,Normal
2026-04-24 10:32:31,2.76,0.91,2.512,16.81,Normal Operation,Normal
2026-04-24 10:32:33,2.83,3.37,9.537,13.86,WARNING: High Current Draw Detected! Current: 3.37 A,Overload Detected
2026-04-24 10:32:34,2.79,0.94,2.623,14.29,Normal Operation,Normal
2026-04-24 10:32:35,2.76,0.98,2.705,74.15,WARNING: Magnetic Interference Detected! Field: 74.15 G,Magnetic Tamper
2026-04-24 10:32:36,2.8,0.93,2.604,15.33,Normal Operation,Normal
2026-04-24 10:32:38,2.81,0.91,2.557,13.22,Normal Operation,Normal
2026-04-24 10:32:39,2.85,0.93,2.651,15.6,Normal Operation,Normal
2026-04-24 10:32:40,2.77,0.94,2.604,14.4,Normal Operation,Normal
2026-04-24 10:32:41,2.77,0.92,2.548,16.0,Normal Operation,Normal
2026-04-24 10:32:43,2.8,0.99,2.772,16.84,Normal Operation,Normal
2026-04-24 10:32:44,2.84,0.97,2.755,14.35,Normal Operation,Normal
2026-04-24 10:32:45,2.79,0.92,2.567,16.18,Normal Operation,Normal
2026-04-24 10:32:46,2.84,0.93,2.641,15.65,Normal Operation,Normal
2026-04-24 10:32:47,2.78,0.96,2.669,16.75,Normal Operation,Normal
2026-04-24 10:32:49,2.84,0.0,0.0,15.85,WARNING: Zero Current Detected (Bypass)!,Bypass Detected
2026-04-24 10:32:49,2.79,0.94,2.623,15.44,Normal Operation,Normal
2026-04-24 10:32:50,2.82,0.92,2.594,16.08,Normal Operation,Normal
2026-04-24 10:32:51,2.79,0.9,2.511,14.14,Normal Operation,Normal
2026-04-24 10:32:52,2.78,0.91,2.53,16.67,Normal Operation,Normal
2026-04-24 10:32:53,2.78,0.99,2.752,16.86,Normal Operation,Normal
2026-04-24 10:32:55,2.79,0.92,2.567,15.07,Normal Operation,Normal
2026-04-24 10:32:56,2.84,0.95,2.698,15.83,Normal Operation,Normal
2026-04-24 10:32:58,2.77,1.0,2.77,15.05,Normal Operation,Normal
2026-04-24 10:32:58,2.77,0.93,2.576,16.08,Normal Operation,Normal
2026-04-24 10:32:59,2.23,1.0,2.23,13.09,CRITICAL: Voltage Tamper Detected! Voltage: 2.23 V,Voltage Tamper
2026-04-24 10:33:00,2.79,0.91,2.539,13.45,Normal Operation,Normal
2026-04-24 10:33:00,2.77,0.94,2.604,14.34,Normal Operation,Normal
2026-04-24 10:33:01,2.78,0.0,0.0,13.52,WARNING: Zero Current Detected (Bypass)!,Bypass Detected
2026-04-24 10:33:01,2.75,0.91,2.502,16.19,Normal Operation,Normal
2026-04-24 10:33:02,2.84,0.94,2.67,16.98,Normal Operation,Normal
2026-04-24 10:33:03,2.78,4.34,12.065,15.71,WARNING: High Current Draw Detected! Current: 4.34 A,Overload Detected
2026-04-24 10:33:03,2.76,0.97,2.677,14.49,Normal Operation,Normal
2026-04-24 10:33:04,2.84,0.93,2.641,16.23,Normal Operation,Normal
2026-04-24 10:33:05,2.83,3.26,9.226,15.05,WARNING: High Current Draw Detected! Current: 3.26 A,Overload Detected
2026-04-24 10:33:05,2.8,0.96,2.688,16.12,Normal Operation,Normal
2026-04-24 10:33:06,2.82,0.92,2.594,14.29,Normal Operation,Normal
2026-04-24 10:33:06,2.82,0.98,2.764,15.23,Normal Operation,Normal
2026-04-24 10:33:07,2.75,0.96,2.64,15.63,Normal Operation,Normal
2026-04-24 10:33:08,1.93,0.97,1.872,15.39,CRITICAL: Voltage Tamper Detected! Voltage: 1.93 V,Voltage Tamper
2026-04-24 10:33:08,2.76,0.95,2.622,16.94,Normal Operation,Normal
2026-04-24 10:33:09,2.8,0.93,2.604,13.29,Normal Operation,Normal
2026-04-24 10:33:10,2.79,0.9,2.511,14.56,Normal Operation,Normal
2026-04-24 10:33:10,2.23,0.98,2.185,13.98,CRITICAL: Voltage Tamper Detected! Voltage: 2.23 V,Voltage Tamper
2026-04-24 10:33:11,2.78,0.98,2.724,15.13,Normal Operation,Normal
2026-04-24 10:33:12,2.32,0.97,2.25,13.93,CRITICAL: Voltage Tamper Detected! Voltage: 2.32 V,Voltage Tamper
2026-04-24 10:33:12,2.76,0.94,2.594,14.88,Normal Operation,Normal
2026-04-24 10:33:13,2.84,0.98,2.783,13.14,Normal Operation,Normal
2026-04-24 10:33:14,2.38,1.0,2.38,15.07,CRITICAL: Voltage Tamper Detected! Voltage: 2.38 V,Voltage Tamper
2026-04-24 10:33:14,2.75,0.96,2.64,16.9,Normal Operation,Normal
2026-04-24 10:33:15,2.79,0.98,2.734,16.57,Normal Operation,Normal
2026-04-24 10:33:15,2.07,0.94,1.946,16.56,CRITICAL: Voltage Tamper Detected! Voltage: 2.07 V,Voltage Tamper
2026-04-24 10:33:16,2.82,0.9,2.538,13.97,Normal Operation,Normal
2026-04-24 10:33:17,2.79,0.95,2.651,14.3,Normal Operation,Normal
2026-04-24 10:33:17,2.83,0.97,2.745,14.18,Normal Operation,Normal
2026-04-24 10:33:18,2.78,0.0,0.0,15.78,WARNING: Zero Current Detected (Bypass)!,Bypass Detected
2026-04-24 10:33:19,2.84,0.96,2.726,60.89,WARNING: Magnetic Interference Detected! Field: 60.89 G,Magnetic Tamper
2026-04-24 10:33:19,2.8,0.93,2.604,60.71,WARNING: Magnetic Interference Detected! Field: 60.71 G,Magnetic Tamper
2026-04-24 10:33:20,2.8,0.98,2.744,14.9,Normal Operation,Normal
2026-04-24 10:33:20,2.78,0.91,2.53,14.73,Normal Operation,Normal
2026-04-24 10:33:21,2.76,0.95,2.622,92.92,WARNING: Magnetic Interference Detected! Field: 92.92 G,Magnetic Tamper
2026-04-24 10:33:22,2.82,0.97,2.735,15.02,Normal Operation,Normal
2026-04-24 10:33:22,2.84,0.99,2.812,60.78,WARNING: Magnetic Interference Detected! Field: 60.78 G,Magnetic Tamper
2026-04-24 10:33:23,2.75,0.98,2.695,14.66,Normal Operation,Normal
2026-04-24 10:33:24,2.76,0.99,2.732,14.67,Normal Operation,Normal
2026-04-24 10:33:24,2.76,0.0,0.0,13.6,WARNING: Zero Current Detected (Bypass)!,Bypass Detected
2026-04-24 10:33:25,2.76,0.94,2.594,16.24,Normal Operation,Normal
2026-04-24 10:33:25,2.77,0.95,2.631,14.64,Normal Operation,Normal
2026-04-24 10:33:26,2.85,0.96,2.736,72.21,WARNING: Magnetic Interference Detected! Field: 72.21 G,Magnetic Tamper
2026-04-24 10:33:27,2.79,0.98,2.734,90.57,WARNING: Magnetic Interference Detected! Field: 90.57 G,Magnetic Tamper
2026-04-24 10:33:27,2.84,0.99,2.812,16.0,Normal Operation,Normal
2026-04-24 10:33:28,2.76,2.96,8.17,16.51,WARNING: High Current Draw Detected! Current: 2.96 A,Overload Detected
2026-04-24 10:33:29,2.75,0.98,2.695,13.88,Normal Operation,Normal
2026-04-24 10:33:29,2.81,0.97,2.726,13.11,Normal Operation,Normal
2026-04-24 10:33:30,2.78,0.94,2.613,14.93,Normal Operation,Normal
2026-04-24 10:33:30,2.78,0.92,2.558,15.96,Normal Operation,Normal
2026-04-24 10:33:31,2.77,0.92,2.548,13.11,Normal Operation,Normal
2026-04-24 10:33:32,2.77,0.9,2.493,16.73,Normal Operation,Normal
2026-04-24 10:33:32,2.76,0.91,2.512,16.99,Normal Operation,Normal
2026-04-24 10:33:33,2.84,0.94,2.67,79.66,WARNING: Magnetic Interference Detected! Field: 79.66 G,Magnetic Tamper
2026-04-24 10:33:34,2.76,0.96,2.65,16.5,Normal Operation,Normal
2026-04-24 10:33:34,2.79,3.49,9.737,15.98,WARNING: High Current Draw Detected! Current: 3.49 A,Overload Detected
2026-04-24 10:33:35,2.82,0.92,2.594,13.54,Normal Operation,Normal
2026-04-24 10:33:35,2.8,0.91,2.548,14.68,Normal Operation,Normal
2026-04-24 10:33:36,2.77,0.96,2.659,13.11,Normal Operation,Normal
2026-04-24 10:33:37,2.36,0.95,2.242,14.09,CRITICAL: Voltage Tamper Detected! Voltage: 2.36 V,Voltage Tamper
2026-04-24 10:33:37,2.81,0.91,2.557,13.61,Normal Operation,Normal
2026-04-24 10:33:38,2.79,0.97,2.706,80.2,WARNING: Magnetic Interference Detected! Field: 80.20 G,Magnetic Tamper
2026-04-24 10:33:39,2.84,0.97,2.755,14.8,Normal Operation,Normal
2026-04-24 10:33:39,2.84,2.18,6.191,16.68,WARNING: High Current Draw Detected! Current: 2.18 A,Overload Detected
2026-04-24 10:33:40,2.79,0.91,2.539,13.14,Normal Operation,Normal
2026-04-24 10:33:41,2.78,0.95,2.641,87.26,WARNING: Magnetic Interference Detected! Field: 87.26 G,Magnetic Tamper
2026-04-24 10:33:41,2.78,0.96,2.669,14.28,Normal Operation,Normal
2026-04-24 10:33:42,2.81,0.93,2.613,15.04,Normal Operation,Normal
2026-04-24 10:33:42,2.75,0.0,0.0,13.07,WARNING: Zero Current Detected (Bypass)!,Bypass Detected
2026-04-24 10:33:43,2.83,0.98,2.773,13.23,Normal Operation,Normal
2026-04-24 10:33:44,2.8,1.0,2.8,15.34,Normal Operation,Normal
2026-04-24 10:33:44,2.81,0.93,2.613,13.81,Normal Operation,Normal
2026-04-24 10:33:45,2.75,0.91,2.502,14.41,Normal Operation,Normal
2026-04-24 10:33:46,2.78,0.0,0.0,16.99,WARNING: Zero Current Detected (Bypass)!,Bypass Detected
2026-04-24 10:33:46,2.82,0.91,2.566,16.82,Normal Operation,Normal
2026-04-24 10:33:47,2.81,0.92,2.585,83.84,WARNING: Magnetic Interference Detected! Field: 83.84 G,Magnetic Tamper
2026-04-24 10:33:47,2.81,0.94,2.641,16.61,Normal Operation,Normal
2026-04-24 10:33:48,2.78,0.9,2.502,14.14,Normal Operation,Normal
2026-04-24 10:33:49,2.75,0.95,2.612,14.1,Normal Operation,Normal
2026-04-24 10:33:49,2.78,0.92,2.558,13.8,Normal Operation,Normal
2026-04-24 10:33:50,2.34,0.97,2.27,16.1,CRITICAL: Voltage Tamper Detected! Voltage: 2.34 V,Voltage Tamper
2026-04-24 10:33:51,2.76,0.91,2.512,86.23,WARNING: Magnetic Interference Detected! Field: 86.23 G,Magnetic Tamper
2026-04-24 10:33:51,2.81,0.98,2.754,13.4,Normal Operation,Normal
2026-04-24 10:33:52,2.81,0.93,2.613,14.93,Normal Operation,Normal
2026-04-24 10:33:52,2.8,0.98,2.744,15.16,Normal Operation,Normal
2026-04-24 10:33:53,2.78,0.0,0.0,16.88,WARNING: Zero Current Detected (Bypass)!,Bypass Detected
2026-04-24 10:33:54,2.75,0.95,2.612,15.8,Normal Operation,Normal
2026-04-24 10:33:54,2.76,0.91,2.512,13.77,Normal Operation,Normal
2026-04-24 10:33:55,2.8,0.99,2.772,13.68,Normal Operation,Normal
2026-04-24 10:33:56,2.77,0.95,2.631,16.39,Normal Operation,Normal
2026-04-24 10:33:56,2.78,0.93,2.585,16.55,Normal Operation,Normal
2026-04-24 10:33:57,2.8,0.91,2.548,62.16,WARNING: Magnetic Interference Detected! Field: 62.16 G,Magnetic Tamper
2026-04-24 10:33:57,2.77,0.94,2.604,16.13,Normal Operation,Normal
2026-04-24 10:33:58,2.84,0.97,2.755,14.93,Normal Operation,Normal
2026-04-24 10:33:59,2.85,0.97,2.764,14.97,Normal Operation,Normal
2026-04-24 10:33:59,2.82,0.93,2.623,14.31,Normal Operation,Normal
2026-04-24 10:34:00,2.83,0.94,2.66,13.12,Normal Operation,Normal
2026-04-24 10:34:01,2.8,3.15,8.82,14.54,WARNING: High Current Draw Detected! Current: 3.15 A,Overload Detected
2026-04-24 10:34:01,2.76,0.99,2.732,13.31,Normal Operation,Normal
2026-04-24 10:34:02,2.79,0.92,2.567,16.25,Normal Operation,Normal
2026-04-24 10:34:03,2.77,0.0,0.0,14.57,WARNING: Zero Current Detected (Bypass)!,Bypass Detected
2026-04-24 10:34:03,2.84,0.94,2.67,14.39,Normal Operation,Normal
2026-04-24 10:34:04,2.81,0.97,2.726,16.74,Normal Operation,Normal
2026-04-24 10:34:04,2.76,0.0,0.0,15.97,WARNING: Zero Current Detected (Bypass)!,Bypass Detected
2026-04-24 10:34:05,2.83,1.0,2.83,15.89,Normal Operation,Normal
2026-04-24 10:34:06,2.83,0.98,2.773,13.6,Normal Operation,Normal
2026-04-24 10:34:06,2.83,0.93,2.632,15.4,Normal Operation,Normal
2026-04-24 10:34:07,2.78,1.0,2.78,16.14,Normal Operation,Normal
2026-04-24 10:34:08,2.78,0.97,2.697,15.68,Normal Operation,Normal
2026-04-24 10:34:08,2.82,0.97,2.735,16.33,Normal Operation,Normal
2026-04-24 10:34:09,2.75,0.0,0.0,15.42,WARNING: Zero Current Detected (Bypass)!,Bypass Detected
2026-04-24 10:34:09,2.84,0.91,2.584,16.37,Normal Operation,Normal
2026-04-24 10:34:10,2.8,3.43,9.604,13.99,WARNING: High Current Draw Detected! Current: 3.43 A,Overload Detected
2026-04-24 10:34:11,2.84,0.98,2.783,15.45,Normal Operation,Normal
2026-04-24 10:34:11,2.82,0.91,2.566,15.93,Normal Operation,Normal
2026-04-24 10:34:12,2.83,0.99,2.802,13.55,Normal Operation,Normal
2026-04-24 10:34:13,2.81,0.97,2.726,14.88,Normal Operation,Normal
2026-04-24 10:34:13,2.79,0.95,2.651,16.47,Normal Operation,Normal
2026-04-24 10:34:14,2.82,1.0,2.82,16.4,Normal Operation,Normal
2026-04-24 10:34:14,2.77,0.94,2.604,14.06,Normal Operation,Normal
2026-04-24 10:34:15,2.77,0.92,2.548,16.69,Normal Operation,Normal
2026-04-24 10:34:16,2.78,0.96,2.669,16.72,Normal Operation,Normal
2026-04-24 10:34:16,2.8,0.9,2.52,13.95,Normal Operation,Normal
2026-04-24 10:34:17,2.82,0.97,2.735,15.0,Normal Operation,Normal
2026-04-24 10:34:18,2.81,1.0,2.81,14.12,Normal Operation,Normal
2026-04-24 10:34:18,2.79,1.0,2.79,16.52,Normal Operation,Normal
2026-04-24 10:34:19,2.77,0.93,2.576,13.21,Normal Operation,Normal
2026-04-24 10:34:19,2.83,0.92,2.604,14.83,Normal Operation,Normal
2026-04-24 10:34:20,2.79,0.91,2.539,13.87,Normal Operation,Normal
2026-04-24 10:34:21,2.83,0.95,2.688,15.78,Normal Operation,Normal
2026-04-24 10:34:21,2.83,0.91,2.575,13.75,Normal Operation,Normal
2026-04-24 10:34:22,2.78,0.91,2.53,85.04,WARNING: Magnetic Interference Detected! Field: 85.04 G,Magnetic Tamper
2026-04-24 10:34:23,2.85,0.9,2.565,13.3,Normal Operation,Normal
2026-04-24 10:34:23,2.78,0.96,2.669,15.39,Normal Operation,Normal
2026-04-24 10:34:24,2.81,0.98,2.754,16.95,Normal Operation,Normal
2026-04-24 10:34:24,2.79,0.0,0.0,13.15,WARNING: Zero Current Detected (Bypass)!,Bypass Detected
2026-04-24 10:34:25,2.76,0.92,2.539,16.77,Normal Operation,Normal
2026-04-24 10:34:26,2.79,0.0,0.0,15.89,WARNING: Zero Current Detected (Bypass)!,Bypass Detected
2026-04-24 10:34:26,2.77,0.93,2.576,16.89,Normal Operation,Normal
2026-04-24 10:34:27,2.77,0.0,0.0,15.52,WARNING: Zero Current Detected (Bypass)!,Bypass Detected
2026-04-24 10:34:28,2.76,1.0,2.76,15.84,Normal Operation,Normal
2026-04-24 10:34:28,2.78,0.0,0.0,14.74,WARNING: Zero Current Detected (Bypass)!,Bypass Detected
2026-04-24 10:34:29,2.81,0.98,2.754,14.1,Normal Operation,Normal
2026-04-24 10:34:29,2.81,0.98,2.754,15.46,Normal Operation,Normal
2026-04-24 10:34:30,2.79,0.99,2.762,13.12,Normal Operation,Normal
2026-04-24 10:34:31,2.77,0.97,2.687,15.48,Normal Operation,Normal
2026-04-24 10:34:31,2.77,0.0,0.0,13.66,WARNING: Zero Current Detected (Bypass)!,Bypass Detected
2026-04-24 10:34:32,2.8,0.99,2.772,13.8,Normal Operation,Normal
2026-04-24 10:34:33,2.83,0.98,2.773,13.92,Normal Operation,Normal
2026-04-24 10:34:33,2.78,0.98,2.724,14.65,Normal Operation,Normal
2026-04-24 10:34:34,2.78,0.95,2.641,16.87,Normal Operation,Normal
2026-04-24 10:34:34,2.81,0.9,2.529,15.54,Normal Operation,Normal
2026-04-24 10:34:35,2.79,0.99,2.762,14.72,Normal Operation,Normal
2026-04-24 10:34:36,2.79,0.99,2.762,16.16,Normal Operation,Normal
2026-04-24 10:34:36,2.29,0.99,2.267,14.26,CRITICAL: Voltage Tamper Detected! Voltage: 2.29 V,Voltage Tamper
2026-04-24 10:34:37,2.79,1.0,2.79,16.58,Normal Operation,Normal
2026-04-24 10:34:38,2.76,0.91,2.512,15.63,Normal Operation,Normal
2026-04-24 10:34:38,2.78,3.84,10.675,14.36,WARNING: High Current Draw Detected! Current: 3.84 A,Overload Detected
2026-04-24 10:34:39,2.77,3.99,11.052,14.99,WARNING: High Current Draw Detected! Current: 3.99 A,Overload Detected
2026-04-24 10:34:39,2.75,0.98,2.695,13.22,Normal Operation,Normal
2026-04-24 10:34:40,2.81,0.95,2.669,16.7,Normal Operation,Normal
2026-04-24 10:34:41,2.83,0.99,2.802,13.17,Normal Operation,Normal
2026-04-24 12:20:23,2.85,4.72,13.452,13.45,WARNING: High Current Draw Detected! Current: 4.72 A,Overload Detected
2026-04-24 12:20:24,2.8,0.91,2.548,13.33,Normal Operation,Normal
2026-04-24 12:20:25,2.79,0.98,2.734,13.85,Normal Operation,Normal
2026-04-24 12:20:25,2.82,2.22,6.26,15.1,WARNING: High Current Draw Detected! Current: 2.22 A,Overload Detected
2026-04-24 12:20:26,2.83,0.98,2.773,14.6,Normal Operation,Normal
2026-04-24 12:20:26,2.75,4.89,13.447,14.2,WARNING: High Current Draw Detected! Current: 4.89 A,Overload Detected
2026-04-24 12:20:27,2.79,0.98,2.734,15.24,Normal Operation,Normal
2026-04-24 12:20:28,2.78,0.91,2.53,70.69,WARNING: Magnetic Interference Detected! Field: 70.69 G,Magnetic Tamper
2026-04-24 12:20:28,2.83,0.95,2.688,15.83,Normal Operation,Normal
2026-04-24 12:20:29,2.75,0.96,2.64,15.27,Normal Operation,Normal
2026-04-24 12:20:29,2.83,0.94,2.66,16.2,Normal Operation,Normal
2026-04-24 12:20:30,2.84,0.0,0.0,14.62,WARNING: Zero Current Detected (Bypass)!,Bypass Detected
2026-04-24 12:20:31,2.77,0.99,2.742,13.84,Normal Operation,Normal
2026-04-24 12:20:31,2.82,0.91,2.566,15.12,Normal Operation,Normal
2026-04-24 12:20:32,2.84,0.93,2.641,16.93,Normal Operation,Normal
2026-04-24 12:20:32,2.75,1.0,2.75,14.18,Normal Operation,Normal
2026-04-24 12:20:33,2.8,0.92,2.576,15.55,Normal Operation,Normal
2026-04-24 12:20:34,2.77,1.0,2.77,63.07,WARNING: Magnetic Interference Detected! Field: 63.07 G,Magnetic Tamper
2026-04-24 12:20:34,2.83,0.9,2.547,14.61,Normal Operation,Normal
2026-04-24 12:20:35,2.78,0.91,2.53,15.55,Normal Operation,Normal
2026-04-24 12:20:35,2.85,0.95,2.708,16.4,Normal Operation,Normal
2026-04-24 12:20:36,2.8,0.91,2.548,16.64,Normal Operation,Normal
2026-04-24 12:20:37,2.77,0.97,2.687,13.89,Normal Operation,Normal
2026-04-24 12:20:37,2.82,0.98,2.764,15.01,Normal Operation,Normal
2026-04-24 12:20:38,2.82,0.0,0.0,15.96,WARNING: Zero Current Detected (Bypass)!,Bypass Detected
2026-04-24 12:20:38,2.09,0.94,1.965,16.58,CRITICAL: Voltage Tamper Detected! Voltage: 2.09 V,Voltage Tamper
2026-04-24 12:20:39,2.78,0.0,0.0,16.85,WARNING: Zero Current Detected (Bypass)!,Bypass Detected
2026-04-24 12:20:40,2.82,0.91,2.566,14.05,Normal Operation,Normal
2026-04-24 12:20:40,2.81,0.94,2.641,13.24,Normal Operation,Normal
2026-04-24 12:20:41,2.82,0.92,2.594,96.63,WARNING: Magnetic Interference Detected! Field: 96.63 G,Magnetic Tamper
2026-04-24 12:20:41,2.83,0.98,2.773,16.23,Normal Operation,Normal
2026-04-24 12:20:42,2.78,0.94,2.613,15.38,Normal Operation,Normal
2026-04-24 12:20:43,2.76,2.59,7.148,14.02,WARNING: High Current Draw Detected! Current: 2.59 A,Overload Detected
2026-04-24 12:20:43,2.79,0.92,2.567,16.68,Normal Operation,Normal
2026-04-24 12:20:44,2.78,0.91,2.53,14.81,Normal Operation,Normal
2026-04-24 12:20:44,2.79,0.93,2.595,16.07,Normal Operation,Normal
2026-04-24 12:20:45,2.78,0.99,2.752,13.96,Normal Operation,Normal
2026-04-24 12:20:46,1.86,0.94,1.748,15.84,CRITICAL: Voltage Tamper Detected! Voltage: 1.86 V,Voltage Tamper
2026-04-24 12:20:46,2.76,0.93,2.567,15.15,Normal Operation,Normal
2026-04-24 12:20:47,2.83,0.93,2.632,13.8,Normal Operation,Normal
2026-04-24 12:20:47,2.76,0.93,2.567,16.66,Normal Operation,Normal
2026-04-24 12:20:48,2.81,0.98,2.754,13.59,Normal Operation,Normal
2026-04-24 12:20:49,2.81,0.95,2.669,14.4,Normal Operation,Normal
2026-04-24 12:20:49,2.84,0.96,2.726,16.98,Normal Operation,Normal
2026-04-24 12:20:50,2.82,0.98,2.764,13.67,Normal Operation,Normal
2026-04-24 12:20:50,2.76,0.96,2.65,15.99,Normal Operation,Normal
2026-04-24 12:20:51,2.75,0.98,2.695,14.32,Normal Operation,Normal
2026-04-24 12:20:52,2.79,0.94,2.623,14.88,Normal Operation,Normal
2026-04-24 12:20:52,2.77,0.97,2.687,15.7,Normal Operation,Normal
2026-04-24 12:20:53,2.8,0.95,2.66,16.16,Normal Operation,Normal
2026-04-24 12:20:53,2.77,0.98,2.715,15.52,Normal Operation,Normal
2026-04-24 12:20:54,2.85,0.99,2.821,14.58,Normal Operation,Normal
2026-04-24 12:20:54,2.78,0.97,2.697,13.09,Normal Operation,Normal
2026-04-24 12:20:55,2.76,0.94,2.594,14.6,Normal Operation,Normal
2026-04-24 12:20:56,2.8,0.93,2.604,16.04,Normal Operation,Normal
2026-04-24 12:20:56,2.84,0.96,2.726,16.57,Normal Operation,Normal
2026-04-24 12:20:57,2.78,2.78,7.728,16.68,WARNING: High Current Draw Detected! Current: 2.78 A,Overload Detected
2026-04-24 12:20:57,2.83,0.99,2.802,16.26,Normal Operation,Normal
2026-04-24 12:20:58,2.78,0.93,2.585,15.09,Normal Operation,Normal
2026-04-24 12:20:59,2.85,4.33,12.341,15.83,WARNING: High Current Draw Detected! Current: 4.33 A,Overload Detected
2026-04-24 12:20:59,2.82,4.42,12.464,14.08,WARNING: High Current Draw Detected! Current: 4.42 A,Overload Detected
2026-04-24 12:21:00,2.76,0.93,2.567,15.05,Normal Operation,Normal
2026-04-24 12:21:00,2.77,0.95,2.631,15.58,Normal Operation,Normal
2026-04-24 12:21:01,2.76,0.0,0.0,13.58,WARNING: Zero Current Detected (Bypass)!,Bypass Detected
2026-04-24 12:21:02,2.81,0.99,2.782,15.87,Normal Operation,Normal
2026-04-24 12:21:02,2.78,0.91,2.53,15.91,Normal Operation,Normal
2026-04-24 12:21:03,2.78,0.91,2.53,13.49,Normal Operation,Normal
2026-04-24 12:21:03,2.81,0.93,2.613,13.57,Normal Operation,Normal
2026-04-24 12:21:04,2.76,0.0,0.0,16.4,WARNING: Zero Current Detected (Bypass)!,Bypass Detected
2026-04-24 12:21:05,2.81,4.56,12.814,15.77,WARNING: High Current Draw Detected! Current: 4.56 A,Overload Detected
2026-04-24 12:21:05,2.76,0.95,2.622,13.84,Normal Operation,Normal
2026-04-24 12:21:06,2.76,0.98,2.705,13.37,Normal Operation,Normal
2026-04-24 12:21:06,2.84,1.0,2.84,15.42,Normal Operation,Normal
2026-04-24 12:21:07,1.96,0.97,1.901,15.9,CRITICAL: Voltage Tamper Detected! Voltage: 1.96 V,Voltage Tamper
2026-04-24 12:21:07,2.76,0.95,2.622,13.86,Normal Operation,Normal
2026-04-24 12:21:08,2.75,0.0,0.0,14.4,WARNING: Zero Current Detected (Bypass)!,Bypass Detected
2026-04-24 12:21:09,1.91,0.95,1.814,15.12,CRITICAL: Voltage Tamper Detected! Voltage: 1.91 V,Voltage Tamper
2026-04-24 12:21:09,2.76,0.9,2.484,15.16,Normal Operation,Normal
2026-04-24 12:21:10,2.82,0.91,2.566,15.59,Normal Operation,Normal
2026-04-24 12:21:10,2.77,0.0,0.0,13.0,WARNING: Zero Current Detected (Bypass)!,Bypass Detected
2026-04-24 12:21:11,2.77,0.97,2.687,13.6,Normal Operation,Normal
2026-04-24 12:21:12,2.77,0.93,2.576,13.91,Normal Operation,Normal
2026-04-24 12:21:12,2.81,0.94,2.641,60.2,WARNING: Magnetic Interference Detected! Field: 60.20 G,Magnetic Tamper
2026-04-24 12:21:13,2.85,3.92,11.172,16.91,WARNING: High Current Draw Detected! Current: 3.92 A,Overload Detected
2026-04-24 12:21:13,2.8,0.95,2.66,16.03,Normal Operation,Normal
2026-04-24 12:21:14,2.78,0.99,2.752,16.34,Normal Operation,Normal
2026-04-24 12:21:15,2.84,0.91,2.584,16.87,Normal Operation,Normal
2026-04-24 12:21:15,2.76,0.99,2.732,14.76,Normal Operation,Normal
2026-04-24 12:21:16,2.78,0.94,2.613,13.1,Normal Operation,Normal
2026-04-24 12:21:16,2.78,0.91,2.53,13.65,Normal Operation,Normal
2026-04-24 12:21:17,2.81,0.93,2.613,13.54,Normal Operation,Normal
2026-04-24 12:21:18,2.79,0.99,2.762,15.39,Normal Operation,Normal
2026-04-24 12:21:18,2.82,0.94,2.651,14.78,Normal Operation,Normal
2026-04-24 12:21:19,2.79,0.0,0.0,16.01,WARNING: Zero Current Detected (Bypass)!,Bypass Detected
2026-04-24 12:21:19,2.26,0.94,2.124,15.1,CRITICAL: Voltage Tamper Detected! Voltage: 2.26 V,Voltage Tamper
2026-04-24 12:21:20,2.75,0.0,0.0,14.0,WARNING: Zero Current Detected (Bypass)!,Bypass Detected
2026-04-24 12:21:20,2.8,0.92,2.576,16.53,Normal Operation,Normal
2026-04-24 12:21:21,2.33,0.95,2.213,13.3,CRITICAL: Voltage Tamper Detected! Voltage: 2.33 V,Voltage Tamper
2026-04-24 12:21:22,2.79,0.92,2.567,15.02,Normal Operation,Normal
2026-04-24 12:21:22,2.76,0.95,2.622,15.46,Normal Operation,Normal
2026-04-24 12:21:23,2.35,0.94,2.209,14.76,CRITICAL: Voltage Tamper Detected! Voltage: 2.35 V,Voltage Tamper
2026-04-24 12:21:23,2.76,2.07,5.713,16.06,WARNING: High Current Draw Detected! Current: 2.07 A,Overload Detected
2026-04-24 12:21:24,2.82,0.91,2.566,14.94,Normal Operation,Normal
2026-04-24 12:21:25,2.85,0.96,2.736,15.56,Normal Operation,Normal
2026-04-24 12:21:25,2.76,0.99,2.732,13.31,Normal Operation,Normal
2026-04-24 12:21:26,2.83,0.97,2.745,16.51,Normal Operation,Normal
2026-04-24 12:21:27,2.76,3.21,8.86,16.88,WARNING: High Current Draw Detected! Current: 3.21 A,Overload Detected
2026-04-24 12:21:27,2.79,0.92,2.567,16.91,Normal Operation,Normal
2026-04-24 12:21:28,2.81,0.92,2.585,14.78,Normal Operation,Normal
2026-04-24 12:21:28,2.78,0.96,2.669,13.84,Normal Operation,Normal
2026-04-24 12:21:29,2.02,0.99,2.0,16.82,CRITICAL: Voltage Tamper Detected! Voltage: 2.02 V,Voltage Tamper
2026-04-24 12:21:30,2.81,0.98,2.754,13.88,Normal Operation,Normal
2026-04-24 12:21:30,2.76,0.96,2.65,16.78,Normal Operation,Normal
2026-04-24 12:21:31,2.84,0.91,2.584,13.67,Normal Operation,Normal
2026-04-24 12:21:31,2.81,0.99,2.782,13.87,Normal Operation,Normal
2026-04-24 12:21:32,2.81,0.9,2.529,15.03,Normal Operation,Normal
2026-04-24 12:21:33,2.83,0.99,2.802,13.17,Normal Operation,Normal
2026-04-24 12:21:33,2.79,0.93,2.595,15.7,Normal Operation,Normal
2026-04-24 12:21:34,2.82,0.92,2.594,16.84,Normal Operation,Normal
2026-04-24 12:21:34,2.76,0.94,2.594,13.27,Normal Operation,Normal
2026-04-24 12:21:35,2.82,0.97,2.735,15.61,Normal Operation,Normal
2026-04-24 12:21:36,2.28,0.93,2.12,14.92,CRITICAL: Voltage Tamper Detected! Voltage: 2.28 V,Voltage Tamper
2026-04-24 12:21:36,2.84,2.09,5.936,13.1,WARNING: High Current Draw Detected! Current: 2.09 A,Overload Detected
2026-04-24 12:21:37,2.77,0.93,2.576,16.96,Normal Operation,Normal
2026-04-24 12:21:37,2.84,0.97,2.755,16.97,Normal Operation,Normal
2026-04-24 12:21:38,2.81,0.92,2.585,15.86,Normal Operation,Normal
2026-04-24 12:21:38,2.76,2.37,6.541,15.66,WARNING: High Current Draw Detected! Current: 2.37 A,Overload Detected
2026-04-24 12:21:39,2.82,0.96,2.707,16.44,Normal Operation,Normal
2026-04-24 12:21:40,2.78,0.98,2.724,75.59,WARNING: Magnetic Interference Detected! Field: 75.59 G,Magnetic Tamper
2026-04-24 12:21:40,2.79,0.9,2.511,13.05,Normal Operation,Normal
2026-04-24 12:21:41,2.82,0.97,2.735,16.41,Normal Operation,Normal
2026-04-24 12:21:41,2.83,0.98,2.773,16.14,Normal Operation,Normal
2026-04-24 12:21:42,2.79,0.99,2.762,16.16,Normal Operation,Normal
2026-04-24 12:21:43,2.1,0.98,2.058,13.71,CRITICAL: Voltage Tamper Detected! Voltage: 2.10 V,Voltage Tamper
2026-04-24 12:21:43,2.82,3.54,9.983,16.94,WARNING: High Current Draw Detected! Current: 3.54 A,Overload Detected
2026-04-24 12:21:44,2.04,0.94,1.918,15.58,CRITICAL: Voltage Tamper Detected! Voltage: 2.04 V,Voltage Tamper
2026-04-24 12:21:44,2.81,0.91,2.557,13.88,Normal Operation,Normal
2026-04-24 12:21:45,1.89,0.9,1.701,14.97,CRITICAL: Voltage Tamper Detected! Voltage: 1.89 V,Voltage Tamper
2026-04-24 12:21:46,2.75,0.0,0.0,14.47,WARNING: Zero Current Detected (Bypass)!,Bypass Detected
2026-04-24 12:21:46,2.81,0.96,2.698,15.76,Normal Operation,Normal
2026-04-24 12:21:47,2.84,0.0,0.0,15.3,WARNING: Zero Current Detected (Bypass)!,Bypass Detected
2026-04-24 12:21:47,2.79,0.99,2.762,15.92,Normal Operation,Normal
2026-04-24 12:21:48,2.82,0.95,2.679,14.58,Normal Operation,Normal
2026-04-24 12:21:49,2.75,0.98,2.695,15.35,Normal Operation,Normal
2026-04-24 12:21:49,2.8,0.95,2.66,15.93,Normal Operation,Normal
2026-04-24 12:21:50,2.79,0.95,2.651,16.43,Normal Operation,Normal
2026-04-24 12:21:50,2.81,0.99,2.782,14.13,Normal Operation,Normal
2026-04-24 12:21:51,2.75,0.93,2.558,13.65,Normal Operation,Normal
2026-04-24 12:21:52,2.81,0.91,2.557,13.46,Normal Operation,Normal
2026-04-24 12:21:52,2.79,0.92,2.567,16.7,Normal Operation,Normal
2026-04-24 12:21:53,2.79,0.92,2.567,13.22,Normal Operation,Normal
2026-04-24 12:21:53,2.37,0.96,2.275,13.32,CRITICAL: Voltage Tamper Detected! Voltage: 2.37 V,Voltage Tamper
2026-04-24 12:21:54,2.78,0.0,0.0,13.95,WARNING: Zero Current Detected (Bypass)!,Bypass Detected
2026-04-24 12:21:55,2.77,0.93,2.576,15.07,Normal Operation,Normal
2026-04-24 12:21:55,2.05,0.97,1.988,14.11,CRITICAL: Voltage Tamper Detected! Voltage: 2.05 V,Voltage Tamper
2026-04-24 12:21:56,2.84,0.92,2.613,15.25,Normal Operation,Normal
2026-04-24 12:21:56,2.84,0.95,2.698,13.18,Normal Operation,Normal
2026-04-24 12:21:57,2.83,0.96,2.717,94.68,WARNING: Magnetic Interference Detected! Field: 94.68 G,Magnetic Tamper
2026-04-24 12:21:58,2.82,0.96,2.707,13.8,Normal Operation,Normal
2026-04-24 12:21:58,2.78,0.99,2.752,13.44,Normal Operation,Normal
2026-04-24 12:21:59,2.84,0.91,2.584,14.63,Normal Operation,Normal
2026-04-24 12:21:59,2.78,0.91,2.53,16.19,Normal Operation,Normal
2026-04-24 12:22:00,2.79,0.99,2.762,13.45,Normal Operation,Normal
2026-04-24 12:22:01,2.82,0.94,2.651,13.76,Normal Operation,Normal
2026-04-24 12:22:01,2.84,0.96,2.726,13.45,Normal Operation,Normal
2026-04-24 12:22:02,2.37,0.96,2.275,14.07,CRITICAL: Voltage Tamper Detected! Voltage: 2.37 V,Voltage Tamper
2026-04-24 12:22:02,2.76,0.94,2.594,99.51,WARNING: Magnetic Interference Detected! Field: 99.51 G,Magnetic Tamper
2026-04-24 12:22:03,2.79,2.33,6.501,14.78,WARNING: High Current Draw Detected! Current: 2.33 A,Overload Detected
2026-04-24 12:22:03,2.79,0.94,2.623,15.12,Normal Operation,Normal
2026-04-24 12:22:04,2.76,0.92,2.539,14.54,Normal Operation,Normal
2026-04-24 12:22:05,2.84,1.0,2.84,13.43,Normal Operation,Normal
2026-04-24 12:22:05,2.81,0.95,2.669,16.72,Normal Operation,Normal
2026-04-24 12:22:06,2.83,0.93,2.632,16.96,Normal Operation,Normal
2026-04-24 12:22:06,2.82,0.92,2.594,14.92,Normal Operation,Normal
2026-04-24 12:22:07,2.8,0.96,2.688,15.84,Normal Operation,Normal
2026-04-24 12:22:08,2.85,0.99,2.821,15.22,Normal Operation,Normal
2026-04-24 12:22:08,2.76,3.6,9.936,16.39,WARNING: High Current Draw Detected! Current: 3.60 A,Overload Detected
2026-04-24 12:22:09,2.83,0.97,2.745,13.2,Normal Operation,Normal
2026-04-24 12:22:09,2.82,0.96,2.707,15.65,Normal Operation,Normal
2026-04-24 12:22:10,2.82,0.96,2.707,15.66,Normal Operation,Normal
2026-04-24 12:22:11,2.82,0.94,2.651,15.1,Normal Operation,Normal
2026-04-24 12:22:11,2.79,0.0,0.0,13.85,WARNING: Zero Current Detected (Bypass)!,Bypass Detected
2026-04-24 12:22:12,2.8,0.98,2.744,15.98,Normal Operation,Normal
2026-04-24 12:22:12,2.8,0.93,2.604,16.1,Normal Operation,Normal
2026-04-24 12:22:13,2.27,0.92,2.088,14.42,CRITICAL: Voltage Tamper Detected! Voltage: 2.27 V,Voltage Tamper
2026-04-24 12:22:14,2.81,0.93,2.613,14.51,Normal Operation,Normal
2026-04-24 12:22:14,2.75,0.91,2.502,13.73,Normal Operation,Normal
2026-04-24 12:22:15,2.79,0.99,2.762,14.28,Normal Operation,Normal
2026-04-24 12:22:15,2.82,0.95,2.679,13.82,Normal Operation,Normal
2026-04-24 12:22:16,2.81,0.92,2.585,15.43,Normal Operation,Normal
2026-04-24 12:22:17,2.76,0.95,2.622,14.34,Normal Operation,Normal
2026-04-24 12:22:17,2.83,0.9,2.547,14.97,Normal Operation,Normal
2026-04-24 12:22:18,2.81,0.9,2.529,14.64,Normal Operation,Normal
2026-04-24 12:22:18,2.78,0.93,2.585,13.34,Normal Operation,Normal
2026-04-24 12:22:19,2.25,0.99,2.228,16.27,CRITICAL: Voltage Tamper Detected! Voltage: 2.25 V,Voltage Tamper
2026-04-24 12:22:20,2.75,1.0,2.75,16.73,Normal Operation,Normal
2026-04-24 12:22:20,2.83,0.95,2.688,16.04,Normal Operation,Normal
2026-04-24 12:22:21,2.77,0.97,2.687,13.04,Normal Operation,Normal
2026-04-24 12:22:21,2.15,0.91,1.956,16.98,CRITICAL: Voltage Tamper Detected! Voltage: 2.15 V,Voltage Tamper
2026-04-24 12:22:22,2.81,1.0,2.81,16.65,Normal Operation,Normal
2026-04-24 12:22:23,2.77,0.9,2.493,15.08,Normal Operation,Normal
2026-04-24 12:22:23,2.77,0.91,2.521,14.23,Normal Operation,Normal
2026-04-24 12:22:24,2.82,0.0,0.0,16.04,WARNING: Zero Current Detected (Bypass)!,Bypass Detected
2026-04-24 12:22:24,2.77,0.91,2.521,14.29,Normal Operation,Normal
2026-04-24 12:22:25,2.8,1.0,2.8,15.46,Normal Operation,Normal
2026-04-24 12:22:26,2.84,0.94,2.67,13.8,Normal Operation,Normal
2026-04-24 12:30:18,2.84,0.92,2.613,16.81,Normal Operation,Normal
2026-04-24 12:30:19,2.78,0.9,2.502,13.21,Normal Operation,Normal
2026-04-24 12:30:19,2.02,0.94,1.899,14.09,CRITICAL: Voltage Tamper Detected! Voltage: 2.02 V,Voltage Tamper
2026-04-24 12:30:20,2.06,0.94,1.936,16.52,CRITICAL: Voltage Tamper Detected! Voltage: 2.06 V,Voltage Tamper
2026-04-24 12:30:20,2.81,0.92,2.585,75.45,WARNING: Magnetic Interference Detected! Field: 75.45 G,Magnetic Tamper
2026-04-24 12:30:21,1.84,0.95,1.748,16.46,CRITICAL: Voltage Tamper Detected! Voltage: 1.84 V,Voltage Tamper
2026-04-24 12:30:21,2.75,0.96,2.64,15.66,Normal Operation,Normal
2026-04-24 12:30:22,2.76,0.99,2.732,13.07,Normal Operation,Normal
2026-04-24 12:30:23,2.77,0.99,2.742,15.25,Normal Operation,Normal
2026-04-24 12:30:23,2.82,0.0,0.0,16.58,WARNING: Zero Current Detected (Bypass)!,Bypass Detected
2026-04-24 12:30:24,2.75,0.92,2.53,16.8,Normal Operation,Normal
2026-04-24 12:30:24,2.81,0.96,2.698,14.94,Normal Operation,Normal
2026-04-24 12:30:25,2.81,1.0,2.81,15.85,Normal Operation,Normal
2026-04-24 12:30:25,2.83,0.93,2.632,13.57,Normal Operation,Normal
2026-04-24 12:30:26,2.84,0.91,2.584,15.68,Normal Operation,Normal
2026-04-24 12:30:27,2.81,0.0,0.0,14.4,WARNING: Zero Current Detected (Bypass)!,Bypass Detected
2026-04-24 12:30:27,2.85,0.99,2.821,14.66,Normal Operation,Normal
2026-04-24 12:30:28,2.75,0.0,0.0,15.7,WARNING: Zero Current Detected (Bypass)!,Bypass Detected
2026-04-24 12:30:28,2.77,0.92,2.548,15.64,Normal Operation,Normal
2026-04-24 12:30:29,2.75,0.91,2.502,15.69,Normal Operation,Normal
2026-04-24 12:30:29,2.79,1.0,2.79,16.54,Normal Operation,Normal
2026-04-24 12:30:30,2.83,0.0,0.0,16.21,WARNING: Zero Current Detected (Bypass)!,Bypass Detected
2026-04-24 12:30:31,2.8,0.98,2.744,14.1,Normal Operation,Normal
2026-04-24 12:30:31,2.84,0.97,2.755,14.7,Normal Operation,Normal
2026-04-24 12:30:32,2.77,0.95,2.631,16.44,Normal Operation,Normal
2026-04-24 12:30:32,2.83,0.97,2.745,15.68,Normal Operation,Normal
2026-04-24 12:30:33,2.85,0.99,2.821,16.27,Normal Operation,Normal
2026-04-24 12:30:34,2.78,0.93,2.585,16.81,Normal Operation,Normal
2026-04-24 12:30:34,1.8,0.93,1.674,13.85,CRITICAL: Voltage Tamper Detected! Voltage: 1.80 V,Voltage Tamper
2026-04-24 12:30:35,2.75,0.0,0.0,13.95,WARNING: Zero Current Detected (Bypass)!,Bypass Detected
2026-04-24 12:30:35,2.82,0.92,2.594,13.09,Normal Operation,Normal
2026-04-24 12:30:36,2.82,0.95,2.679,15.36,Normal Operation,Normal
2026-04-24 12:30:36,2.76,0.91,2.512,14.96,Normal Operation,Normal
2026-04-24 12:30:37,2.8,0.97,2.716,15.54,Normal Operation,Normal
2026-04-24 12:30:37,2.8,1.0,2.8,14.38,Normal Operation,Normal
2026-04-24 12:30:38,2.77,0.0,0.0,15.38,WARNING: Zero Current Detected (Bypass)!,Bypass Detected
2026-04-24 12:30:39,2.32,0.97,2.25,13.24,CRITICAL: Voltage Tamper Detected! Voltage: 2.32 V,Voltage Tamper
2026-04-24 12:30:39,2.8,0.95,2.66,14.83,Normal Operation,Normal
2026-04-24 12:30:40,2.82,0.96,2.707,16.4,Normal Operation,Normal
2026-04-24 12:30:40,2.83,0.93,2.632,84.15,WARNING: Magnetic Interference Detected! Field: 84.15 G,Magnetic Tamper
2026-04-24 12:30:41,2.81,0.93,2.613,15.61,Normal Operation,Normal
2026-04-24 12:30:41,2.78,0.93,2.585,14.68,Normal Operation,Normal
2026-04-24 12:30:42,2.78,0.96,2.669,16.31,Normal Operation,Normal
2026-04-24 12:30:43,2.82,0.93,2.623,14.11,Normal Operation,Normal
2026-04-24 12:30:43,2.76,0.99,2.732,15.04,Normal Operation,Normal
2026-04-24 12:30:44,2.76,0.96,2.65,13.19,Normal Operation,Normal
2026-04-24 12:30:44,2.78,0.97,2.697,15.2,Normal Operation,Normal
2026-04-24 12:30:45,2.75,0.97,2.667,14.29,Normal Operation,Normal
2026-04-24 12:30:45,2.82,0.0,0.0,13.09,WARNING: Zero Current Detected (Bypass)!,Bypass Detected
2026-04-24 12:30:46,2.8,0.91,2.548,16.47,Normal Operation,Normal
2026-04-24 12:30:47,2.77,0.98,2.715,14.37,Normal Operation,Normal
2026-04-24 12:30:47,2.82,0.0,0.0,16.2,WARNING: Zero Current Detected (Bypass)!,Bypass Detected
2026-04-24 12:30:48,2.79,0.0,0.0,15.04,WARNING: Zero Current Detected (Bypass)!,Bypass Detected
2026-04-24 12:30:48,2.79,0.97,2.706,14.58,Normal Operation,Normal
2026-04-24 12:30:49,2.78,0.95,2.641,13.04,Normal Operation,Normal
2026-04-24 12:30:49,2.83,0.97,2.745,13.04,Normal Operation,Normal
2026-04-24 12:30:50,2.79,0.9,2.511,13.37,Normal Operation,Normal
2026-04-24 12:30:51,2.84,0.92,2.613,13.45,Normal Operation,Normal
2026-04-24 12:30:51,2.85,0.98,2.793,13.97,Normal Operation,Normal
2026-04-24 12:30:52,2.78,0.91,2.53,14.14,Normal Operation,Normal
2026-04-24 12:30:52,2.8,0.92,2.576,13.6,Normal Operation,Normal
2026-04-24 12:30:53,2.85,0.95,2.708,14.87,Normal Operation,Normal
2026-04-24 12:30:53,2.81,0.96,2.698,15.48,Normal Operation,Normal
2026-04-24 12:30:54,2.77,0.94,2.604,16.94,Normal Operation,Normal
2026-04-24 12:30:55,2.8,0.96,2.688,15.76,Normal Operation,Normal
2026-04-24 12:30:55,2.81,0.98,2.754,14.2,Normal Operation,Normal
2026-04-24 12:30:56,2.83,0.96,2.717,15.48,Normal Operation,Normal
2026-04-24 12:30:56,2.8,0.97,2.716,67.32,WARNING: Magnetic Interference Detected! Field: 67.32 G,Magnetic Tamper
2026-04-24 12:30:57,2.81,1.0,2.81,14.11,Normal Operation,Normal
2026-04-24 12:30:57,2.78,0.92,2.558,16.39,Normal Operation,Normal
2026-04-24 12:30:58,1.92,0.97,1.862,16.19,CRITICAL: Voltage Tamper Detected! Voltage: 1.92 V,Voltage Tamper
2026-04-24 12:30:59,2.77,0.97,2.687,13.45,Normal Operation,Normal
2026-04-24 12:30:59,2.76,0.95,2.622,14.58,Normal Operation,Normal
2026-04-24 12:31:00,2.82,0.92,2.594,13.42,Normal Operation,Normal
2026-04-24 12:31:00,2.8,0.91,2.548,13.45,Normal Operation,Normal
2026-04-24 12:31:01,2.76,0.98,2.705,16.39,Normal Operation,Normal
2026-04-24 12:31:01,2.82,0.96,2.707,16.76,Normal Operation,Normal
2026-04-24 12:31:02,2.8,0.93,2.604,13.22,Normal Operation,Normal
2026-04-24 12:31:03,2.8,0.99,2.772,15.81,Normal Operation,Normal
2026-04-24 12:31:03,2.75,0.96,2.64,15.22,Normal Operation,Normal
2026-04-24 12:31:04,2.27,0.91,2.066,14.25,CRITICAL: Voltage Tamper Detected! Voltage: 2.27 V,Voltage Tamper
2026-04-24 12:31:04,2.78,0.95,2.641,14.39,Normal Operation,Normal
2026-04-24 12:31:05,2.78,0.0,0.0,14.33,WARNING: Zero Current Detected (Bypass)!,Bypass Detected
2026-04-24 12:31:05,2.84,0.97,2.755,15.51,Normal Operation,Normal
2026-04-24 12:31:06,2.81,0.95,2.669,13.13,Normal Operation,Normal
2026-04-24 12:31:07,2.79,0.93,2.595,14.3,Normal Operation,Normal
2026-04-24 12:31:07,2.81,0.96,2.698,14.21,Normal Operation,Normal
2026-04-24 12:31:08,2.81,0.95,2.669,15.91,Normal Operation,Normal
2026-04-24 12:31:08,2.81,0.97,2.726,16.98,Normal Operation,Normal
2026-04-24 12:31:09,2.76,0.98,2.705,13.75,Normal Operation,Normal
2026-04-24 12:31:09,2.82,0.0,0.0,14.41,WARNING: Zero Current Detected (Bypass)!,Bypass Detected
2026-04-24 12:31:10,2.82,0.92,2.594,14.98,Normal Operation,Normal
2026-04-24 12:31:11,2.85,0.97,2.764,13.31,Normal Operation,Normal
2026-04-24 12:31:11,2.81,0.92,2.585,14.83,Normal Operation,Normal
2026-04-24 12:31:12,1.85,0.95,1.758,15.52,CRITICAL: Voltage Tamper Detected! Voltage: 1.85 V,Voltage Tamper
2026-04-24 12:31:12,2.84,0.98,2.783,13.66,Normal Operation,Normal
2026-04-24 12:31:13,2.83,0.97,2.745,15.61,Normal Operation,Normal
2026-04-24 12:31:13,2.84,0.91,2.584,13.64,Normal Operation,Normal
2026-04-24 12:31:14,2.77,0.94,2.604,13.71,Normal Operation,Normal
2026-04-24 12:31:15,2.78,1.0,2.78,13.19,Normal Operation,Normal
2026-04-24 12:31:15,2.84,0.96,2.726,15.02,Normal Operation,Normal
2026-04-24 12:31:16,2.8,0.91,2.548,13.64,Normal Operation,Normal
2026-04-24 12:31:16,2.83,0.95,2.688,15.8,Normal Operation,Normal
2026-04-24 12:31:17,2.76,1.0,2.76,13.63,Normal Operation,Normal
2026-04-24 12:31:17,2.82,0.96,2.707,16.29,Normal Operation,Normal
2026-04-24 12:31:18,2.83,0.96,2.717,14.49,Normal Operation,Normal
2026-04-24 12:31:18,2.77,1.0,2.77,15.82,Normal Operation,Normal
2026-04-24 12:31:19,2.79,0.9,2.511,61.68,WARNING: Magnetic Interference Detected! Field: 61.68 G,Magnetic Tamper
2026-04-24 12:31:20,1.93,1.0,1.93,13.04,CRITICAL: Voltage Tamper Detected! Voltage: 1.93 V,Voltage Tamper
2026-04-24 12:31:20,1.81,0.96,1.738,15.05,CRITICAL: Voltage Tamper Detected! Voltage: 1.81 V,Voltage Tamper
2026-04-24 12:31:21,2.38,0.91,2.166,14.94,CRITICAL: Voltage Tamper Detected! Voltage: 2.38 V,Voltage Tamper
2026-04-24 12:31:21,2.81,0.9,2.529,14.46,Normal Operation,Normal
2026-04-24 12:31:22,2.27,0.96,2.179,16.99,CRITICAL: Voltage Tamper Detected! Voltage: 2.27 V,Voltage Tamper
2026-04-24 12:31:22,2.77,0.0,0.0,14.28,WARNING: Zero Current Detected (Bypass)!,Bypass Detected
2026-04-24 12:31:23,2.82,0.95,2.679,13.0,Normal Operation,Normal
2026-04-24 12:31:24,2.77,0.9,2.493,16.14,Normal Operation,Normal
2026-04-24 12:31:24,2.76,0.9,2.484,13.55,Normal Operation,Normal
2026-04-24 12:31:25,2.8,0.93,2.604,16.54,Normal Operation,Normal
2026-04-24 12:31:25,2.82,0.95,2.679,15.01,Normal Operation,Normal
2026-04-24 12:31:26,2.75,0.95,2.612,13.83,Normal Operation,Normal
2026-04-24 12:31:26,2.76,0.94,2.594,13.49,Normal Operation,Normal
2026-04-24 12:31:27,2.79,0.98,2.734,13.13,Normal Operation,Normal
2026-04-24 12:31:28,2.33,0.95,2.213,15.58,CRITICAL: Voltage Tamper Detected! Voltage: 2.33 V,Voltage Tamper
2026-04-24 12:31:28,2.82,0.92,2.594,13.92,Normal Operation,Normal
2026-04-24 12:31:29,1.9,0.99,1.881,16.12,CRITICAL: Voltage Tamper Detected! Voltage: 1.90 V,Voltage Tamper
2026-04-24 12:31:29,2.76,0.97,2.677,94.27,WARNING: Magnetic Interference Detected! Field: 94.27 G,Magnetic Tamper
2026-04-24 12:31:30,2.8,1.0,2.8,14.56,Normal Operation,Normal
2026-04-24 12:31:30,2.82,0.0,0.0,16.7,WARNING: Zero Current Detected (Bypass)!,Bypass Detected
2026-04-24 12:31:31,2.84,0.93,2.641,13.62,Normal Operation,Normal
2026-04-24 12:31:32,2.75,0.0,0.0,15.7,WARNING: Zero Current Detected (Bypass)!,Bypass Detected
2026-04-24 12:31:32,1.85,1.0,1.85,16.07,CRITICAL: Voltage Tamper Detected! Voltage: 1.85 V,Voltage Tamper
2026-04-24 12:31:33,2.85,0.94,2.679,13.77,Normal Operation,Normal
2026-04-24 12:31:33,2.29,0.99,2.267,15.18,CRITICAL: Voltage Tamper Detected! Voltage: 2.29 V,Voltage Tamper
2026-04-24 12:31:34,1.89,0.98,1.852,13.13,CRITICAL: Voltage Tamper Detected! Voltage: 1.89 V,Voltage Tamper
2026-04-24 12:31:34,2.83,0.97,2.745,13.34,Normal Operation,Normal
2026-04-24 12:31:35,2.85,0.95,2.708,15.11,Normal Operation,Normal
2026-04-24 12:31:36,2.79,0.0,0.0,14.12,WARNING: Zero Current Detected (Bypass)!,Bypass Detected
2026-04-24 12:31:36,2.85,0.96,2.736,15.38,Normal Operation,Normal
2026-04-24 12:31:37,2.82,0.9,2.538,14.46,Normal Operation,Normal
2026-04-24 12:31:37,2.77,0.97,2.687,14.8,Normal Operation,Normal
2026-04-24 12:31:38,2.21,0.98,2.166,15.99,CRITICAL: Voltage Tamper Detected! Voltage: 2.21 V,Voltage Tamper
2026-04-24 12:31:38,2.8,0.99,2.772,16.54,Normal Operation,Normal
2026-04-24 12:31:39,2.77,0.92,2.548,13.55,Normal Operation,Normal
2026-04-24 12:31:40,2.84,0.98,2.783,14.01,Normal Operation,Normal
2026-04-24 12:31:40,2.79,0.91,2.539,15.88,Normal Operation,Normal
2026-04-24 12:31:41,2.8,0.98,2.744,98.71,WARNING: Magnetic Interference Detected! Field: 98.71 G,Magnetic Tamper
2026-04-24 12:31:41,2.78,0.96,2.669,16.4,Normal Operation,Normal
2026-04-24 12:31:42,2.77,0.95,2.631,14.91,Normal Operation,Normal
2026-04-24 12:31:42,1.99,0.99,1.97,15.98,CRITICAL: Voltage Tamper Detected! Voltage: 1.99 V,Voltage Tamper
2026-04-24 12:31:43,2.76,0.92,2.539,14.47,Normal Operation,Normal
2026-04-24 12:31:44,2.84,0.94,2.67,16.6,Normal Operation,Normal
2026-04-24 12:31:44,2.83,0.98,2.773,13.92,Normal Operation,Normal
2026-04-24 12:31:45,2.75,0.95,2.612,14.57,Normal Operation,Normal
2026-04-24 12:31:45,2.84,0.92,2.613,16.42,Normal Operation,Normal
2026-04-24 12:31:46,2.77,0.92,2.548,15.42,Normal Operation,Normal
2026-04-24 12:31:46,2.77,0.91,2.521,16.36,Normal Operation,Normal
2026-04-24 12:31:47,2.82,0.98,2.764,13.87,Normal Operation,Normal
2026-04-24 12:31:48,2.81,0.93,2.613,95.5,WARNING: Magnetic Interference Detected! Field: 95.50 G,Magnetic Tamper
2026-04-24 12:31:48,2.82,0.99,2.792,16.22,Normal Operation,Normal
2026-04-24 12:31:49,2.79,0.92,2.567,13.79,Normal Operation,Normal
2026-04-24 12:31:49,2.83,0.96,2.717,13.51,Normal Operation,Normal
2026-04-24 12:31:50,2.84,0.95,2.698,13.49,Normal Operation,Normal
2026-04-24 12:31:50,2.22,1.0,2.22,16.98,CRITICAL: Voltage Tamper Detected! Voltage: 2.22 V,Voltage Tamper
2026-04-24 12:31:51,2.84,0.97,2.755,16.4,Normal Operation,Normal
2026-04-24 12:31:52,2.84,1.0,2.84,16.7,Normal Operation,Normal
2026-04-24 12:31:52,1.83,0.9,1.647,16.35,CRITICAL: Voltage Tamper Detected! Voltage: 1.83 V,Voltage Tamper
2026-04-24 12:31:53,2.76,0.97,2.677,14.43,Normal Operation,Normal
2026-04-24 12:31:53,2.8,0.94,2.632,16.93,Normal Operation,Normal
2026-04-24 12:31:54,2.82,0.92,2.594,13.15,Normal Operation,Normal
2026-04-24 12:31:54,2.82,0.92,2.594,14.75,Normal Operation,Normal
2026-04-24 12:31:55,2.83,0.98,2.773,16.23,Normal Operation,Normal
2026-04-24 12:31:55,2.79,0.91,2.539,16.27,Normal Operation,Normal
2026-04-24 12:31:56,2.75,0.93,2.558,14.0,Normal Operation,Normal
2026-04-24 12:31:56,2.81,0.99,2.782,14.91,Normal Operation,Normal
2026-04-24 12:31:57,2.8,0.92,2.576,96.29,WARNING: Magnetic Interference Detected! Field: 96.29 G,Magnetic Tamper
2026-04-24 12:31:58,2.79,0.99,2.762,15.43,Normal Operation,Normal
2026-04-24 12:31:58,2.84,0.94,2.67,13.49,Normal Operation,Normal
2026-04-24 12:31:59,2.82,0.94,2.651,16.81,Normal Operation,Normal
2026-04-24 12:31:59,2.83,0.98,2.773,13.46,Normal Operation,Normal
2026-04-24 12:32:00,2.75,0.93,2.558,13.76,Normal Operation,Normal
2026-04-24 12:32:01,2.77,0.96,2.659,16.85,Normal Operation,Normal
2026-04-24 12:32:01,2.36,0.98,2.313,14.1,CRITICAL: Voltage Tamper Detected! Voltage: 2.36 V,Voltage Tamper
2026-04-24 12:32:02,2.39,0.92,2.199,13.72,CRITICAL: Voltage Tamper Detected! Voltage: 2.39 V,Voltage Tamper
2026-04-24 12:32:02,2.81,0.93,2.613,15.28,Normal Operation,Normal
2026-04-24 12:32:03,2.8,0.0,0.0,13.6,WARNING: Zero Current Detected (Bypass)!,Bypass Detected
2026-04-24 12:32:03,2.76,0.93,2.567,15.32,Normal Operation,Normal
2026-04-24 12:32:04,2.82,0.98,2.764,15.5,Normal Operation,Normal
2026-04-24 12:32:05,2.81,0.93,2.613,84.16,WARNING: Magnetic Interference Detected! Field: 84.16 G,Magnetic Tamper
2026-04-24 12:32:05,2.76,0.96,2.65,14.01,Normal Operation,Normal
2026-04-24 12:32:06,2.75,0.97,2.667,15.8,Normal Operation,Normal
2026-04-24 12:32:06,2.35,0.99,2.327,15.77,CRITICAL: Voltage Tamper Detected! Voltage: 2.35 V,Voltage Tamper
2026-04-24 12:32:07,2.77,0.98,2.715,15.93,Normal Operation,Normal
2026-04-24 12:32:07,2.84,1.0,2.84,15.83,Normal Operation,Normal
2026-04-24 12:32:08,2.78,0.93,2.585,88.81,WARNING: Magnetic Interference Detected! Field: 88.81 G,Magnetic Tamper
2026-04-24 12:32:08,2.82,0.99,2.792,15.72,Normal Operation,Normal
2026-04-24 12:32:09,2.76,0.94,2.594,16.05,Normal Operation,Normal
2026-04-24 12:32:10,2.76,0.99,2.732,13.45,Normal Operation,Normal
2026-04-24 12:32:10,2.83,0.98,2.773,13.03,Normal Operation,Normal
2026-04-24 12:32:11,2.79,0.95,2.651,13.58,Normal Operation,Normal
2026-04-24 12:32:11,2.78,0.95,2.641,13.71,Normal Operation,Normal
2026-04-24 12:32:12,2.14,0.99,2.119,14.79,CRITICAL: Voltage Tamper Detected! Voltage: 2.14 V,Voltage Tamper
2026-04-24 12:32:12,2.82,0.97,2.735,94.68,WARNING: Magnetic Interference Detected! Field: 94.68 G,Magnetic Tamper
2026-04-24 12:32:13,2.4,0.98,2.352,16.24,CRITICAL: Voltage Tamper Detected! Voltage: 2.40 V,Voltage Tamper
2026-04-24 12:32:13,2.79,0.95,2.651,15.29,Normal Operation,Normal
2026-04-24 12:32:14,2.76,0.92,2.539,16.95,Normal Operation,Normal
2026-04-24 12:32:15,2.83,1.0,2.83,13.3,Normal Operation,Normal
2026-04-24 12:32:15,2.75,0.98,2.695,14.76,Normal Operation,Normal
2026-04-24 12:32:16,2.78,0.0,0.0,14.13,WARNING: Zero Current Detected (Bypass)!,Bypass Detected
2026-04-24 12:32:16,2.81,0.96,2.698,13.15,Normal Operation,Normal
2026-04-24 12:32:17,2.84,0.92,2.613,15.99,Normal Operation,Normal
2026-04-24 12:32:17,1.93,0.98,1.891,15.45,CRITICAL: Voltage Tamper Detected! Voltage: 1.93 V,Voltage Tamper
2026-04-24 12:32:18,2.21,0.94,2.077,14.76,CRITICAL: Voltage Tamper Detected! Voltage: 2.21 V,Voltage Tamper
2026-04-24 12:32:19,2.8,0.95,2.66,13.13,Normal Operation,Normal
2026-04-24 12:32:19,2.75,0.99,2.723,13.67,Normal Operation,Normal
2026-04-24 12:32:20,2.81,0.97,2.726,14.37,Normal Operation,Normal
2026-04-24 12:32:20,2.83,0.91,2.575,61.89,WARNING: Magnetic Interference Detected! Field: 61.89 G,Magnetic Tamper
2026-04-24 12:32:21,2.78,0.94,2.613,15.24,Normal Operation,Normal
2026-04-24 12:32:21,2.82,0.91,2.566,14.43,Normal Operation,Normal
2026-04-24 12:32:22,2.77,0.97,2.687,14.46,Normal Operation,Normal
2026-04-24 12:32:23,2.76,0.99,2.732,13.72,Normal Operation,Normal
2026-04-24 12:32:23,2.76,0.95,2.622,15.26,Normal Operation,Normal
2026-04-24 12:32:24,2.76,0.99,2.732,16.71,Normal Operation,Normal
2026-04-24 12:32:24,2.83,0.91,2.575,14.75,Normal Operation,Normal
2026-04-24 12:32:25,2.8,0.96,2.688,13.75,Normal Operation,Normal
2026-04-24 12:32:25,2.76,0.99,2.732,15.36,Normal Operation,Normal
2026-04-24 12:32:26,2.81,0.92,2.585,66.15,WARNING: Magnetic Interference Detected! Field: 66.15 G,Magnetic Tamper
2026-04-24 12:32:27,2.77,0.97,2.687,14.7,Normal Operation,Normal
2026-04-24 12:32:27,2.75,0.92,2.53,14.37,Normal Operation,Normal
2026-04-24 12:32:28,2.79,0.0,0.0,13.69,WARNING: Zero Current Detected (Bypass)!,Bypass Detected
2026-04-24 12:32:28,2.77,0.95,2.631,14.08,Normal Operation,Normal
2026-04-24 12:32:29,2.84,0.92,2.613,16.49,Normal Operation,Normal
2026-04-24 12:32:29,2.81,0.99,2.782,13.2,Normal Operation,Normal
2026-04-24 12:32:30,2.76,0.94,2.594,13.14,Normal Operation,Normal
2026-04-24 12:32:31,2.8,0.96,2.688,15.76,Normal Operation,Normal
2026-04-24 12:32:31,2.8,0.94,2.632,15.71,Normal Operation,Normal
2026-04-24 12:32:32,2.77,0.93,2.576,16.41,Normal Operation,Normal
2026-04-24 12:32:32,2.77,0.95,2.631,15.13,Normal Operation,Normal
2026-04-24 12:32:33,2.84,0.92,2.613,14.68,Normal Operation,Normal
2026-04-24 12:32:33,2.84,0.9,2.556,63.78,WARNING: Magnetic Interference Detected! Field: 63.78 G,Magnetic Tamper
2026-04-24 12:32:34,2.77,1.0,2.77,15.87,Normal Operation,Normal
2026-04-24 12:32:35,2.82,0.97,2.735,16.91,Normal Operation,Normal
2026-04-24 12:32:35,2.77,0.96,2.659,16.03,Normal Operation,Normal
2026-04-24 12:32:36,2.84,0.95,2.698,16.52,Normal Operation,Normal
2026-04-24 12:32:36,2.82,0.0,0.0,16.13,WARNING: Zero Current Detected (Bypass)!,Bypass Detected
2026-04-24 12:32:37,1.81,0.95,1.72,14.7,CRITICAL: Voltage Tamper Detected! Voltage: 1.81 V,Voltage Tamper
2026-04-24 12:32:38,2.79,0.94,2.623,15.45,Normal Operation,Normal
2026-04-24 12:32:38,2.76,0.95,2.622,14.8,Normal Operation,Normal
2026-04-24 12:32:39,2.82,1.0,2.82,16.54,Normal Operation,Normal
2026-04-24 12:32:39,2.77,0.95,2.631,16.09,Normal Operation,Normal
2026-04-24 12:32:40,2.84,0.99,2.812,16.78,Normal Operation,Normal
2026-04-24 12:32:40,1.99,0.99,1.97,16.85,CRITICAL: Voltage Tamper Detected! Voltage: 1.99 V,Voltage Tamper
2026-04-24 12:32:41,2.76,0.9,2.484,13.17,Normal Operation,Normal
2026-04-24 12:32:41,2.84,0.92,2.613,89.71,WARNING: Magnetic Interference Detected! Field: 89.71 G,Magnetic Tamper
2026-04-24 12:32:42,2.81,0.9,2.529,14.56,Normal Operation,Normal
2026-04-24 12:32:43,2.79,1.0,2.79,14.31,Normal Operation,Normal
2026-04-24 12:32:43,2.81,0.0,0.0,14.1,WARNING: Zero Current Detected (Bypass)!,Bypass Detected
2026-04-24 12:32:44,2.77,0.92,2.548,14.27,Normal Operation,Normal
2026-04-24 12:32:44,2.76,0.9,2.484,16.47,Normal Operation,Normal
2026-04-24 12:32:45,2.83,1.0,2.83,16.76,Normal Operation,Normal
2026-04-24 12:32:45,2.84,0.91,2.584,88.38,WARNING: Magnetic Interference Detected! Field: 88.38 G,Magnetic Tamper
2026-04-24 12:32:46,2.84,0.98,2.783,14.33,Normal Operation,Normal
2026-04-24 12:32:47,2.79,0.93,2.595,98.15,WARNING: Magnetic Interference Detected! Field: 98.15 G,Magnetic Tamper
2026-04-24 12:32:47,2.14,0.92,1.969,14.77,CRITICAL: Voltage Tamper Detected! Voltage: 2.14 V,Voltage Tamper
2026-04-24 12:32:48,2.82,0.91,2.566,16.72,Normal Operation,Normal
2026-04-24 12:32:48,2.77,0.91,2.521,15.66,Normal Operation,Normal
2026-04-24 12:32:49,2.78,0.91,2.53,15.03,Normal Operation,Normal
2026-04-24 12:32:49,2.84,0.0,0.0,14.21,WARNING: Zero Current Detected (Bypass)!,Bypass Detected
2026-04-24 12:32:50,2.76,1.0,2.76,13.0,Normal Operation,Normal
2026-04-24 12:32:51,2.83,0.9,2.547,15.71,Normal Operation,Normal
2026-04-24 12:32:51,2.78,0.91,2.53,16.95,Normal Operation,Normal
2026-04-24 12:32:52,2.83,0.96,2.717,16.42,Normal Operation,Normal
2026-04-24 12:32:52,2.81,0.98,2.754,16.84,Normal Operation,Normal
2026-04-24 12:32:53,2.78,0.95,2.641,14.72,Normal Operation,Normal
2026-04-24 12:32:53,2.82,0.9,2.538,14.58,Normal Operation,Normal
2026-04-24 12:32:54,2.79,0.96,2.678,16.28,Normal Operation,Normal
2026-04-24 12:32:55,2.83,0.0,0.0,15.77,WARNING: Zero Current Detected (Bypass)!,Bypass Detected
2026-04-24 12:32:55,2.79,0.9,2.511,13.48,Normal Operation,Normal
2026-04-24 12:32:56,2.77,0.94,2.604,15.27,Normal Operation,Normal
2026-04-24 12:32:56,2.76,0.91,2.512,14.13,Normal Operation,Normal
2026-04-24 12:32:57,2.84,0.92,2.613,14.63,Normal Operation,Normal
2026-04-24 12:32:57,2.79,0.0,0.0,16.07,WARNING: Zero Current Detected (Bypass)!,Bypass Detected
2026-04-24 12:32:58,2.84,0.94,2.67,13.97,Normal Operation,Normal
2026-04-24 12:32:58,2.81,0.93,2.613,70.35,WARNING: Magnetic Interference Detected! Field: 70.35 G,Magnetic Tamper
2026-04-24 12:32:59,2.76,0.93,2.567,16.65,Normal Operation,Normal
2026-04-24 12:33:00,2.84,0.92,2.613,13.37,Normal Operation,Normal
2026-04-24 12:33:00,2.83,0.96,2.717,14.55,Normal Operation,Normal
2026-04-24 12:33:01,2.8,0.94,2.632,15.57,Normal Operation,Normal
2026-04-24 12:33:01,2.78,0.99,2.752,15.15,Normal Operation,Normal
2026-04-24 12:33:02,2.79,0.93,2.595,15.9,Normal Operation,Normal
2026-04-24 12:33:03,2.79,0.94,2.623,14.73,Normal Operation,Normal
2026-04-24 12:33:03,2.81,0.97,2.726,15.33,Normal Operation,Normal
2026-04-24 12:33:04,2.81,0.99,2.782,14.21,Normal Operation,Normal
2026-04-24 12:33:04,2.78,0.95,2.641,13.1,Normal Operation,Normal
2026-04-24 12:33:05,2.77,0.97,2.687,16.55,Normal Operation,Normal
2026-04-24 12:33:05,2.83,0.98,2.773,13.69,Normal Operation,Normal
2026-04-24 12:33:06,2.84,0.95,2.698,13.25,Normal Operation,Normal
2026-04-24 12:33:07,2.85,0.96,2.736,16.47,Normal Operation,Normal
2026-04-24 12:33:07,2.81,0.93,2.613,15.02,Normal Operation,Normal
2026-04-24 12:33:08,2.8,0.91,2.548,14.05,Normal Operation,Normal
2026-04-24 12:33:08,2.81,0.97,2.726,15.03,Normal Operation,Normal
2026-04-24 12:33:09,2.85,0.94,2.679,15.69,Normal Operation,Normal
2026-04-24 12:33:09,2.82,0.99,2.792,14.17,Normal Operation,Normal
2026-04-24 12:33:10,2.81,0.0,0.0,14.11,WARNING: Zero Current Detected (Bypass)!,Bypass Detected
2026-04-24 12:33:11,2.77,0.93,2.576,15.33,Normal Operation,Normal
2026-04-24 12:33:11,2.79,0.94,2.623,66.66,WARNING: Magnetic Interference Detected! Field: 66.66 G,Magnetic Tamper
2026-04-24 12:33:12,2.84,0.97,2.755,14.96,Normal Operation,Normal
2026-04-24 12:33:12,2.77,0.0,0.0,13.2,WARNING: Zero Current Detected (Bypass)!,Bypass Detected
2026-04-24 12:33:13,1.89,0.9,1.701,15.6,CRITICAL: Voltage Tamper Detected! Voltage: 1.89 V,Voltage Tamper
2026-04-24 12:33:14,2.77,0.94,2.604,14.16,Normal Operation,Normal
2026-04-24 12:33:14,2.83,0.91,2.575,14.38,Normal Operation,Normal
2026-04-24 12:33:15,2.78,0.99,2.752,16.09,Normal Operation,Normal
2026-04-24 12:33:15,2.83,0.98,2.773,13.14,Normal Operation,Normal
2026-04-24 12:33:16,2.82,0.98,2.764,13.6,Normal Operation,Normal
2026-04-24 12:33:17,2.79,0.99,2.762,16.02,Normal Operation,Normal
2026-04-24 12:33:17,2.79,0.93,2.595,14.62,Normal Operation,Normal
2026-04-24 12:33:18,2.77,0.98,2.715,14.19,Normal Operation,Normal
2026-04-24 12:33:18,2.79,0.0,0.0,16.77,WARNING: Zero Current Detected (Bypass)!,Bypass Detected
2026-04-24 12:33:19,2.82,0.0,0.0,16.16,WARNING: Zero Current Detected (Bypass)!,Bypass Detected
2026-04-24 12:33:19,2.77,0.99,2.742,15.99,Normal Operation,Normal
2026-04-24 12:33:20,2.79,0.92,2.567,15.18,Normal Operation,Normal
2026-04-24 12:33:21,2.78,0.98,2.724,14.05,Normal Operation,Normal
2026-04-24 12:33:21,1.99,0.91,1.811,16.29,CRITICAL: Voltage Tamper Detected! Voltage: 1.99 V,Voltage Tamper
2026-04-24 12:33:22,2.8,0.98,2.744,13.29,Normal Operation,Normal
2026-04-24 12:33:22,2.79,0.95,2.651,16.47,Normal Operation,Normal
2026-04-24 12:33:23,2.15,0.99,2.128,13.72,CRITICAL: Voltage Tamper Detected! Voltage: 2.15 V,Voltage Tamper
2026-04-24 12:33:23,2.83,0.93,2.632,14.66,Normal Operation,Normal
2026-04-24 12:33:24,2.84,0.98,2.783,16.27,Normal Operation,Normal
2026-04-24 12:33:25,2.83,0.97,2.745,16.08,Normal Operation,Normal
2026-04-24 12:33:25,2.08,0.99,2.059,14.09,CRITICAL: Voltage Tamper Detected! Voltage: 2.08 V,Voltage Tamper
2026-04-24 12:33:26,2.8,0.93,2.604,13.96,Normal Operation,Normal
2026-04-24 12:33:26,2.75,0.98,2.695,16.95,Normal Operation,Normal
2026-04-24 12:33:27,2.83,0.9,2.547,13.48,Normal Operation,Normal
2026-04-24 12:33:27,2.76,0.95,2.622,72.03,WARNING: Magnetic Interference Detected! Field: 72.03 G,Magnetic Tamper
2026-04-24 12:33:28,2.79,0.0,0.0,16.11,WARNING: Zero Current Detected (Bypass)!,Bypass Detected
2026-04-24 12:33:29,2.84,0.96,2.726,71.5,WARNING: Magnetic Interference Detected! Field: 71.50 G,Magnetic Tamper
2026-04-24 12:33:29,2.85,0.97,2.764,16.37,Normal Operation,Normal
2026-04-24 12:33:30,2.79,0.94,2.623,15.19,Normal Operation,Normal
2026-04-24 12:33:30,1.92,0.91,1.747,15.88,CRITICAL: Voltage Tamper Detected! Voltage: 1.92 V,Voltage Tamper
2026-04-24 12:33:31,2.75,0.96,2.64,14.72,Normal Operation,Normal
2026-04-24 12:33:31,2.75,0.95,2.612,13.73,Normal Operation,Normal
2026-04-24 12:33:32,2.85,0.97,2.764,16.0,Normal Operation,Normal
2026-04-24 12:33:33,2.83,0.99,2.802,15.72,Normal Operation,Normal
2026-04-24 12:33:33,2.79,1.0,2.79,14.82,Normal Operation,Normal
2026-04-24 12:33:34,2.8,0.0,0.0,16.77,WARNING: Zero Current Detected (Bypass)!,Bypass Detected
2026-04-24 12:33:34,2.77,0.97,2.687,15.02,Normal Operation,Normal
2026-04-24 12:33:35,1.82,0.99,1.802,16.39,CRITICAL: Voltage Tamper Detected! Voltage: 1.82 V,Voltage Tamper
2026-04-24 12:33:35,2.77,0.97,2.687,15.0,Normal Operation,Normal
2026-04-24 12:33:36,2.78,0.97,2.697,93.21,WARNING: Magnetic Interference Detected! Field: 93.21 G,Magnetic Tamper
2026-04-24 12:33:37,2.82,0.97,2.735,13.81,Normal Operation,Normal
2026-04-24 12:33:37,2.8,0.98,2.744,15.25,Normal Operation,Normal
2026-04-24 12:33:38,2.79,0.92,2.567,14.04,Normal Operation,Normal
2026-04-24 12:33:38,2.84,0.99,2.812,13.13,Normal Operation,Normal
2026-04-24 12:33:39,2.77,0.0,0.0,15.24,WARNING: Zero Current Detected (Bypass)!,Bypass Detected
2026-04-24 12:33:39,2.82,0.92,2.594,14.5,Normal Operation,Normal
2026-04-24 12:33:40,2.78,0.92,2.558,14.83,Normal Operation,Normal
2026-04-24 12:33:41,2.81,0.93,2.613,16.45,Normal Operation,Normal
2026-04-24 12:33:41,2.27,0.94,2.134,14.44,CRITICAL: Voltage Tamper Detected! Voltage: 2.27 V,Voltage Tamper
2026-04-24 12:33:42,2.84,0.99,2.812,14.79,Normal Operation,Normal
2026-04-24 12:33:42,1.99,0.96,1.91,14.73,CRITICAL: Voltage Tamper Detected! Voltage: 1.99 V,Voltage Tamper
2026-04-24 12:33:43,2.81,0.96,2.698,13.54,Normal Operation,Normal
2026-04-24 12:33:44,2.78,0.98,2.724,14.68,Normal Operation,Normal
2026-04-24 12:33:44,2.84,0.92,2.613,16.35,Normal Operation,Normal
2026-04-24 12:33:45,2.77,0.97,2.687,14.08,Normal Operation,Normal
2026-04-24 12:33:45,2.76,0.97,2.677,13.77,Normal Operation,Normal
2026-04-24 12:33:46,2.78,0.97,2.697,15.38,Normal Operation,Normal
2026-04-24 12:33:46,2.81,0.92,2.585,13.32,Normal Operation,Normal
2026-04-24 12:33:47,2.78,0.96,2.669,16.19,Normal Operation,Normal
2026-04-24 12:33:47,2.76,0.97,2.677,96.88,WARNING: Magnetic Interference Detected! Field: 96.88 G,Magnetic Tamper
2026-04-24 12:33:48,2.81,0.96,2.698,15.04,Normal Operation,Normal
2026-04-24 12:33:49,2.83,0.93,2.632,13.82,Normal Operation,Normal
2026-04-24 12:33:49,1.9,0.98,1.862,13.44,CRITICAL: Voltage Tamper Detected! Voltage: 1.90 V,Voltage Tamper
2026-04-24 12:33:50,2.8,0.92,2.576,13.71,Normal Operation,Normal
2026-04-24 12:33:50,2.81,0.93,2.613,15.28,Normal Operation,Normal
2026-04-24 12:33:51,2.81,0.0,0.0,13.5,WARNING: Zero Current Detected (Bypass)!,Bypass Detected
2026-04-24 12:33:51,2.75,0.92,2.53,70.75,WARNING: Magnetic Interference Detected! Field: 70.75 G,Magnetic Tamper
2026-04-24 12:33:52,2.78,0.93,2.585,16.68,Normal Operation,Normal
2026-04-24 12:33:53,2.8,0.98,2.744,77.51,WARNING: Magnetic Interference Detected! Field: 77.51 G,Magnetic Tamper
2026-04-24 12:33:53,2.84,0.93,2.641,16.75,Normal Operation,Normal
2026-04-24 12:33:54,2.23,0.93,2.074,15.42,CRITICAL: Voltage Tamper Detected! Voltage: 2.23 V,Voltage Tamper
2026-04-24 12:33:54,2.84,0.97,2.755,75.46,WARNING: Magnetic Interference Detected! Field: 75.46 G,Magnetic Tamper
2026-04-24 12:33:55,2.77,0.93,2.576,16.97,Normal Operation,Normal
2026-04-24 12:33:55,2.79,0.99,2.762,16.76,Normal Operation,Normal
2026-04-24 12:33:56,2.8,0.0,0.0,16.21,WARNING: Zero Current Detected (Bypass)!,Bypass Detected
2026-04-24 12:33:57,2.85,0.96,2.736,13.93,Normal Operation,Normal
2026-04-24 12:33:57,2.83,0.97,2.745,16.23,Normal Operation,Normal
2026-04-24 12:33:58,2.83,0.97,2.745,13.29,Normal Operation,Normal
2026-04-24 12:33:58,2.79,0.99,2.762,16.51,Normal Operation,Normal
2026-04-24 12:33:59,2.84,0.91,2.584,16.2,Normal Operation,Normal
2026-04-24 12:33:59,2.83,0.96,2.717,14.86,Normal Operation,Normal
2026-04-24 12:34:00,2.78,0.92,2.558,16.01,Normal Operation,Normal
2026-04-24 12:34:01,2.84,0.92,2.613,13.95,Normal Operation,Normal
2026-04-24 12:34:01,2.78,0.96,2.669,16.46,Normal Operation,Normal
2026-04-24 12:34:02,2.8,0.93,2.604,15.11,Normal Operation,Normal
2026-04-24 12:34:02,2.76,0.99,2.732,13.02,Normal Operation,Normal
2026-04-24 12:34:03,2.82,1.0,2.82,15.45,Normal Operation,Normal
2026-04-24 12:34:03,2.85,0.98,2.793,15.93,Normal Operation,Normal
2026-04-24 12:34:04,2.82,0.93,2.623,13.54,Normal Operation,Normal
2026-04-24 12:34:05,2.82,0.97,2.735,14.28,Normal Operation,Normal
2026-04-24 12:34:05,2.83,0.93,2.632,13.17,Normal Operation,Normal
2026-04-24 12:34:06,2.78,0.0,0.0,16.22,WARNING: Zero Current Detected (Bypass)!,Bypass Detected
2026-04-24 12:34:06,2.84,0.92,2.613,16.97,Normal Operation,Normal
2026-04-24 12:34:07,2.84,0.9,2.556,77.03,WARNING: Magnetic Interference Detected! Field: 77.03 G,Magnetic Tamper
2026-04-24 12:34:07,2.8,0.95,2.66,13.1,Normal Operation,Normal
2026-04-24 12:34:08,2.79,0.93,2.595,96.62,WARNING: Magnetic Interference Detected! Field: 96.62 G,Magnetic Tamper
2026-04-24 12:34:09,2.84,0.95,2.698,14.33,Normal Operation,Normal
2026-04-24 12:34:09,2.77,0.94,2.604,14.97,Normal Operation,Normal
2026-04-24 12:34:10,2.83,0.96,2.717,15.83,Normal Operation,Normal
2026-04-24 12:34:10,2.85,0.92,2.622,14.97,Normal Operation,Normal
2026-04-24 12:34:11,2.83,0.91,2.575,16.7,Normal Operation,Normal
2026-04-24 12:34:11,2.8,0.93,2.604,15.72,Normal Operation,Normal
2026-04-24 12:34:13,2.8,0.9,2.52,15.01,Normal Operation,Normal
2026-04-24 12:34:13,2.85,0.99,2.821,15.9,Normal Operation,Normal
2026-04-24 12:34:14,2.82,0.9,2.538,14.16,Normal Operation,Normal
2026-04-24 12:34:14,2.76,0.93,2.567,14.47,Normal Operation,Normal
2026-04-24 12:34:15,2.78,0.95,2.641,62.77,WARNING: Magnetic Interference Detected! Field: 62.77 G,Magnetic Tamper
2026-04-24 12:34:16,2.78,0.97,2.697,14.43,Normal Operation,Normal
2026-04-24 12:34:16,2.79,0.97,2.706,16.48,Normal Operation,Normal
2026-04-24 12:34:17,2.82,0.93,2.623,15.6,Normal Operation,Normal
2026-04-24 12:34:17,2.77,0.95,2.631,13.24,Normal Operation,Normal
2026-04-24 12:34:18,2.77,0.98,2.715,61.44,WARNING: Magnetic Interference Detected! Field: 61.44 G,Magnetic Tamper
2026-04-24 12:34:19,2.84,0.93,2.641,15.67,Normal Operation,Normal
2026-04-24 12:34:19,2.76,0.91,2.512,15.69,Normal Operation,Normal
2026-04-24 12:34:20,2.84,0.91,2.584,15.46,Normal Operation,Normal
2026-04-24 12:34:21,2.81,0.97,2.726,14.43,Normal Operation,Normal
2026-04-24 12:34:21,2.76,0.92,2.539,14.12,Normal Operation,Normal
2026-04-24 12:34:22,2.81,0.94,2.641,14.23,Normal Operation,Normal
2026-04-24 12:34:23,2.79,0.93,2.595,13.84,Normal Operation,Normal
2026-04-24 12:34:23,2.81,0.99,2.782,14.4,Normal Operation,Normal
2026-04-24 12:34:24,2.83,0.98,2.773,15.3,Normal Operation,Normal
2026-04-24 12:34:25,2.82,0.92,2.594,14.13,Normal Operation,Normal
2026-04-24 12:34:25,2.82,0.92,2.594,84.1,WARNING: Magnetic Interference Detected! Field: 84.10 G,Magnetic Tamper
2026-04-24 12:34:26,2.78,0.97,2.697,13.1,Normal Operation,Normal
2026-04-24 12:34:26,2.83,0.99,2.802,13.38,Normal Operation,Normal
2026-04-24 12:34:27,2.76,0.91,2.512,15.63,Normal Operation,Normal
2026-04-24 12:34:28,2.76,0.91,2.512,16.6,Normal Operation,Normal
2026-04-24 12:34:29,2.81,0.93,2.613,15.2,Normal Operation,Normal
2026-04-24 12:34:29,2.85,0.9,2.565,13.97,Normal Operation,Normal
2026-04-24 12:34:30,2.8,0.94,2.632,15.47,Normal Operation,Normal
2026-04-24 12:34:30,2.79,0.93,2.595,13.93,Normal Operation,Normal
2026-04-24 12:34:31,2.83,0.97,2.745,16.09,Normal Operation,Normal
2026-04-24 12:34:32,2.76,0.92,2.539,14.66,Normal Operation,Normal
2026-04-24 12:34:33,2.84,0.95,2.698,13.21,Normal Operation,Normal
2026-04-24 12:34:34,2.8,0.94,2.632,16.36,Normal Operation,Normal
2026-04-24 12:34:34,2.85,0.91,2.594,16.37,Normal Operation,Normal
2026-04-24 12:34:35,2.8,0.93,2.604,13.83,Normal Operation,Normal
2026-04-24 12:34:36,2.75,0.93,2.558,15.1,Normal Operation,Normal
2026-04-24 12:34:37,2.85,0.0,0.0,14.42,WARNING: Zero Current Detected (Bypass)!,Bypass Detected
2026-04-24 12:34:38,2.77,0.91,2.521,13.62,Normal Operation,Normal
2026-04-24 12:34:38,2.82,0.92,2.594,16.11,Normal Operation,Normal
2026-04-24 12:34:39,2.82,1.0,2.82,73.83,WARNING: Magnetic Interference Detected! Field: 73.83 G,Magnetic Tamper
2026-04-24 12:34:40,2.75,0.96,2.64,13.44,Normal Operation,Normal
2026-04-24 12:34:40,2.81,0.9,2.529,16.0,Normal Operation,Normal
2026-04-24 12:34:41,2.78,0.96,2.669,15.39,Normal Operation,Normal
2026-04-24 12:34:42,2.33,0.92,2.144,13.09,CRITICAL: Voltage Tamper Detected! Voltage: 2.33 V,Voltage Tamper
2026-04-24 12:34:42,1.89,0.99,1.871,14.67,CRITICAL: Voltage Tamper Detected! Voltage: 1.89 V,Voltage Tamper
2026-04-24 12:34:43,2.84,0.98,2.783,15.58,Normal Operation,Normal
2026-04-24 12:34:44,2.2,0.99,2.178,13.85,CRITICAL: Voltage Tamper Detected! Voltage: 2.20 V,Voltage Tamper
2026-04-24 12:34:45,2.77,0.92,2.548,16.04,Normal Operation,Normal
2026-04-24 12:34:46,2.8,0.0,0.0,16.6,WARNING: Zero Current Detected (Bypass)!,Bypass Detected
2026-04-24 12:34:47,2.02,0.99,2.0,16.65,CRITICAL: Voltage Tamper Detected! Voltage: 2.02 V,Voltage Tamper
2026-04-24 12:34:47,2.83,0.93,2.632,95.24,WARNING: Magnetic Interference Detected! Field: 95.24 G,Magnetic Tamper
2026-04-24 12:34:48,2.8,0.93,2.604,13.11,Normal Operation,Normal
2026-04-24 12:34:49,2.78,0.92,2.558,14.3,Normal Operation,Normal
2026-04-24 12:34:50,2.8,0.98,2.744,15.42,Normal Operation,Normal
2026-04-24 12:34:51,2.77,0.93,2.576,14.09,Normal Operation,Normal
2026-04-24 12:34:51,2.75,0.94,2.585,16.85,Normal Operation,Normal
2026-04-24 12:34:52,2.79,0.99,2.762,16.5,Normal Operation,Normal
2026-04-24 12:34:53,2.8,0.92,2.576,16.26,Normal Operation,Normal
2026-04-24 12:34:54,2.83,0.96,2.717,13.55,Normal Operation,Normal
2026-04-24 12:34:54,2.76,0.97,2.677,13.78,Normal Operation,Normal
2026-04-24 12:34:55,2.78,0.97,2.697,15.7,Normal Operation,Normal
2026-04-24 12:34:56,2.82,0.92,2.594,14.91,Normal Operation,Normal
2026-04-24 12:34:57,2.78,0.9,2.502,13.57,Normal Operation,Normal
2026-04-24 12:34:57,2.75,0.92,2.53,13.13,Normal Operation,Normal
2026-04-24 12:34:58,2.79,0.98,2.734,15.39,Normal Operation,Normal
2026-04-24 12:34:59,2.81,0.91,2.557,13.98,Normal Operation,Normal
2026-04-24 12:34:59,2.82,0.92,2.594,15.73,Normal Operation,Normal
2026-04-24 12:35:01,2.79,0.92,2.567,15.23,Normal Operation,Normal
2026-04-24 12:35:01,2.8,0.9,2.52,13.27,Normal Operation,Normal
2026-04-24 12:35:02,2.84,0.93,2.641,14.13,Normal Operation,Normal
2026-04-24 12:35:02,2.79,0.99,2.762,16.54,Normal Operation,Normal
2026-04-24 12:35:03,2.81,0.91,2.557,13.26,Normal Operation,Normal
2026-04-24 12:35:04,2.77,0.0,0.0,16.78,WARNING: Zero Current Detected (Bypass)!,Bypass Detected
2026-04-24 12:35:05,2.35,0.97,2.28,15.23,CRITICAL: Voltage Tamper Detected! Voltage: 2.35 V,Voltage Tamper
2026-04-24 12:35:05,2.82,0.95,2.679,81.31,WARNING: Magnetic Interference Detected! Field: 81.31 G,Magnetic Tamper
2026-04-24 12:35:06,2.83,0.94,2.66,16.86,Normal Operation,Normal
2026-04-24 12:35:07,2.77,0.94,2.604,15.85,Normal Operation,Normal
2026-04-24 12:35:07,2.83,0.98,2.773,15.36,Normal Operation,Normal
2026-04-24 12:35:08,2.78,0.0,0.0,15.54,WARNING: Zero Current Detected (Bypass)!,Bypass Detected
2026-04-24 12:35:09,2.83,0.93,2.632,16.34,Normal Operation,Normal
2026-04-24 12:35:10,2.83,0.93,2.632,16.43,Normal Operation,Normal
2026-04-24 12:35:10,2.78,0.94,2.613,15.37,Normal Operation,Normal
2026-04-24 12:35:11,2.81,0.91,2.557,13.09,Normal Operation,Normal
2026-04-24 12:35:12,2.82,0.99,2.792,75.17,WARNING: Magnetic Interference Detected! Field: 75.17 G,Magnetic Tamper
2026-04-24 12:35:12,2.77,0.99,2.742,14.04,Normal Operation,Normal
2026-04-24 12:35:13,2.78,0.9,2.502,13.42,Normal Operation,Normal
2026-04-24 12:35:15,2.78,0.99,2.752,13.01,Normal Operation,Normal
2026-04-24 12:35:15,2.81,0.9,2.529,14.88,Normal Operation,Normal
2026-04-24 12:35:16,2.75,0.0,0.0,16.04,WARNING: Zero Current Detected (Bypass)!,Bypass Detected
2026-04-24 12:35:17,2.8,0.92,2.576,16.62,Normal Operation,Normal
2026-04-24 12:35:18,2.76,0.93,2.567,15.79,Normal Operation,Normal
2026-04-24 12:35:19,2.84,0.0,0.0,13.39,WARNING: Zero Current Detected (Bypass)!,Bypass Detected
2026-04-24 12:35:20,2.77,0.0,0.0,16.96,WARNING: Zero Current Detected (Bypass)!,Bypass Detected
2026-04-24 12:35:20,2.75,0.91,2.502,15.17,Normal Operation,Normal
2026-04-24 12:35:21,2.78,0.94,2.613,15.86,Normal Operation,Normal
2026-04-24 12:35:22,2.83,0.98,2.773,15.06,Normal Operation,Normal
2026-04-24 12:35:23,2.33,0.91,2.12,13.54,CRITICAL: Voltage Tamper Detected! Voltage: 2.33 V,Voltage Tamper
2026-04-24 12:35:24,2.82,0.93,2.623,13.31,Normal Operation,Normal
2026-04-24 12:35:24,2.8,0.91,2.548,72.55,WARNING: Magnetic Interference Detected! Field: 72.55 G,Magnetic Tamper
2026-04-24 12:35:25,2.77,0.95,2.631,14.63,Normal Operation,Normal
2026-04-24 12:35:26,2.84,0.92,2.613,16.55,Normal Operation,Normal
2026-04-24 12:35:27,2.79,0.93,2.595,13.8,Normal Operation,Normal
2026-04-24 12:35:27,2.76,0.97,2.677,16.3,Normal Operation,Normal
2026-04-24 12:35:28,2.78,0.95,2.641,97.17,WARNING: Magnetic Interference Detected! Field: 97.17 G,Magnetic Tamper
2026-04-24 12:35:28,2.75,0.97,2.667,16.45,Normal Operation,Normal
2026-04-24 12:35:29,2.82,0.95,2.679,14.06,Normal Operation,Normal
2026-04-24 12:35:30,2.38,0.96,2.285,13.96,CRITICAL: Voltage Tamper Detected! Voltage: 2.38 V,Voltage Tamper
2026-04-24 12:35:30,2.83,0.98,2.773,14.57,Normal Operation,Normal
2026-04-24 12:35:31,2.83,0.0,0.0,14.07,WARNING: Zero Current Detected (Bypass)!,Bypass Detected
2026-04-24 12:35:31,2.81,0.99,2.782,16.39,Normal Operation,Normal
2026-04-24 12:35:32,2.84,0.91,2.584,16.96,Normal Operation,Normal
2026-04-24 12:35:33,2.83,0.92,2.604,13.17,Normal Operation,Normal
2026-04-24 12:35:34,2.83,0.95,2.688,16.88,Normal Operation,Normal
2026-04-24 12:35:35,2.81,0.0,0.0,13.32,WARNING: Zero Current Detected (Bypass)!,Bypass Detected
2026-04-24 12:35:36,2.79,0.93,2.595,71.28,WARNING: Magnetic Interference Detected! Field: 71.28 G,Magnetic Tamper
2026-04-24 12:35:36,2.84,0.92,2.613,16.96,Normal Operation,Normal
2026-04-24 12:35:37,2.82,0.95,2.679,16.7,Normal Operation,Normal
2026-04-24 12:35:38,2.75,0.0,0.0,14.84,WARNING: Zero Current Detected (Bypass)!,Bypass Detected
2026-04-24 12:35:39,2.81,0.91,2.557,14.64,Normal Operation,Normal
2026-04-24 12:35:39,2.77,0.99,2.742,98.93,WARNING: Magnetic Interference Detected! Field: 98.93 G,Magnetic Tamper
2026-04-24 12:35:40,2.84,0.91,2.584,14.69,Normal Operation,Normal
2026-04-24 12:35:41,2.8,0.96,2.688,13.99,Normal Operation,Normal
2026-04-24 12:35:42,2.82,0.0,0.0,16.92,WARNING: Zero Current Detected (Bypass)!,Bypass Detected
2026-04-24 12:35:43,2.8,0.95,2.66,13.85,Normal Operation,Normal
2026-04-24 12:35:43,2.15,0.98,2.107,14.65,CRITICAL: Voltage Tamper Detected! Voltage: 2.15 V,Voltage Tamper
2026-04-24 12:35:44,2.79,0.99,2.762,15.95,Normal Operation,Normal
2026-04-24 12:35:44,2.2,0.91,2.002,13.87,CRITICAL: Voltage Tamper Detected! Voltage: 2.20 V,Voltage Tamper
2026-04-24 12:35:45,1.84,1.0,1.84,14.29,CRITICAL: Voltage Tamper Detected! Voltage: 1.84 V,Voltage Tamper
2026-04-24 12:35:46,2.84,0.99,2.812,16.02,Normal Operation,Normal
2026-04-24 12:35:46,2.8,0.97,2.716,14.08,Normal Operation,Normal
2026-04-24 12:35:47,2.83,0.97,2.745,16.72,Normal Operation,Normal
2026-04-24 12:35:47,2.85,0.99,2.821,15.71,Normal Operation,Normal
2026-04-24 12:35:48,2.78,0.99,2.752,13.72,Normal Operation,Normal
2026-04-24 12:35:49,2.78,0.93,2.585,15.8,Normal Operation,Normal
2026-04-24 12:35:50,2.02,0.99,2.0,16.58,CRITICAL: Voltage Tamper Detected! Voltage: 2.02 V,Voltage Tamper
2026-04-24 12:35:50,2.76,0.0,0.0,16.73,WARNING: Zero Current Detected (Bypass)!,Bypass Detected
2026-04-24 12:35:51,2.79,0.94,2.623,14.36,Normal Operation,Normal
2026-04-24 12:35:52,2.76,0.93,2.567,15.21,Normal Operation,Normal
2026-04-24 12:35:53,1.93,0.96,1.853,15.17,CRITICAL: Voltage Tamper Detected! Voltage: 1.93 V,Voltage Tamper
2026-04-24 12:35:53,2.83,0.97,2.745,14.22,Normal Operation,Normal
2026-04-24 12:35:54,2.84,0.91,2.584,75.42,WARNING: Magnetic Interference Detected! Field: 75.42 G,Magnetic Tamper
2026-04-24 12:35:55,2.84,0.91,2.584,15.57,Normal Operation,Normal
2026-04-24 12:35:56,2.82,1.0,2.82,16.24,Normal Operation,Normal
2026-04-24 12:35:56,2.79,0.97,2.706,14.78,Normal Operation,Normal
2026-04-24 12:35:57,2.77,0.91,2.521,15.08,Normal Operation,Normal
2026-04-24 12:35:57,2.84,0.91,2.584,15.28,Normal Operation,Normal
2026-04-24 12:35:58,2.77,1.0,2.77,14.96,Normal Operation,Normal
2026-04-24 12:35:59,2.81,0.96,2.698,15.79,Normal Operation,Normal
2026-04-24 12:36:00,2.8,0.92,2.576,16.54,Normal Operation,Normal
2026-04-24 12:36:01,2.84,0.0,0.0,13.7,WARNING: Zero Current Detected (Bypass)!,Bypass Detected
2026-04-24 12:36:02,2.23,0.94,2.096,16.75,CRITICAL: Voltage Tamper Detected! Voltage: 2.23 V,Voltage Tamper
2026-04-24 12:36:02,2.79,0.96,2.678,14.92,Normal Operation,Normal
2026-04-24 12:36:03,1.85,0.98,1.813,14.48,CRITICAL: Voltage Tamper Detected! Voltage: 1.85 V,Voltage Tamper
2026-04-24 12:36:04,2.77,0.94,2.604,14.13,Normal Operation,Normal
2026-04-24 12:36:04,2.82,0.99,2.792,14.71,Normal Operation,Normal
2026-04-24 12:36:06,2.84,0.97,2.755,70.73,WARNING: Magnetic Interference Detected! Field: 70.73 G,Magnetic Tamper
2026-04-24 12:36:06,2.84,0.91,2.584,14.73,Normal Operation,Normal
2026-04-24 12:36:07,2.8,0.96,2.688,15.79,Normal Operation,Normal
2026-04-24 12:36:08,2.85,0.91,2.594,16.64,Normal Operation,Normal
2026-04-24 12:36:09,2.18,0.98,2.136,13.38,CRITICAL: Voltage Tamper Detected! Voltage: 2.18 V,Voltage Tamper
2026-04-24 12:36:10,2.8,0.97,2.716,65.61,WARNING: Magnetic Interference Detected! Field: 65.61 G,Magnetic Tamper
2026-04-24 12:36:11,2.77,0.99,2.742,16.92,Normal Operation,Normal
2026-04-24 12:36:11,2.84,0.94,2.67,13.72,Normal Operation,Normal
2026-04-24 12:36:12,2.75,0.93,2.558,16.46,Normal Operation,Normal
2026-04-24 12:36:13,2.78,0.92,2.558,14.95,Normal Operation,Normal
2026-04-24 12:36:14,2.76,1.0,2.76,15.9,Normal Operation,Normal
2026-04-24 12:36:15,2.78,1.0,2.78,14.35,Normal Operation,Normal
2026-04-24 12:36:15,2.82,0.95,2.679,16.36,Normal Operation,Normal
2026-04-24 12:36:16,2.77,0.95,2.631,16.86,Normal Operation,Normal
2026-04-24 12:36:17,1.88,0.96,1.805,15.41,CRITICAL: Voltage Tamper Detected! Voltage: 1.88 V,Voltage Tamper
2026-04-24 12:36:17,2.82,0.96,2.707,13.3,Normal Operation,Normal
2026-04-24 12:36:18,2.76,0.96,2.65,16.6,Normal Operation,Normal
2026-04-24 12:36:19,2.77,0.0,0.0,16.61,WARNING: Zero Current Detected (Bypass)!,Bypass Detected
2026-04-24 12:36:20,2.82,0.96,2.707,15.23,Normal Operation,Normal
2026-04-24 12:36:20,2.83,0.94,2.66,15.38,Normal Operation,Normal
2026-04-24 12:36:21,2.31,0.93,2.148,14.93,CRITICAL: Voltage Tamper Detected! Voltage: 2.31 V,Voltage Tamper
2026-04-24 12:36:23,2.79,0.99,2.762,13.92,Normal Operation,Normal
2026-04-24 12:36:24,2.76,0.91,2.512,15.58,Normal Operation,Normal
2026-04-24 12:36:24,2.78,0.94,2.613,16.88,Normal Operation,Normal
2026-04-24 12:36:25,2.83,0.97,2.745,14.4,Normal Operation,Normal
2026-04-24 12:36:25,2.85,1.0,2.85,16.98,Normal Operation,Normal
2026-04-24 12:36:26,2.83,0.95,2.688,13.18,Normal Operation,Normal
2026-04-24 12:36:27,2.81,0.95,2.669,13.1,Normal Operation,Normal
2026-04-24 12:36:28,2.85,0.95,2.708,16.39,Normal Operation,Normal
2026-04-24 12:36:29,2.78,0.97,2.697,14.44,Normal Operation,Normal
2026-04-24 12:36:29,2.8,0.9,2.52,14.26,Normal Operation,Normal
2026-04-24 12:36:30,2.83,0.98,2.773,15.36,Normal Operation,Normal
2026-04-24 12:36:30,2.81,0.95,2.669,16.14,Normal Operation,Normal
2026-04-24 12:36:31,2.83,0.0,0.0,15.11,WARNING: Zero Current Detected (Bypass)!,Bypass Detected
2026-04-24 12:36:32,2.83,0.92,2.604,14.11,Normal Operation,Normal
2026-04-24 12:36:32,2.77,0.92,2.548,16.33,Normal Operation,Normal
2026-04-24 12:36:33,2.81,0.94,2.641,13.92,Normal Operation,Normal
2026-04-24 12:36:34,2.85,0.92,2.622,13.53,Normal Operation,Normal
2026-04-24 12:36:34,2.8,0.92,2.576,15.17,Normal Operation,Normal
2026-04-24 12:36:35,2.84,0.93,2.641,14.89,Normal Operation,Normal
2026-04-24 12:36:36,2.76,0.91,2.512,15.37,Normal Operation,Normal
2026-04-24 12:36:36,2.83,0.97,2.745,14.58,Normal Operation,Normal
2026-04-24 12:36:37,2.77,0.98,2.715,13.03,Normal Operation,Normal
2026-04-24 12:36:38,2.82,0.97,2.735,16.73,Normal Operation,Normal
2026-04-24 12:36:38,2.78,0.91,2.53,14.01,Normal Operation,Normal
2026-04-24 12:36:38,2.83,0.0,0.0,14.72,WARNING: Zero Current Detected (Bypass)!,Bypass Detected
2026-04-24 12:36:39,2.82,0.0,0.0,16.77,WARNING: Zero Current Detected (Bypass)!,Bypass Detected
2026-04-24 12:36:40,2.75,0.0,0.0,16.92,WARNING: Zero Current Detected (Bypass)!,Bypass Detected
2026-04-24 12:36:40,2.83,0.99,2.802,13.64,Normal Operation,Normal
2026-04-24 12:36:41,2.79,0.95,2.651,15.97,Normal Operation,Normal
2026-04-24 12:36:41,2.78,0.94,2.613,15.33,Normal Operation,Normal
2026-04-24 12:36:43,2.85,0.0,0.0,15.66,WARNING: Zero Current Detected (Bypass)!,Bypass Detected
2026-04-24 12:36:43,2.81,0.95,2.669,14.17,Normal Operation,Normal
2026-04-24 12:36:44,1.93,0.96,1.853,16.48,CRITICAL: Voltage Tamper Detected! Voltage: 1.93 V,Voltage Tamper
2026-04-24 12:36:45,2.79,0.98,2.734,13.44,Normal Operation,Normal
2026-04-24 12:36:45,2.83,0.99,2.802,14.25,Normal Operation,Normal
2026-04-24 12:36:46,2.79,0.99,2.762,13.82,Normal Operation,Normal
2026-04-24 12:36:47,2.82,0.93,2.623,15.16,Normal Operation,Normal
2026-04-24 12:36:48,2.81,0.97,2.726,13.43,Normal Operation,Normal
2026-04-24 12:36:49,2.82,0.91,2.566,15.94,Normal Operation,Normal
2026-04-24 12:36:49,2.79,0.0,0.0,15.1,WARNING: Zero Current Detected (Bypass)!,Bypass Detected
2026-04-24 12:36:50,2.78,0.0,0.0,14.84,WARNING: Zero Current Detected (Bypass)!,Bypass Detected
2026-04-24 12:36:51,2.84,0.99,2.812,13.61,Normal Operation,Normal
2026-04-24 12:36:52,2.84,0.9,2.556,16.47,Normal Operation,Normal
2026-04-24 12:36:53,2.76,0.92,2.539,13.83,Normal Operation,Normal
2026-04-24 12:36:53,2.77,1.0,2.77,14.33,Normal Operation,Normal
2026-04-24 12:36:54,2.79,0.9,2.511,15.94,Normal Operation,Normal
2026-04-24 12:36:55,2.8,0.93,2.604,14.41,Normal Operation,Normal
2026-04-24 12:36:56,2.84,0.92,2.613,14.51,Normal Operation,Normal
2026-04-24 12:36:57,2.83,0.94,2.66,76.23,WARNING: Magnetic Interference Detected! Field: 76.23 G,Magnetic Tamper
2026-04-24 12:36:57,2.8,0.98,2.744,15.98,Normal Operation,Normal
2026-04-24 12:36:58,2.78,0.97,2.697,97.17,WARNING: Magnetic Interference Detected! Field: 97.17 G,Magnetic Tamper
2026-04-24 12:36:58,2.8,0.0,0.0,16.5,WARNING: Zero Current Detected (Bypass)!,Bypass Detected
2026-04-24 12:36:59,1.94,0.96,1.862,15.69,CRITICAL: Voltage Tamper Detected! Voltage: 1.94 V,Voltage Tamper
2026-04-24 12:37:00,2.79,0.91,2.539,15.0,Normal Operation,Normal
2026-04-24 12:37:01,2.8,0.9,2.52,14.48,Normal Operation,Normal
2026-04-24 12:37:02,2.76,0.99,2.732,16.98,Normal Operation,Normal
2026-04-24 12:37:02,2.78,0.0,0.0,14.8,WARNING: Zero Current Detected (Bypass)!,Bypass Detected
2026-04-24 12:37:03,2.77,0.92,2.548,15.31,Normal Operation,Normal
2026-04-24 12:37:04,2.76,0.96,2.65,15.69,Normal Operation,Normal
2026-04-24 12:37:04,2.81,1.0,2.81,83.37,WARNING: Magnetic Interference Detected! Field: 83.37 G,Magnetic Tamper
2026-04-24 12:37:05,2.77,0.93,2.576,14.59,Normal Operation,Normal
2026-04-24 12:37:06,2.8,0.97,2.716,96.14,WARNING: Magnetic Interference Detected! Field: 96.14 G,Magnetic Tamper
2026-04-24 12:37:06,2.77,0.9,2.493,13.21,Normal Operation,Normal
2026-04-24 12:37:07,2.81,0.95,2.669,16.74,Normal Operation,Normal
2026-04-24 12:37:07,2.02,0.95,1.919,14.8,CRITICAL: Voltage Tamper Detected! Voltage: 2.02 V,Voltage Tamper
2026-04-24 12:37:08,2.76,0.92,2.539,15.17,Normal Operation,Normal
2026-04-24 12:37:08,2.76,0.94,2.594,14.23,Normal Operation,Normal
2026-04-24 12:37:09,2.8,0.98,2.744,16.79,Normal Operation,Normal
2026-04-24 12:37:09,2.79,0.99,2.762,16.11,Normal Operation,Normal
2026-04-24 12:37:10,2.82,0.96,2.707,13.8,Normal Operation,Normal
2026-04-24 12:37:11,2.82,0.92,2.594,15.22,Normal Operation,Normal
2026-04-24 12:37:11,2.78,0.99,2.752,16.73,Normal Operation,Normal
2026-04-24 12:37:12,2.8,0.98,2.744,16.27,Normal Operation,Normal
2026-04-24 12:37:12,2.81,0.92,2.585,67.01,WARNING: Magnetic Interference Detected! Field: 67.01 G,Magnetic Tamper
2026-04-24 12:37:13,2.75,0.91,2.502,16.57,Normal Operation,Normal
2026-04-24 12:37:13,2.75,0.96,2.64,14.81,Normal Operation,Normal
2026-04-24 12:37:14,2.84,0.93,2.641,65.7,WARNING: Magnetic Interference Detected! Field: 65.70 G,Magnetic Tamper
2026-04-24 12:37:15,2.81,0.94,2.641,16.81,Normal Operation,Normal
2026-04-24 12:37:15,2.83,0.96,2.717,14.31,Normal Operation,Normal
2026-04-24 12:37:16,2.85,0.94,2.679,13.17,Normal Operation,Normal
2026-04-24 12:37:16,2.8,0.92,2.576,13.35,Normal Operation,Normal
2026-04-24 12:37:17,2.77,0.99,2.742,15.15,Normal Operation,Normal
2026-04-24 12:37:17,2.19,0.99,2.168,15.71,CRITICAL: Voltage Tamper Detected! Voltage: 2.19 V,Voltage Tamper
2026-04-24 12:37:18,2.77,0.92,2.548,13.91,Normal Operation,Normal
2026-04-24 12:42:59,2.82,0.91,2.566,15.82,Normal Operation,Normal
2026-04-24 12:42:59,2.85,0.95,2.708,13.71,Normal Operation,Normal
2026-04-24 12:43:00,2.83,0.96,2.717,16.28,Normal Operation,Normal
2026-04-24 12:43:00,1.94,0.97,1.882,15.34,CRITICAL: Voltage Tamper Detected! Voltage: 1.94 V,Voltage Tamper
2026-04-24 12:43:01,2.76,0.96,2.65,73.01,WARNING: Magnetic Interference Detected! Field: 73.01 G,Magnetic Tamper
2026-04-24 12:43:01,2.82,0.98,2.764,15.5,Normal Operation,Normal
2026-04-24 12:43:02,2.0,0.97,1.94,13.46,CRITICAL: Voltage Tamper Detected! Voltage: 2.00 V,Voltage Tamper
2026-04-24 12:43:03,2.81,0.99,2.782,14.2,Normal Operation,Normal
2026-04-24 12:43:03,2.37,0.9,2.133,16.38,CRITICAL: Voltage Tamper Detected! Voltage: 2.37 V,Voltage Tamper
2026-04-24 12:43:04,2.81,0.91,2.557,14.83,Normal Operation,Normal
2026-04-24 12:43:04,2.83,0.95,2.688,97.23,WARNING: Magnetic Interference Detected! Field: 97.23 G,Magnetic Tamper
2026-04-24 12:43:05,2.78,0.91,2.53,13.92,Normal Operation,Normal
2026-04-24 12:43:05,2.77,0.91,2.521,14.43,Normal Operation,Normal
2026-04-24 12:43:06,2.85,0.98,2.793,15.63,Normal Operation,Normal
2026-04-24 12:43:07,2.76,0.91,2.512,86.2,WARNING: Magnetic Interference Detected! Field: 86.20 G,Magnetic Tamper
2026-04-24 12:43:07,2.29,0.98,2.244,16.9,CRITICAL: Voltage Tamper Detected! Voltage: 2.29 V,Voltage Tamper
2026-04-24 12:43:08,2.79,0.93,2.595,15.99,Normal Operation,Normal
2026-04-24 12:43:08,2.81,0.9,2.529,15.57,Normal Operation,Normal
2026-04-24 12:43:09,2.76,0.93,2.567,15.84,Normal Operation,Normal
2026-04-24 12:43:10,2.83,0.96,2.717,16.34,Normal Operation,Normal
2026-04-24 12:43:10,2.76,0.93,2.567,13.7,Normal Operation,Normal
2026-04-24 12:43:11,2.85,0.97,2.764,73.53,WARNING: Magnetic Interference Detected! Field: 73.53 G,Magnetic Tamper
2026-04-24 12:43:12,2.77,0.99,2.742,13.34,Normal Operation,Normal
2026-04-24 12:43:12,2.81,0.95,2.669,14.97,Normal Operation,Normal
2026-04-24 12:43:13,2.83,0.96,2.717,14.81,Normal Operation,Normal
2026-04-24 12:43:13,2.76,0.98,2.705,69.13,WARNING: Magnetic Interference Detected! Field: 69.13 G,Magnetic Tamper
2026-04-24 12:43:14,2.84,0.0,0.0,14.03,WARNING: Zero Current Detected (Bypass)!,Bypass Detected
2026-04-24 12:43:14,2.76,0.95,2.622,92.43,WARNING: Magnetic Interference Detected! Field: 92.43 G,Magnetic Tamper
2026-04-24 12:43:15,2.78,0.94,2.613,16.8,Normal Operation,Normal
2026-04-24 12:43:16,1.93,1.0,1.93,15.15,CRITICAL: Voltage Tamper Detected! Voltage: 1.93 V,Voltage Tamper
2026-04-24 12:43:16,2.83,0.95,2.688,69.52,WARNING: Magnetic Interference Detected! Field: 69.52 G,Magnetic Tamper
2026-04-24 12:43:17,2.85,0.99,2.821,15.8,Normal Operation,Normal
2026-04-24 12:43:17,2.8,0.99,2.772,82.47,WARNING: Magnetic Interference Detected! Field: 82.47 G,Magnetic Tamper
2026-04-24 12:43:18,2.08,1.0,2.08,13.56,CRITICAL: Voltage Tamper Detected! Voltage: 2.08 V,Voltage Tamper
2026-04-24 12:43:18,2.02,0.95,1.919,13.46,CRITICAL: Voltage Tamper Detected! Voltage: 2.02 V,Voltage Tamper
2026-04-24 12:43:19,2.82,0.93,2.623,14.02,Normal Operation,Normal
2026-04-24 12:43:19,2.81,0.9,2.529,16.52,Normal Operation,Normal
2026-04-24 12:43:20,2.79,0.96,2.678,14.55,Normal Operation,Normal
2026-04-24 12:43:21,2.83,0.95,2.688,14.56,Normal Operation,Normal
2026-04-24 12:43:21,2.76,0.94,2.594,16.85,Normal Operation,Normal
2026-04-24 12:43:22,2.84,0.92,2.613,14.51,Normal Operation,Normal
2026-04-24 12:43:22,2.84,0.94,2.67,13.57,Normal Operation,Normal
2026-04-24 12:43:23,2.79,0.91,2.539,16.35,Normal Operation,Normal
2026-04-24 12:43:24,2.75,0.96,2.64,78.5,WARNING: Magnetic Interference Detected! Field: 78.50 G,Magnetic Tamper
2026-04-24 12:43:24,2.84,0.94,2.67,14.6,Normal Operation,Normal
2026-04-24 12:43:25,2.78,0.91,2.53,14.22,Normal Operation,Normal
2026-04-24 12:43:25,1.99,0.97,1.93,13.01,CRITICAL: Voltage Tamper Detected! Voltage: 1.99 V,Voltage Tamper
2026-04-24 12:43:26,2.79,0.98,2.734,15.83,Normal Operation,Normal
2026-04-24 12:43:26,2.78,0.91,2.53,15.01,Normal Operation,Normal
2026-04-24 12:43:27,2.77,0.95,2.631,16.22,Normal Operation,Normal
2026-04-24 12:43:28,2.78,0.93,2.585,14.96,Normal Operation,Normal
2026-04-24 12:43:28,2.75,0.91,2.502,97.45,WARNING: Magnetic Interference Detected! Field: 97.45 G,Magnetic Tamper
2026-04-24 12:43:29,2.79,0.95,2.651,16.1,Normal Operation,Normal
2026-04-24 12:43:29,2.78,0.91,2.53,16.34,Normal Operation,Normal
2026-04-24 12:43:30,2.75,0.94,2.585,14.35,Normal Operation,Normal
2026-04-24 12:43:30,2.83,1.0,2.83,16.9,Normal Operation,Normal
2026-04-24 12:43:31,2.77,0.96,2.659,15.61,Normal Operation,Normal
2026-04-24 12:43:32,2.8,0.95,2.66,14.58,Normal Operation,Normal
2026-04-24 12:43:32,2.82,0.0,0.0,15.83,WARNING: Zero Current Detected (Bypass)!,Bypass Detected
2026-04-24 12:43:33,2.77,0.94,2.604,15.68,Normal Operation,Normal
2026-04-24 12:43:33,2.85,0.93,2.651,13.26,Normal Operation,Normal
2026-04-24 12:43:34,2.81,0.95,2.669,16.26,Normal Operation,Normal
2026-04-24 12:43:34,2.78,0.91,2.53,16.66,Normal Operation,Normal
2026-04-24 12:43:35,2.77,0.9,2.493,13.45,Normal Operation,Normal
2026-04-24 12:43:35,2.77,0.95,2.631,15.38,Normal Operation,Normal
2026-04-24 12:43:36,2.84,0.0,0.0,15.7,WARNING: Zero Current Detected (Bypass)!,Bypass Detected
2026-04-24 12:43:37,2.81,0.97,2.726,13.81,Normal Operation,Normal
2026-04-24 12:43:37,2.8,0.97,2.716,16.86,Normal Operation,Normal
2026-04-24 12:43:38,2.22,0.91,2.02,15.13,CRITICAL: Voltage Tamper Detected! Voltage: 2.22 V,Voltage Tamper
2026-04-24 12:43:38,2.77,0.92,2.548,16.8,Normal Operation,Normal
2026-04-24 12:43:39,2.36,0.97,2.289,15.41,CRITICAL: Voltage Tamper Detected! Voltage: 2.36 V,Voltage Tamper
2026-04-24 12:43:39,2.78,0.96,2.669,15.17,Normal Operation,Normal
2026-04-24 12:43:40,2.83,0.96,2.717,13.49,Normal Operation,Normal
2026-04-24 12:43:41,2.78,0.94,2.613,15.81,Normal Operation,Normal
2026-04-24 12:43:41,2.33,0.97,2.26,14.09,CRITICAL: Voltage Tamper Detected! Voltage: 2.33 V,Voltage Tamper
2026-04-24 12:43:42,2.81,0.95,2.669,16.25,Normal Operation,Normal
2026-04-24 12:43:42,2.76,1.0,2.76,15.7,Normal Operation,Normal
2026-04-24 12:43:43,2.37,0.9,2.133,16.55,CRITICAL: Voltage Tamper Detected! Voltage: 2.37 V,Voltage Tamper
2026-04-24 12:43:43,2.81,0.95,2.669,13.56,Normal Operation,Normal
2026-04-24 12:43:44,2.78,0.96,2.669,15.58,Normal Operation,Normal
2026-04-24 12:43:45,2.83,0.92,2.604,70.86,WARNING: Magnetic Interference Detected! Field: 70.86 G,Magnetic Tamper
2026-04-24 12:43:45,2.8,0.98,2.744,14.52,Normal Operation,Normal
2026-04-24 12:43:46,2.8,0.97,2.716,90.02,WARNING: Magnetic Interference Detected! Field: 90.02 G,Magnetic Tamper
2026-04-24 12:43:46,2.83,0.0,0.0,15.59,WARNING: Zero Current Detected (Bypass)!,Bypass Detected
2026-04-24 12:43:47,2.76,0.97,2.677,16.66,Normal Operation,Normal
2026-04-24 12:43:47,2.77,0.94,2.604,13.32,Normal Operation,Normal
2026-04-24 12:43:48,1.97,0.91,1.793,14.71,CRITICAL: Voltage Tamper Detected! Voltage: 1.97 V,Voltage Tamper
2026-04-24 12:43:49,2.83,0.96,2.717,81.84,WARNING: Magnetic Interference Detected! Field: 81.84 G,Magnetic Tamper
2026-04-24 12:43:49,2.76,0.9,2.484,15.31,Normal Operation,Normal
2026-04-24 12:43:50,2.78,0.94,2.613,14.14,Normal Operation,Normal
2026-04-24 12:43:50,2.84,0.93,2.641,16.16,Normal Operation,Normal
2026-04-24 12:43:51,2.83,0.9,2.547,14.09,Normal Operation,Normal
2026-04-24 12:43:51,2.85,0.9,2.565,13.86,Normal Operation,Normal
2026-04-24 12:43:52,2.77,0.97,2.687,14.17,Normal Operation,Normal
2026-04-24 12:43:53,2.03,0.91,1.847,13.66,CRITICAL: Voltage Tamper Detected! Voltage: 2.03 V,Voltage Tamper
2026-04-24 12:43:53,2.77,0.93,2.576,14.12,Normal Operation,Normal
2026-04-24 12:43:54,2.78,1.0,2.78,15.98,Normal Operation,Normal
2026-04-24 12:43:54,2.76,0.96,2.65,16.35,Normal Operation,Normal
2026-04-24 12:43:55,2.37,0.98,2.323,16.23,CRITICAL: Voltage Tamper Detected! Voltage: 2.37 V,Voltage Tamper
2026-04-24 12:43:55,2.84,0.94,2.67,15.07,Normal Operation,Normal
2026-04-24 12:43:56,2.79,0.92,2.567,16.41,Normal Operation,Normal
2026-04-24 12:43:56,2.77,0.0,0.0,15.37,WARNING: Zero Current Detected (Bypass)!,Bypass Detected
2026-04-24 12:43:57,2.79,0.0,0.0,13.68,WARNING: Zero Current Detected (Bypass)!,Bypass Detected
2026-04-24 12:43:58,2.85,0.93,2.651,15.46,Normal Operation,Normal
2026-04-24 12:43:58,2.83,0.91,2.575,13.57,Normal Operation,Normal
2026-04-24 12:43:59,2.84,0.0,0.0,16.06,WARNING: Zero Current Detected (Bypass)!,Bypass Detected
2026-04-24 12:43:59,2.82,0.97,2.735,15.88,Normal Operation,Normal
2026-04-24 12:44:00,1.95,0.91,1.774,14.71,CRITICAL: Voltage Tamper Detected! Voltage: 1.95 V,Voltage Tamper
2026-04-24 12:44:00,1.84,0.96,1.766,13.51,CRITICAL: Voltage Tamper Detected! Voltage: 1.84 V,Voltage Tamper
2026-04-24 12:44:01,2.75,0.95,2.612,16.19,Normal Operation,Normal
2026-04-24 12:44:02,2.82,0.91,2.566,13.55,Normal Operation,Normal
2026-04-24 12:44:02,2.81,0.94,2.641,16.0,Normal Operation,Normal
2026-04-24 12:44:03,2.8,0.94,2.632,14.62,Normal Operation,Normal
2026-04-24 12:44:03,2.79,0.96,2.678,14.97,Normal Operation,Normal
2026-04-24 12:44:04,2.75,0.98,2.695,16.19,Normal Operation,Normal
2026-04-24 12:44:04,2.13,0.97,2.066,15.14,CRITICAL: Voltage Tamper Detected! Voltage: 2.13 V,Voltage Tamper
2026-04-24 12:44:05,2.78,0.93,2.585,14.62,Normal Operation,Normal
2026-04-24 12:44:06,2.81,0.93,2.613,13.95,Normal Operation,Normal
2026-04-24 12:44:06,2.8,0.96,2.688,15.78,Normal Operation,Normal
2026-04-24 12:44:07,2.76,0.95,2.622,14.51,Normal Operation,Normal
2026-04-24 12:44:07,2.84,0.0,0.0,16.04,WARNING: Zero Current Detected (Bypass)!,Bypass Detected
2026-04-24 12:44:08,2.82,0.93,2.623,15.89,Normal Operation,Normal
2026-04-24 12:44:08,2.76,1.0,2.76,15.15,Normal Operation,Normal
2026-04-24 12:44:09,2.81,0.95,2.669,14.6,Normal Operation,Normal
2026-04-24 12:44:10,2.8,0.99,2.772,13.8,Normal Operation,Normal
2026-04-24 12:44:10,2.78,0.91,2.53,14.84,Normal Operation,Normal
2026-04-24 12:44:11,2.79,0.93,2.595,16.94,Normal Operation,Normal
2026-04-24 12:44:11,2.75,0.91,2.502,13.29,Normal Operation,Normal
2026-04-24 12:44:12,2.8,0.93,2.604,15.68,Normal Operation,Normal
2026-04-24 12:44:12,2.81,0.97,2.726,14.77,Normal Operation,Normal
2026-04-24 12:44:13,2.79,0.98,2.734,15.11,Normal Operation,Normal
2026-04-24 12:44:14,2.76,0.97,2.677,14.03,Normal Operation,Normal
2026-04-24 12:44:14,2.8,0.93,2.604,16.75,Normal Operation,Normal
2026-04-24 12:44:15,2.83,0.91,2.575,13.42,Normal Operation,Normal
2026-04-24 12:44:15,2.83,0.96,2.717,14.87,Normal Operation,Normal
2026-04-24 12:44:16,2.8,0.97,2.716,68.66,WARNING: Magnetic Interference Detected! Field: 68.66 G,Magnetic Tamper
2026-04-24 12:44:16,2.79,0.99,2.762,14.38,Normal Operation,Normal
2026-04-24 12:44:17,2.83,0.95,2.688,13.11,Normal Operation,Normal
2026-04-24 12:44:18,2.83,0.9,2.547,13.43,Normal Operation,Normal
2026-04-24 12:44:18,2.81,0.96,2.698,69.39,WARNING: Magnetic Interference Detected! Field: 69.39 G,Magnetic Tamper
2026-04-24 12:44:19,2.18,0.99,2.158,15.82,CRITICAL: Voltage Tamper Detected! Voltage: 2.18 V,Voltage Tamper
2026-04-24 12:44:19,2.79,0.94,2.623,14.41,Normal Operation,Normal
2026-04-24 12:44:20,2.79,0.96,2.678,14.01,Normal Operation,Normal
2026-04-24 12:44:20,2.77,0.91,2.521,13.5,Normal Operation,Normal
2026-04-24 12:44:21,2.85,0.95,2.708,76.66,WARNING: Magnetic Interference Detected! Field: 76.66 G,Magnetic Tamper
2026-04-24 12:44:22,2.78,0.99,2.752,14.11,Normal Operation,Normal
2026-04-24 12:44:22,2.81,0.95,2.669,13.17,Normal Operation,Normal
2026-04-24 12:44:23,2.8,0.95,2.66,13.35,Normal Operation,Normal
2026-04-24 12:44:23,2.78,0.96,2.669,14.43,Normal Operation,Normal
2026-04-24 12:44:24,2.77,0.91,2.521,74.32,WARNING: Magnetic Interference Detected! Field: 74.32 G,Magnetic Tamper
2026-04-24 12:44:24,2.78,0.97,2.697,13.58,Normal Operation,Normal
2026-04-24 12:44:25,2.3,0.93,2.139,15.05,CRITICAL: Voltage Tamper Detected! Voltage: 2.30 V,Voltage Tamper
2026-04-24 12:44:26,2.82,0.92,2.594,13.81,Normal Operation,Normal
2026-04-24 12:44:26,2.81,0.99,2.782,15.23,Normal Operation,Normal
2026-04-24 12:44:27,2.81,0.96,2.698,15.35,Normal Operation,Normal
2026-04-24 12:44:27,2.81,0.0,0.0,16.67,WARNING: Zero Current Detected (Bypass)!,Bypass Detected
2026-04-24 12:44:28,2.84,0.95,2.698,16.15,Normal Operation,Normal
2026-04-24 12:44:28,2.83,0.98,2.773,13.28,Normal Operation,Normal
2026-04-24 12:44:29,2.8,0.0,0.0,16.36,WARNING: Zero Current Detected (Bypass)!,Bypass Detected
2026-04-24 12:44:29,2.82,0.93,2.623,64.38,WARNING: Magnetic Interference Detected! Field: 64.38 G,Magnetic Tamper
2026-04-24 12:44:30,2.78,0.0,0.0,14.95,WARNING: Zero Current Detected (Bypass)!,Bypass Detected
2026-04-24 12:44:30,2.82,1.0,2.82,14.52,Normal Operation,Normal
2026-04-24 12:44:31,2.77,0.95,2.631,13.62,Normal Operation,Normal
2026-04-24 12:44:32,2.84,0.96,2.726,14.52,Normal Operation,Normal
2026-04-24 12:44:32,2.8,0.99,2.772,93.09,WARNING: Magnetic Interference Detected! Field: 93.09 G,Magnetic Tamper
2026-04-24 12:44:33,2.8,0.91,2.548,14.9,Normal Operation,Normal
2026-04-24 12:44:33,2.8,0.0,0.0,14.92,WARNING: Zero Current Detected (Bypass)!,Bypass Detected
2026-04-24 12:44:34,2.81,0.99,2.782,13.33,Normal Operation,Normal
2026-04-24 12:44:34,2.36,0.94,2.218,16.28,CRITICAL: Voltage Tamper Detected! Voltage: 2.36 V,Voltage Tamper
2026-04-24 13:10:40,2.78,0.9,2.502,13.03,Normal Operation,Normal
2026-04-24 13:10:41,2.82,0.92,2.594,88.82,WARNING: Magnetic Interference Detected! Field: 88.82 G,Magnetic Tamper
2026-04-24 13:10:41,2.85,0.97,2.764,15.63,Normal Operation,Normal
2026-04-24 13:10:42,2.83,0.98,2.773,13.2,Normal Operation,Normal
2026-04-24 13:10:42,2.77,0.91,2.521,16.35,Normal Operation,Normal
2026-04-24 13:10:43,2.76,0.95,2.622,15.04,Normal Operation,Normal
2026-04-24 13:10:43,2.79,0.92,2.567,16.93,Normal Operation,Normal
2026-04-24 13:10:44,2.28,0.94,2.143,15.51,CRITICAL: Voltage Tamper Detected! Voltage: 2.28 V,Voltage Tamper
2026-04-24 13:10:44,2.77,0.92,2.548,14.97,Normal Operation,Normal
2026-04-24 13:10:45,2.8,0.99,2.772,16.83,Normal Operation,Normal
2026-04-24 13:10:46,2.84,0.93,2.641,81.16,WARNING: Magnetic Interference Detected! Field: 81.16 G,Magnetic Tamper
2026-04-24 13:10:46,2.8,0.91,2.548,13.56,Normal Operation,Normal
2026-04-24 13:10:47,2.85,0.98,2.793,16.69,Normal Operation,Normal
2026-04-24 13:10:47,2.76,0.97,2.677,14.76,Normal Operation,Normal
2026-04-24 13:10:48,2.79,0.96,2.678,15.22,Normal Operation,Normal
2026-04-24 13:10:48,2.83,0.95,2.688,14.32,Normal Operation,Normal
2026-04-24 13:10:49,2.81,0.96,2.698,16.16,Normal Operation,Normal
2026-04-24 13:10:49,2.83,0.99,2.802,13.52,Normal Operation,Normal
2026-04-24 13:10:50,2.75,0.92,2.53,15.99,Normal Operation,Normal
2026-04-24 13:10:51,2.81,0.95,2.669,96.98,WARNING: Magnetic Interference Detected! Field: 96.98 G,Magnetic Tamper
2026-04-24 13:10:51,2.8,0.0,0.0,14.39,WARNING: Zero Current Detected (Bypass)!,Bypass Detected
2026-04-24 13:10:52,2.76,0.9,2.484,15.81,Normal Operation,Normal
2026-04-24 13:10:52,2.8,0.92,2.576,15.5,Normal Operation,Normal
2026-04-24 13:10:53,2.78,0.92,2.558,15.61,Normal Operation,Normal
2026-04-24 13:10:53,2.81,0.92,2.585,14.68,Normal Operation,Normal
2026-04-24 13:10:54,2.75,0.97,2.667,76.13,WARNING: Magnetic Interference Detected! Field: 76.13 G,Magnetic Tamper
2026-04-24 13:10:54,2.81,0.0,0.0,13.98,WARNING: Zero Current Detected (Bypass)!,Bypass Detected
2026-04-24 13:10:55,2.77,0.92,2.548,13.71,Normal Operation,Normal
2026-04-24 13:10:56,2.8,0.99,2.772,14.52,Normal Operation,Normal
2026-04-24 13:10:56,2.76,0.93,2.567,16.36,Normal Operation,Normal
2026-04-24 13:10:57,2.77,0.91,2.521,75.54,WARNING: Magnetic Interference Detected! Field: 75.54 G,Magnetic Tamper
2026-04-24 13:10:57,2.84,0.9,2.556,16.81,Normal Operation,Normal
2026-04-24 13:10:58,2.83,0.96,2.717,14.27,Normal Operation,Normal
2026-04-24 13:10:58,2.82,0.98,2.764,15.27,Normal Operation,Normal
2026-04-24 13:10:59,2.78,0.97,2.697,63.98,WARNING: Magnetic Interference Detected! Field: 63.98 G,Magnetic Tamper
2026-04-24 13:10:59,2.8,0.0,0.0,16.61,WARNING: Zero Current Detected (Bypass)!,Bypass Detected
2026-04-24 13:11:00,2.79,0.95,2.651,13.16,Normal Operation,Normal
2026-04-24 13:11:01,2.79,0.97,2.706,14.74,Normal Operation,Normal
2026-04-24 13:11:01,2.82,0.96,2.707,97.2,WARNING: Magnetic Interference Detected! Field: 97.20 G,Magnetic Tamper
2026-04-24 13:11:02,2.83,0.0,0.0,16.1,WARNING: Zero Current Detected (Bypass)!,Bypass Detected
2026-04-24 13:11:02,2.8,0.98,2.744,60.43,WARNING: Magnetic Interference Detected! Field: 60.43 G,Magnetic Tamper
2026-04-24 13:11:03,2.84,0.97,2.755,13.01,Normal Operation,Normal
2026-04-24 13:11:03,2.12,0.96,2.035,15.0,CRITICAL: Voltage Tamper Detected! Voltage: 2.12 V,Voltage Tamper
2026-04-24 13:11:04,1.86,0.92,1.711,14.2,CRITICAL: Voltage Tamper Detected! Voltage: 1.86 V,Voltage Tamper
2026-04-24 13:11:04,2.81,0.93,2.613,16.79,Normal Operation,Normal
2026-04-24 13:11:05,2.8,0.97,2.716,16.88,Normal Operation,Normal
2026-04-24 13:11:06,2.78,0.99,2.752,15.85,Normal Operation,Normal
2026-04-24 13:11:06,2.79,0.95,2.651,13.04,Normal Operation,Normal
2026-04-24 13:11:07,2.04,0.99,2.02,13.69,CRITICAL: Voltage Tamper Detected! Voltage: 2.04 V,Voltage Tamper
2026-04-24 13:11:07,2.83,0.0,0.0,13.14,WARNING: Zero Current Detected (Bypass)!,Bypass Detected
2026-04-24 13:11:08,2.78,0.99,2.752,71.61,WARNING: Magnetic Interference Detected! Field: 71.61 G,Magnetic Tamper
2026-04-24 13:11:08,2.79,0.94,2.623,15.19,Normal Operation,Normal
2026-04-24 13:11:09,2.77,1.0,2.77,16.39,Normal Operation,Normal
2026-04-24 13:11:09,2.83,0.99,2.802,16.08,Normal Operation,Normal
2026-04-24 13:11:10,2.79,0.0,0.0,15.79,WARNING: Zero Current Detected (Bypass)!,Bypass Detected
2026-04-24 13:11:11,2.84,0.96,2.726,14.39,Normal Operation,Normal
2026-04-24 13:11:11,2.32,0.97,2.25,14.94,CRITICAL: Voltage Tamper Detected! Voltage: 2.32 V,Voltage Tamper
2026-04-24 13:11:12,2.82,0.92,2.594,15.73,Normal Operation,Normal
2026-04-24 13:11:12,2.77,0.99,2.742,14.51,Normal Operation,Normal
2026-04-24 13:11:13,2.83,0.96,2.717,15.58,Normal Operation,Normal
2026-04-24 13:11:13,2.79,0.9,2.511,14.96,Normal Operation,Normal
2026-04-24 13:11:14,2.82,0.9,2.538,13.52,Normal Operation,Normal
2026-04-24 13:11:15,2.84,0.96,2.726,16.54,Normal Operation,Normal
2026-04-24 13:11:15,2.81,1.0,2.81,80.73,WARNING: Magnetic Interference Detected! Field: 80.73 G,Magnetic Tamper
2026-04-24 13:11:16,2.82,0.96,2.707,16.48,Normal Operation,Normal
2026-04-24 13:11:16,2.76,0.94,2.594,15.62,Normal Operation,Normal
2026-04-24 13:11:17,2.76,0.94,2.594,13.41,Normal Operation,Normal
2026-04-24 13:11:17,1.83,0.96,1.757,13.7,CRITICAL: Voltage Tamper Detected! Voltage: 1.83 V,Voltage Tamper
2026-04-24 13:11:18,2.77,0.98,2.715,14.73,Normal Operation,Normal
2026-04-24 13:11:19,2.76,0.9,2.484,16.27,Normal Operation,Normal
2026-04-24 13:11:19,2.82,0.91,2.566,14.33,Normal Operation,Normal
2026-04-24 13:11:20,2.83,0.91,2.575,15.73,Normal Operation,Normal
2026-04-24 13:11:20,2.75,0.91,2.502,99.39,WARNING: Magnetic Interference Detected! Field: 99.39 G,Magnetic Tamper
2026-04-24 13:11:21,2.79,0.0,0.0,14.65,WARNING: Zero Current Detected (Bypass)!,Bypass Detected
2026-04-24 13:11:21,2.83,0.0,0.0,16.52,WARNING: Zero Current Detected (Bypass)!,Bypass Detected
2026-04-24 13:11:22,2.77,0.96,2.659,14.81,Normal Operation,Normal
2026-04-24 13:11:23,2.82,1.0,2.82,15.54,Normal Operation,Normal
2026-04-24 13:11:23,1.96,0.91,1.784,15.02,CRITICAL: Voltage Tamper Detected! Voltage: 1.96 V,Voltage Tamper
2026-04-24 13:11:24,2.8,1.0,2.8,16.71,Normal Operation,Normal
2026-04-24 13:11:24,2.83,0.98,2.773,15.14,Normal Operation,Normal
2026-04-24 13:11:25,1.99,0.9,1.791,13.18,CRITICAL: Voltage Tamper Detected! Voltage: 1.99 V,Voltage Tamper
2026-04-24 13:11:25,2.83,0.94,2.66,15.4,Normal Operation,Normal
2026-04-24 13:11:26,2.83,0.0,0.0,15.44,WARNING: Zero Current Detected (Bypass)!,Bypass Detected
2026-04-24 13:11:27,2.81,0.93,2.613,16.23,Normal Operation,Normal
2026-04-24 13:11:27,2.85,0.92,2.622,14.76,Normal Operation,Normal
2026-04-24 13:11:28,2.78,0.92,2.558,15.0,Normal Operation,Normal
2026-04-24 13:11:28,2.84,0.96,2.726,79.15,WARNING: Magnetic Interference Detected! Field: 79.15 G,Magnetic Tamper
2026-04-24 13:11:29,2.82,0.94,2.651,15.43,Normal Operation,Normal
2026-04-24 13:11:29,2.81,0.96,2.698,62.24,WARNING: Magnetic Interference Detected! Field: 62.24 G,Magnetic Tamper
2026-04-24 13:11:30,2.76,0.91,2.512,16.31,Normal Operation,Normal
2026-04-24 13:11:31,2.82,0.98,2.764,16.0,Normal Operation,Normal
2026-04-24 13:11:31,2.81,0.97,2.726,97.41,WARNING: Magnetic Interference Detected! Field: 97.41 G,Magnetic Tamper
2026-04-24 13:11:32,2.84,0.98,2.783,13.16,Normal Operation,Normal
2026-04-24 13:11:32,2.79,0.96,2.678,13.82,Normal Operation,Normal
2026-04-24 13:11:33,2.76,0.94,2.594,13.83,Normal Operation,Normal
2026-04-24 13:11:33,2.79,0.99,2.762,14.16,Normal Operation,Normal
2026-04-24 13:11:34,2.8,0.99,2.772,13.46,Normal Operation,Normal
2026-04-24 13:11:34,2.8,0.98,2.744,15.5,Normal Operation,Normal
2026-04-24 13:11:35,2.81,0.95,2.669,13.52,Normal Operation,Normal
2026-04-24 13:11:35,2.8,0.0,0.0,16.33,WARNING: Zero Current Detected (Bypass)!,Bypass Detected
2026-04-24 13:11:36,2.78,0.99,2.752,13.56,Normal Operation,Normal
2026-04-24 13:11:37,2.81,0.93,2.613,94.22,WARNING: Magnetic Interference Detected! Field: 94.22 G,Magnetic Tamper
2026-04-24 13:11:37,2.81,0.97,2.726,16.34,Normal Operation,Normal
2026-04-24 13:11:38,2.76,0.98,2.705,13.09,Normal Operation,Normal
2026-04-24 13:11:38,2.8,0.91,2.548,15.54,Normal Operation,Normal
2026-04-24 13:11:39,2.8,0.95,2.66,16.09,Normal Operation,Normal
2026-04-24 13:11:39,2.83,0.97,2.745,13.9,Normal Operation,Normal
2026-04-24 13:11:40,2.78,0.0,0.0,16.74,WARNING: Zero Current Detected (Bypass)!,Bypass Detected
2026-04-24 13:11:40,2.83,0.97,2.745,14.66,Normal Operation,Normal
2026-04-24 13:11:41,2.85,0.98,2.793,15.47,Normal Operation,Normal
2026-04-24 13:11:42,2.78,0.92,2.558,15.94,Normal Operation,Normal
2026-04-24 13:11:42,2.84,0.96,2.726,15.05,Normal Operation,Normal
2026-04-24 13:11:43,2.77,0.92,2.548,14.14,Normal Operation,Normal
2026-04-24 13:11:43,2.76,0.93,2.567,13.54,Normal Operation,Normal
2026-04-24 13:11:44,2.79,0.95,2.651,15.58,Normal Operation,Normal
2026-04-24 13:11:44,2.75,0.99,2.723,16.28,Normal Operation,Normal
2026-04-24 13:11:45,2.78,0.97,2.697,15.44,Normal Operation,Normal
2026-04-24 13:11:46,2.76,0.94,2.594,16.03,Normal Operation,Normal
2026-05-01 13:10:39,2.76,0.91,2.512,14.67,Normal Operation,Normal
2026-05-01 13:10:40,2.79,0.94,2.623,14.67,Normal Operation,Normal
2026-05-01 13:10:40,2.79,0.96,2.678,14.12,Normal Operation,Normal
2026-05-01 13:10:41,2.75,0.99,2.723,73.85,WARNING: Magnetic Interference Detected! Field: 73.85 G,Magnetic Tamper
2026-05-01 13:10:41,2.8,0.9,2.52,13.41,Normal Operation,Normal
2026-05-01 13:10:42,2.84,0.92,2.613,15.94,Normal Operation,Normal
2026-05-01 13:10:42,2.77,0.98,2.715,13.22,Normal Operation,Normal
2026-05-01 13:10:43,2.81,0.96,2.698,71.48,WARNING: Magnetic Interference Detected! Field: 71.48 G,Magnetic Tamper
2026-05-01 13:10:44,2.78,0.98,2.724,16.38,Normal Operation,Normal
2026-05-01 13:10:44,2.8,0.95,2.66,15.97,Normal Operation,Normal
2026-05-01 13:10:45,2.82,0.91,2.566,15.2,Normal Operation,Normal
2026-05-01 13:10:45,2.83,0.93,2.632,14.1,Normal Operation,Normal
2026-05-01 13:10:46,2.82,0.91,2.566,14.36,Normal Operation,Normal
2026-05-01 13:10:46,2.82,0.92,2.594,13.12,Normal Operation,Normal
2026-05-01 13:10:47,2.85,0.97,2.764,16.12,Normal Operation,Normal
2026-05-01 13:10:48,2.77,0.93,2.576,16.81,Normal Operation,Normal
2026-05-01 13:10:48,2.84,0.99,2.812,15.06,Normal Operation,Normal
2026-05-01 13:10:49,2.81,0.94,2.641,16.3,Normal Operation,Normal
2026-05-01 13:10:49,2.84,0.92,2.613,15.81,Normal Operation,Normal
2026-05-01 13:10:50,2.82,0.99,2.792,13.31,Normal Operation,Normal
2026-05-01 13:10:50,2.29,0.94,2.153,16.21,CRITICAL: Voltage Tamper Detected! Voltage: 2.29 V,Voltage Tamper
2026-05-01 13:10:51,2.81,0.9,2.529,16.59,Normal Operation,Normal
2026-05-01 13:10:52,2.8,0.98,2.744,15.33,Normal Operation,Normal
2026-05-01 13:10:52,2.84,0.91,2.584,14.33,Normal Operation,Normal
2026-05-01 13:10:53,2.82,0.95,2.679,15.34,Normal Operation,Normal
2026-05-01 13:10:53,2.8,0.92,2.576,13.31,Normal Operation,Normal
2026-05-01 13:10:54,2.79,0.92,2.567,15.4,Normal Operation,Normal
2026-05-01 13:10:54,2.8,0.99,2.772,13.62,Normal Operation,Normal
2026-05-01 13:10:55,2.82,0.94,2.651,14.76,Normal Operation,Normal
2026-05-01 13:10:56,2.8,0.96,2.688,14.54,Normal Operation,Normal
2026-05-01 13:10:56,2.79,0.99,2.762,14.02,Normal Operation,Normal
2026-05-01 13:10:57,2.78,0.94,2.613,15.96,Normal Operation,Normal
2026-05-01 13:10:57,2.76,0.92,2.539,16.03,Normal Operation,Normal
2026-05-01 13:10:58,2.83,0.99,2.802,16.04,Normal Operation,Normal
2026-05-01 13:10:58,2.16,0.94,2.03,15.95,CRITICAL: Voltage Tamper Detected! Voltage: 2.16 V,Voltage Tamper
2026-05-01 13:10:59,2.82,1.0,2.82,70.02,WARNING: Magnetic Interference Detected! Field: 70.02 G,Magnetic Tamper
2026-05-01 13:10:59,2.78,0.92,2.558,13.38,Normal Operation,Normal
2026-05-01 13:11:00,2.83,1.0,2.83,64.55,WARNING: Magnetic Interference Detected! Field: 64.55 G,Magnetic Tamper
2026-05-01 13:11:01,2.84,0.99,2.812,15.3,Normal Operation,Normal
2026-05-01 13:11:01,2.8,0.92,2.576,16.08,Normal Operation,Normal
2026-05-01 13:11:02,2.84,0.92,2.613,13.12,Normal Operation,Normal
2026-05-01 13:11:02,2.79,0.94,2.623,16.04,Normal Operation,Normal
2026-05-01 13:11:03,2.78,0.98,2.724,15.71,Normal Operation,Normal
2026-05-01 13:11:03,2.75,0.92,2.53,15.46,Normal Operation,Normal
2026-05-01 13:11:04,2.85,0.98,2.793,14.93,Normal Operation,Normal
2026-05-01 13:11:05,2.81,0.94,2.641,16.04,Normal Operation,Normal
2026-05-01 13:11:05,2.78,0.91,2.53,16.38,Normal Operation,Normal
2026-05-01 13:11:06,2.84,0.91,2.584,14.13,Normal Operation,Normal
2026-05-01 13:11:06,2.76,0.97,2.677,15.46,Normal Operation,Normal
2026-05-01 13:11:07,2.82,0.96,2.707,14.73,Normal Operation,Normal
2026-05-01 13:11:07,2.79,0.95,2.651,14.87,Normal Operation,Normal
2026-05-01 13:11:08,2.78,0.92,2.558,16.36,Normal Operation,Normal
2026-05-01 13:11:08,2.83,0.97,2.745,15.63,Normal Operation,Normal
2026-05-01 13:11:09,2.8,0.0,0.0,15.65,WARNING: Zero Current Detected (Bypass)!,Bypass Detected
2026-05-01 13:11:10,2.78,0.91,2.53,13.49,Normal Operation,Normal
2026-05-01 13:11:10,2.81,0.94,2.641,14.49,Normal Operation,Normal
2026-05-01 13:11:11,2.79,0.98,2.734,14.23,Normal Operation,Normal
2026-05-01 13:11:11,2.82,0.97,2.735,16.56,Normal Operation,Normal
2026-05-01 13:11:12,2.78,0.95,2.641,16.8,Normal Operation,Normal
2026-05-01 13:11:12,2.8,0.9,2.52,14.35,Normal Operation,Normal
2026-05-01 13:11:13,2.76,0.0,0.0,13.63,WARNING: Zero Current Detected (Bypass)!,Bypass Detected
2026-05-01 13:11:14,2.85,0.91,2.594,13.53,Normal Operation,Normal
2026-05-01 13:11:14,2.75,0.0,0.0,14.67,WARNING: Zero Current Detected (Bypass)!,Bypass Detected
2026-05-01 13:11:15,1.91,0.95,1.814,15.68,CRITICAL: Voltage Tamper Detected! Voltage: 1.91 V,Voltage Tamper
2026-05-01 13:11:15,2.82,0.92,2.594,13.61,Normal Operation,Normal
2026-05-01 13:11:16,2.8,0.93,2.604,16.24,Normal Operation,Normal
2026-05-01 13:11:16,2.79,0.97,2.706,72.53,WARNING: Magnetic Interference Detected! Field: 72.53 G,Magnetic Tamper
2026-05-01 13:11:17,2.18,0.96,2.093,14.47,CRITICAL: Voltage Tamper Detected! Voltage: 2.18 V,Voltage Tamper
2026-05-01 13:11:18,2.76,0.9,2.484,16.58,Normal Operation,Normal
2026-05-01 13:11:18,2.82,1.0,2.82,13.89,Normal Operation,Normal
2026-05-01 13:11:19,2.78,0.0,0.0,13.13,WARNING: Zero Current Detected (Bypass)!,Bypass Detected
2026-05-01 13:11:19,2.83,0.96,2.717,14.5,Normal Operation,Normal
2026-05-01 13:11:20,2.22,0.97,2.153,14.74,CRITICAL: Voltage Tamper Detected! Voltage: 2.22 V,Voltage Tamper
2026-05-01 13:11:20,2.79,0.99,2.762,14.55,Normal Operation,Normal
2026-05-01 13:11:21,2.75,0.91,2.502,13.92,Normal Operation,Normal
2026-05-01 13:11:22,2.81,0.0,0.0,15.44,WARNING: Zero Current Detected (Bypass)!,Bypass Detected
2026-05-01 13:11:22,2.76,0.95,2.622,15.89,Normal Operation,Normal
2026-05-01 13:11:23,2.81,0.93,2.613,14.18,Normal Operation,Normal
2026-05-01 13:11:23,1.92,0.96,1.843,14.07,CRITICAL: Voltage Tamper Detected! Voltage: 1.92 V,Voltage Tamper
2026-05-01 13:11:24,1.95,0.95,1.852,15.63,CRITICAL: Voltage Tamper Detected! Voltage: 1.95 V,Voltage Tamper
2026-05-01 13:11:25,2.31,0.96,2.218,16.06,CRITICAL: Voltage Tamper Detected! Voltage: 2.31 V,Voltage Tamper
2026-05-01 13:11:25,2.83,0.93,2.632,15.29,Normal Operation,Normal
2026-05-01 13:11:26,2.84,0.97,2.755,16.01,Normal Operation,Normal
2026-05-01 13:11:26,2.84,0.95,2.698,63.98,WARNING: Magnetic Interference Detected! Field: 63.98 G,Magnetic Tamper
2026-05-01 13:11:27,2.79,0.99,2.762,89.13,WARNING: Magnetic Interference Detected! Field: 89.13 G,Magnetic Tamper
2026-05-01 13:11:27,2.81,0.95,2.669,13.2,Normal Operation,Normal
2026-05-01 13:11:28,2.79,0.0,0.0,16.44,WARNING: Zero Current Detected (Bypass)!,Bypass Detected
2026-05-01 13:11:28,2.82,0.97,2.735,82.25,WARNING: Magnetic Interference Detected! Field: 82.25 G,Magnetic Tamper
2026-05-01 13:11:29,2.82,0.0,0.0,15.53,WARNING: Zero Current Detected (Bypass)!,Bypass Detected
2026-05-01 13:11:30,2.83,1.0,2.83,16.34,Normal Operation,Normal
2026-05-01 13:11:30,2.78,0.97,2.697,15.57,Normal Operation,Normal
2026-05-01 13:11:31,2.85,0.91,2.594,16.78,Normal Operation,Normal
2026-05-01 13:11:31,2.79,1.0,2.79,15.5,Normal Operation,Normal
2026-05-01 13:11:32,2.83,1.0,2.83,13.6,Normal Operation,Normal
2026-05-01 13:11:32,2.8,0.98,2.744,14.62,Normal Operation,Normal
2026-05-01 13:11:33,2.82,0.95,2.679,13.61,Normal Operation,Normal
2026-05-01 13:11:34,2.77,0.92,2.548,15.23,Normal Operation,Normal
2026-05-01 13:11:34,2.82,0.99,2.792,77.06,WARNING: Magnetic Interference Detected! Field: 77.06 G,Magnetic Tamper
2026-05-01 13:11:35,2.76,0.95,2.622,78.42,WARNING: Magnetic Interference Detected! Field: 78.42 G,Magnetic Tamper
2026-05-01 13:11:35,2.84,0.94,2.67,13.43,Normal Operation,Normal
2026-05-01 13:11:36,2.85,0.96,2.736,14.35,Normal Operation,Normal
2026-05-01 13:11:36,2.81,0.98,2.754,15.13,Normal Operation,Normal
2026-05-01 13:11:37,2.75,0.93,2.558,16.26,Normal Operation,Normal
2026-05-01 13:11:37,2.77,0.98,2.715,13.03,Normal Operation,Normal
2026-05-01 13:11:38,2.77,0.0,0.0,13.29,WARNING: Zero Current Detected (Bypass)!,Bypass Detected
2026-05-01 13:11:39,2.83,0.94,2.66,16.28,Normal Operation,Normal
2026-05-01 13:11:39,2.76,0.93,2.567,16.1,Normal Operation,Normal
2026-05-01 13:11:40,2.77,0.92,2.548,13.22,Normal Operation,Normal
2026-05-01 13:11:40,2.81,0.92,2.585,16.53,Normal Operation,Normal
2026-05-01 13:11:41,2.83,0.92,2.604,15.19,Normal Operation,Normal
2026-05-01 13:11:41,2.81,0.94,2.641,16.4,Normal Operation,Normal
2026-05-01 13:11:42,2.85,0.95,2.708,13.07,Normal Operation,Normal
2026-05-01 13:11:43,1.81,1.0,1.81,13.46,CRITICAL: Voltage Tamper Detected! Voltage: 1.81 V,Voltage Tamper
2026-05-01 13:11:43,2.8,0.97,2.716,15.52,Normal Operation,Normal
2026-05-01 13:11:44,2.84,0.99,2.812,13.94,Normal Operation,Normal
2026-05-01 13:11:44,2.76,0.91,2.512,14.88,Normal Operation,Normal
2026-05-01 13:11:45,2.85,0.0,0.0,16.5,WARNING: Zero Current Detected (Bypass)!,Bypass Detected
2026-05-01 13:11:45,2.83,0.91,2.575,15.31,Normal Operation,Normal
2026-05-01 13:11:46,2.79,1.0,2.79,16.57,Normal Operation,Normal
2026-05-01 13:11:46,2.76,1.0,2.76,15.84,Normal Operation,Normal
2026-05-01 13:11:47,2.82,0.91,2.566,15.66,Normal Operation,Normal
2026-05-01 13:11:48,2.77,0.92,2.548,16.82,Normal Operation,Normal
2026-05-01 13:11:48,2.76,0.97,2.677,15.18,Normal Operation,Normal
2026-05-01 13:11:49,2.79,0.97,2.706,14.74,Normal Operation,Normal
2026-05-01 13:11:49,2.83,0.97,2.745,13.1,Normal Operation,Normal
2026-05-01 13:11:50,2.83,0.99,2.802,16.18,Normal Operation,Normal
2026-05-01 13:11:50,2.12,1.0,2.12,15.58,CRITICAL: Voltage Tamper Detected! Voltage: 2.12 V,Voltage Tamper
2026-05-01 13:11:51,2.79,0.96,2.678,60.57,WARNING: Magnetic Interference Detected! Field: 60.57 G,Magnetic Tamper
2026-05-01 13:11:52,2.85,0.93,2.651,13.96,Normal Operation,Normal
2026-05-01 13:11:52,2.85,0.98,2.793,16.93,Normal Operation,Normal
2026-05-01 13:11:53,2.8,0.92,2.576,14.88,Normal Operation,Normal
2026-05-01 13:11:53,2.82,0.92,2.594,14.52,Normal Operation,Normal
2026-05-01 13:11:54,2.8,0.95,2.66,16.87,Normal Operation,Normal
2026-05-01 13:11:55,2.8,0.99,2.772,13.03,Normal Operation,Normal
2026-05-01 13:11:55,2.82,0.98,2.764,16.16,Normal Operation,Normal
2026-05-01 13:11:56,2.81,0.94,2.641,14.46,Normal Operation,Normal
2026-05-01 13:11:56,2.8,0.96,2.688,15.85,Normal Operation,Normal
2026-05-01 13:11:57,2.84,0.97,2.755,15.12,Normal Operation,Normal
2026-05-01 13:11:58,2.76,0.98,2.705,15.11,Normal Operation,Normal
2026-05-01 13:11:58,2.76,0.94,2.594,13.7,Normal Operation,Normal
2026-05-01 13:11:59,2.04,0.95,1.938,15.32,CRITICAL: Voltage Tamper Detected! Voltage: 2.04 V,Voltage Tamper
2026-05-01 13:11:59,2.78,0.96,2.669,97.55,WARNING: Magnetic Interference Detected! Field: 97.55 G,Magnetic Tamper
2026-05-01 13:12:00,2.8,0.95,2.66,13.83,Normal Operation,Normal
2026-05-01 13:12:00,2.84,0.9,2.556,13.49,Normal Operation,Normal
2026-05-01 13:12:01,2.8,0.91,2.548,13.4,Normal Operation,Normal
2026-05-01 13:12:01,2.78,0.96,2.669,13.3,Normal Operation,Normal
2026-05-01 13:12:02,2.84,0.96,2.726,13.43,Normal Operation,Normal
2026-05-01 13:12:03,2.77,0.95,2.631,15.29,Normal Operation,Normal
2026-05-01 13:12:03,2.81,0.97,2.726,14.56,Normal Operation,Normal
2026-05-01 13:12:04,2.8,0.93,2.604,14.24,Normal Operation,Normal
2026-05-01 13:12:04,2.8,0.94,2.632,15.48,Normal Operation,Normal
2026-05-01 13:12:05,2.8,0.97,2.716,14.25,Normal Operation,Normal
2026-05-01 13:12:05,2.77,0.97,2.687,16.06,Normal Operation,Normal
2026-05-01 13:12:06,2.82,0.0,0.0,15.54,WARNING: Zero Current Detected (Bypass)!,Bypass Detected
2026-05-01 13:12:07,2.78,0.9,2.502,14.4,Normal Operation,Normal
2026-05-01 13:12:07,2.76,1.0,2.76,14.49,Normal Operation,Normal
2026-05-01 13:12:08,2.76,0.98,2.705,16.21,Normal Operation,Normal
2026-05-01 13:12:08,1.82,0.94,1.711,16.33,CRITICAL: Voltage Tamper Detected! Voltage: 1.82 V,Voltage Tamper
2026-05-01 13:12:09,2.84,0.95,2.698,14.19,Normal Operation,Normal
2026-05-01 13:12:09,2.82,0.99,2.792,15.43,Normal Operation,Normal
2026-05-01 13:12:10,2.83,0.99,2.802,73.8,WARNING: Magnetic Interference Detected! Field: 73.80 G,Magnetic Tamper
2026-05-01 13:12:11,2.77,0.91,2.521,15.64,Normal Operation,Normal
2026-05-01 13:12:11,2.84,0.0,0.0,14.3,WARNING: Zero Current Detected (Bypass)!,Bypass Detected
2026-05-01 13:12:12,2.77,0.91,2.521,13.02,Normal Operation,Normal
2026-05-01 13:12:12,2.75,0.97,2.667,13.67,Normal Operation,Normal
2026-05-01 13:12:13,2.85,0.93,2.651,15.26,Normal Operation,Normal
2026-05-01 13:12:13,2.81,0.98,2.754,16.82,Normal Operation,Normal
2026-05-01 13:12:14,2.78,0.96,2.669,87.66,WARNING: Magnetic Interference Detected! Field: 87.66 G,Magnetic Tamper
2026-05-01 13:12:15,2.8,0.0,0.0,13.94,WARNING: Zero Current Detected (Bypass)!,Bypass Detected
2026-05-01 13:12:15,2.82,0.97,2.735,14.99,Normal Operation,Normal
2026-05-01 13:12:16,2.78,0.94,2.613,16.27,Normal Operation,Normal
2026-05-01 13:12:16,2.78,0.99,2.752,13.72,Normal Operation,Normal
2026-05-01 13:12:17,2.84,0.91,2.584,64.68,WARNING: Magnetic Interference Detected! Field: 64.68 G,Magnetic Tamper
2026-05-01 13:12:17,2.85,0.9,2.565,14.79,Normal Operation,Normal
2026-05-01 13:12:18,2.77,0.92,2.548,15.1,Normal Operation,Normal
2026-05-01 13:12:19,2.8,0.98,2.744,13.83,Normal Operation,Normal
2026-05-01 13:12:19,2.82,0.96,2.707,16.85,Normal Operation,Normal
2026-05-01 13:12:20,2.81,0.91,2.557,13.33,Normal Operation,Normal
2026-05-01 13:12:20,2.82,0.98,2.764,15.93,Normal Operation,Normal
2026-05-01 13:12:21,2.76,0.94,2.594,15.42,Normal Operation,Normal
2026-05-01 13:12:21,2.75,0.92,2.53,15.4,Normal Operation,Normal
2026-05-01 13:12:22,2.85,0.98,2.793,15.99,Normal Operation,Normal
2026-05-01 13:12:23,1.89,0.96,1.814,15.66,CRITICAL: Voltage Tamper Detected! Voltage: 1.89 V,Voltage Tamper
2026-05-01 13:12:23,2.78,0.94,2.613,15.41,Normal Operation,Normal
2026-05-01 13:12:24,2.04,0.92,1.877,16.05,CRITICAL: Voltage Tamper Detected! Voltage: 2.04 V,Voltage Tamper
2026-05-01 13:12:24,2.76,0.96,2.65,16.21,Normal Operation,Normal
2026-05-01 13:12:25,2.84,0.96,2.726,16.38,Normal Operation,Normal
2026-05-01 13:12:25,2.81,0.92,2.585,14.42,Normal Operation,Normal
2026-05-01 13:12:26,2.81,0.99,2.782,13.37,Normal Operation,Normal
2026-05-01 13:12:27,2.76,0.96,2.65,13.61,Normal Operation,Normal
2026-05-01 13:12:27,2.77,0.0,0.0,16.56,WARNING: Zero Current Detected (Bypass)!,Bypass Detected
2026-05-01 13:12:28,2.8,0.93,2.604,16.21,Normal Operation,Normal
2026-05-01 13:12:28,1.94,0.97,1.882,14.77,CRITICAL: Voltage Tamper Detected! Voltage: 1.94 V,Voltage Tamper
2026-05-01 13:12:29,2.8,0.91,2.548,16.18,Normal Operation,Normal
2026-05-01 13:12:29,2.09,0.91,1.902,15.09,CRITICAL: Voltage Tamper Detected! Voltage: 2.09 V,Voltage Tamper
2026-05-01 13:12:30,2.83,0.95,2.688,13.46,Normal Operation,Normal
2026-05-01 13:12:31,2.8,0.95,2.66,16.02,Normal Operation,Normal
2026-05-01 13:12:31,2.78,0.99,2.752,16.41,Normal Operation,Normal
2026-05-01 13:12:32,2.79,0.9,2.511,14.79,Normal Operation,Normal
2026-05-01 13:12:32,2.78,0.94,2.613,15.14,Normal Operation,Normal
2026-05-01 13:12:33,2.79,0.96,2.678,91.26,WARNING: Magnetic Interference Detected! Field: 91.26 G,Magnetic Tamper
2026-05-01 13:12:33,2.83,0.97,2.745,13.56,Normal Operation,Normal
2026-05-01 13:12:34,2.75,0.94,2.585,15.51,Normal Operation,Normal
2026-05-01 13:12:35,2.83,0.97,2.745,14.5,Normal Operation,Normal
2026-05-01 13:12:35,2.8,0.96,2.688,14.23,Normal Operation,Normal
2026-05-01 13:12:36,2.8,1.0,2.8,14.42,Normal Operation,Normal
2026-05-01 13:12:36,2.77,1.0,2.77,84.29,WARNING: Magnetic Interference Detected! Field: 84.29 G,Magnetic Tamper
2026-05-01 13:12:37,2.77,0.92,2.548,14.19,Normal Operation,Normal
2026-05-01 13:12:37,2.77,0.95,2.631,13.29,Normal Operation,Normal
2026-05-01 13:12:38,2.81,0.91,2.557,16.5,Normal Operation,Normal
2026-05-01 13:12:39,2.76,0.99,2.732,13.71,Normal Operation,Normal
2026-05-01 13:12:39,2.84,1.0,2.84,79.6,WARNING: Magnetic Interference Detected! Field: 79.60 G,Magnetic Tamper
2026-05-01 13:12:40,2.79,0.95,2.651,14.04,Normal Operation,Normal
2026-05-01 13:12:40,2.84,0.9,2.556,15.1,Normal Operation,Normal
2026-05-01 13:12:41,2.75,0.96,2.64,81.5,WARNING: Magnetic Interference Detected! Field: 81.50 G,Magnetic Tamper
2026-05-01 13:12:41,2.84,0.95,2.698,15.56,Normal Operation,Normal
2026-05-01 13:12:42,2.84,0.98,2.783,15.75,Normal Operation,Normal
2026-05-01 13:12:43,2.79,0.93,2.595,67.91,WARNING: Magnetic Interference Detected! Field: 67.91 G,Magnetic Tamper
2026-05-01 13:12:43,2.75,0.0,0.0,13.85,WARNING: Zero Current Detected (Bypass)!,Bypass Detected
2026-05-01 13:12:44,2.81,0.93,2.613,14.99,Normal Operation,Normal
2026-05-01 13:12:44,2.17,0.94,2.04,14.67,CRITICAL: Voltage Tamper Detected! Voltage: 2.17 V,Voltage Tamper
2026-05-01 13:12:45,2.8,0.98,2.744,14.59,Normal Operation,Normal
2026-05-01 13:12:45,2.01,0.94,1.889,16.48,CRITICAL: Voltage Tamper Detected! Voltage: 2.01 V,Voltage Tamper
2026-05-01 13:12:46,2.06,0.92,1.895,15.09,CRITICAL: Voltage Tamper Detected! Voltage: 2.06 V,Voltage Tamper
2026-05-01 13:12:47,2.75,0.95,2.612,14.93,Normal Operation,Normal
2026-05-01 13:12:47,2.78,0.97,2.697,16.62,Normal Operation,Normal
2026-05-01 13:12:48,2.76,0.96,2.65,15.69,Normal Operation,Normal
2026-05-01 13:12:48,2.79,0.95,2.651,13.1,Normal Operation,Normal
2026-05-01 13:12:49,2.79,0.91,2.539,15.13,Normal Operation,Normal
2026-05-01 13:12:49,2.79,0.91,2.539,14.39,Normal Operation,Normal
2026-05-01 13:12:50,2.78,0.94,2.613,15.25,Normal Operation,Normal
2026-05-01 13:12:51,2.84,0.93,2.641,93.56,WARNING: Magnetic Interference Detected! Field: 93.56 G,Magnetic Tamper
2026-05-01 13:12:51,2.83,0.99,2.802,15.71,Normal Operation,Normal
2026-05-01 13:12:52,2.84,0.0,0.0,16.5,WARNING: Zero Current Detected (Bypass)!,Bypass Detected
2026-05-01 13:12:52,2.78,0.99,2.752,16.07,Normal Operation,Normal
2026-05-01 13:12:53,2.83,0.97,2.745,14.27,Normal Operation,Normal
2026-05-01 13:12:53,2.84,1.0,2.84,63.64,WARNING: Magnetic Interference Detected! Field: 63.64 G,Magnetic Tamper
2026-05-01 13:12:54,2.83,0.98,2.773,14.88,Normal Operation,Normal
2026-05-01 13:12:54,2.81,1.0,2.81,15.49,Normal Operation,Normal
2026-05-01 13:12:55,2.76,0.97,2.677,15.81,Normal Operation,Normal
2026-05-01 13:12:56,2.83,0.91,2.575,13.68,Normal Operation,Normal
2026-05-01 13:12:56,2.82,0.93,2.623,14.62,Normal Operation,Normal
2026-05-01 13:12:57,2.85,0.0,0.0,13.93,WARNING: Zero Current Detected (Bypass)!,Bypass Detected
2026-05-01 13:12:57,2.81,0.94,2.641,13.09,Normal Operation,Normal
2026-05-01 13:12:58,1.86,0.9,1.674,14.28,CRITICAL: Voltage Tamper Detected! Voltage: 1.86 V,Voltage Tamper
2026-05-01 13:12:59,1.97,0.96,1.891,14.61,CRITICAL: Voltage Tamper Detected! Voltage: 1.97 V,Voltage Tamper
2026-05-01 13:12:59,2.78,0.95,2.641,14.05,Normal Operation,Normal
2026-05-01 13:13:00,2.82,0.93,2.623,95.13,WARNING: Magnetic Interference Detected! Field: 95.13 G,Magnetic Tamper
2026-05-01 13:13:00,2.82,0.96,2.707,16.3,Normal Operation,Normal
2026-05-01 13:13:01,2.82,0.95,2.679,15.69,Normal Operation,Normal
2026-05-01 13:13:01,2.79,0.0,0.0,15.31,WARNING: Zero Current Detected (Bypass)!,Bypass Detected
2026-05-01 13:13:02,2.79,0.95,2.651,15.71,Normal Operation,Normal
2026-05-01 13:13:02,2.83,0.99,2.802,13.62,Normal Operation,Normal
2026-05-01 13:13:03,2.77,0.99,2.742,15.88,Normal Operation,Normal
2026-05-01 13:13:04,2.78,0.99,2.752,14.86,Normal Operation,Normal
2026-05-01 13:13:04,2.8,0.97,2.716,13.63,Normal Operation,Normal
2026-05-01 13:13:05,2.83,0.98,2.773,15.22,Normal Operation,Normal
2026-05-01 13:13:05,2.83,1.0,2.83,16.24,Normal Operation,Normal
2026-05-01 13:13:06,2.83,0.97,2.745,15.61,Normal Operation,Normal
2026-05-01 13:13:06,2.81,0.99,2.782,16.35,Normal Operation,Normal
2026-05-01 13:13:07,2.84,0.94,2.67,15.3,Normal Operation,Normal
2026-05-01 13:13:08,2.79,0.98,2.734,15.32,Normal Operation,Normal
2026-05-01 13:13:08,2.35,0.9,2.115,13.28,CRITICAL: Voltage Tamper Detected! Voltage: 2.35 V,Voltage Tamper
2026-05-01 13:13:09,2.84,0.92,2.613,15.56,Normal Operation,Normal
2026-05-01 13:13:09,2.77,0.92,2.548,15.04,Normal Operation,Normal
2026-05-01 13:13:10,2.81,0.99,2.782,15.53,Normal Operation,Normal
2026-05-01 13:13:10,2.36,0.96,2.266,14.85,CRITICAL: Voltage Tamper Detected! Voltage: 2.36 V,Voltage Tamper
2026-05-01 13:13:11,2.77,0.93,2.576,15.53,Normal Operation,Normal
2026-05-01 13:13:11,2.81,0.94,2.641,14.75,Normal Operation,Normal
2026-05-01 13:13:12,2.78,0.93,2.585,15.89,Normal Operation,Normal
2026-05-01 13:13:13,2.85,0.95,2.708,13.86,Normal Operation,Normal
2026-05-01 13:13:13,2.82,0.95,2.679,16.85,Normal Operation,Normal
2026-05-01 13:13:14,2.83,0.92,2.604,16.75,Normal Operation,Normal
2026-05-01 13:13:14,2.83,0.0,0.0,15.8,WARNING: Zero Current Detected (Bypass)!,Bypass Detected
2026-05-01 13:13:15,2.79,0.98,2.734,13.2,Normal Operation,Normal
2026-05-01 13:13:16,2.83,0.9,2.547,16.36,Normal Operation,Normal
2026-05-01 13:13:16,2.77,0.97,2.687,16.76,Normal Operation,Normal
2026-05-01 13:13:17,2.77,0.94,2.604,13.32,Normal Operation,Normal
2026-05-01 13:13:17,2.82,1.0,2.82,14.44,Normal Operation,Normal
2026-05-01 13:13:18,2.33,0.96,2.237,16.78,CRITICAL: Voltage Tamper Detected! Voltage: 2.33 V,Voltage Tamper
2026-05-01 13:13:18,2.34,0.94,2.2,16.1,CRITICAL: Voltage Tamper Detected! Voltage: 2.34 V,Voltage Tamper
2026-05-01 13:13:19,2.77,0.95,2.631,14.51,Normal Operation,Normal
2026-05-01 13:13:20,2.79,0.96,2.678,13.56,Normal Operation,Normal
2026-05-01 13:13:20,2.8,0.97,2.716,15.62,Normal Operation,Normal
2026-05-01 13:13:21,2.83,1.0,2.83,16.69,Normal Operation,Normal
2026-05-01 13:13:21,2.8,0.9,2.52,13.46,Normal Operation,Normal
2026-05-01 13:13:22,2.78,0.94,2.613,15.97,Normal Operation,Normal
2026-05-01 13:13:23,2.8,0.91,2.548,13.93,Normal Operation,Normal
2026-05-01 13:13:23,2.78,0.93,2.585,14.86,Normal Operation,Normal
2026-05-01 13:13:24,2.77,0.96,2.659,15.1,Normal Operation,Normal
2026-05-01 13:13:24,2.76,0.97,2.677,14.46,Normal Operation,Normal
2026-05-01 13:13:25,2.81,0.98,2.754,16.69,Normal Operation,Normal
2026-05-01 13:13:26,2.77,0.98,2.715,14.74,Normal Operation,Normal
2026-05-01 13:13:26,2.75,0.92,2.53,13.83,Normal Operation,Normal
2026-05-01 13:13:27,2.77,0.9,2.493,16.06,Normal Operation,Normal
2026-05-01 13:13:27,2.8,0.97,2.716,13.43,Normal Operation,Normal
2026-05-01 13:13:28,2.76,0.97,2.677,13.89,Normal Operation,Normal
2026-05-01 13:13:28,2.15,0.92,1.978,13.95,CRITICAL: Voltage Tamper Detected! Voltage: 2.15 V,Voltage Tamper
2026-05-01 13:13:29,2.84,0.98,2.783,16.39,Normal Operation,Normal
2026-05-01 13:13:30,2.81,0.98,2.754,13.71,Normal Operation,Normal
2026-05-01 13:13:30,2.02,0.98,1.98,13.13,CRITICAL: Voltage Tamper Detected! Voltage: 2.02 V,Voltage Tamper
2026-05-01 13:13:31,2.76,0.0,0.0,16.95,WARNING: Zero Current Detected (Bypass)!,Bypass Detected
2026-05-01 13:13:31,2.78,0.95,2.641,15.33,Normal Operation,Normal
2026-05-01 13:13:32,2.75,0.91,2.502,16.85,Normal Operation,Normal
2026-05-01 13:13:32,2.81,0.99,2.782,14.97,Normal Operation,Normal
2026-05-01 13:13:33,2.84,0.9,2.556,14.35,Normal Operation,Normal
2026-05-01 13:13:34,2.83,0.91,2.575,16.45,Normal Operation,Normal
2026-05-01 13:13:34,2.78,0.96,2.669,15.19,Normal Operation,Normal
2026-05-01 13:13:35,2.79,0.92,2.567,14.18,Normal Operation,Normal
2026-05-01 13:13:35,2.84,0.97,2.755,15.14,Normal Operation,Normal
2026-05-01 13:13:36,2.84,0.94,2.67,14.86,Normal Operation,Normal
2026-05-01 13:13:37,2.83,0.91,2.575,14.57,Normal Operation,Normal
2026-05-01 13:13:37,2.79,0.91,2.539,15.07,Normal Operation,Normal
2026-05-01 13:13:38,2.82,0.91,2.566,14.74,Normal Operation,Normal
2026-05-01 13:13:38,2.75,0.97,2.667,13.81,Normal Operation,Normal
2026-05-01 13:13:39,2.13,0.92,1.96,13.97,CRITICAL: Voltage Tamper Detected! Voltage: 2.13 V,Voltage Tamper
2026-05-01 13:13:39,2.76,0.97,2.677,16.99,Normal Operation,Normal
2026-05-01 13:13:40,2.8,0.93,2.604,13.9,Normal Operation,Normal
2026-05-01 13:13:41,2.84,1.0,2.84,16.96,Normal Operation,Normal
2026-05-01 13:13:41,1.88,0.91,1.711,13.37,CRITICAL: Voltage Tamper Detected! Voltage: 1.88 V,Voltage Tamper
2026-05-01 13:13:42,2.75,0.91,2.502,13.83,Normal Operation,Normal
2026-05-01 13:13:42,1.84,0.92,1.693,16.12,CRITICAL: Voltage Tamper Detected! Voltage: 1.84 V,Voltage Tamper
2026-05-01 13:13:43,2.75,0.92,2.53,14.04,Normal Operation,Normal
2026-05-01 13:13:43,1.84,0.92,1.693,15.05,CRITICAL: Voltage Tamper Detected! Voltage: 1.84 V,Voltage Tamper
2026-05-01 13:13:44,2.82,0.96,2.707,13.59,Normal Operation,Normal
2026-05-01 13:13:45,2.78,1.0,2.78,85.19,WARNING: Magnetic Interference Detected! Field: 85.19 G,Magnetic Tamper
2026-05-01 13:13:45,2.81,0.0,0.0,16.89,WARNING: Zero Current Detected (Bypass)!,Bypass Detected
2026-05-01 13:13:46,2.77,0.9,2.493,74.24,WARNING: Magnetic Interference Detected! Field: 74.24 G,Magnetic Tamper
2026-05-01 13:13:46,2.84,0.0,0.0,16.68,WARNING: Zero Current Detected (Bypass)!,Bypass Detected
2026-05-01 13:13:47,2.81,0.94,2.641,16.35,Normal Operation,Normal
2026-05-01 13:13:47,2.78,0.93,2.585,14.42,Normal Operation,Normal
2026-05-01 13:13:48,2.77,0.91,2.521,79.04,WARNING: Magnetic Interference Detected! Field: 79.04 G,Magnetic Tamper
2026-05-01 13:13:49,2.31,1.0,2.31,15.72,CRITICAL: Voltage Tamper Detected! Voltage: 2.31 V,Voltage Tamper
2026-05-01 13:13:49,2.78,0.98,2.724,98.94,WARNING: Magnetic Interference Detected! Field: 98.94 G,Magnetic Tamper
2026-05-01 13:13:50,2.81,0.98,2.754,16.59,Normal Operation,Normal
2026-05-01 13:13:50,2.81,0.0,0.0,16.21,WARNING: Zero Current Detected (Bypass)!,Bypass Detected
2026-05-01 13:13:51,2.76,0.91,2.512,81.94,WARNING: Magnetic Interference Detected! Field: 81.94 G,Magnetic Tamper
2026-05-01 13:13:52,2.85,0.97,2.764,16.56,Normal Operation,Normal
2026-05-01 13:13:52,2.81,0.0,0.0,13.78,WARNING: Zero Current Detected (Bypass)!,Bypass Detected
2026-05-01 13:13:53,2.81,0.98,2.754,15.72,Normal Operation,Normal
2026-05-01 13:13:54,2.84,0.96,2.726,13.23,Normal Operation,Normal
2026-05-01 13:13:54,2.8,0.9,2.52,15.17,Normal Operation,Normal
2026-05-01 13:13:55,2.83,0.92,2.604,16.93,Normal Operation,Normal
2026-05-01 13:13:55,2.77,0.92,2.548,13.79,Normal Operation,Normal
2026-05-01 13:13:56,2.8,0.98,2.744,13.91,Normal Operation,Normal
2026-05-01 13:13:57,2.79,0.93,2.595,14.73,Normal Operation,Normal
2026-05-01 13:13:57,2.76,0.92,2.539,14.91,Normal Operation,Normal
2026-05-03 16:28:19,2.81,0.92,2.585,13.61,Normal Operation,Normal
2026-05-03 16:28:19,2.83,0.0,0.0,15.54,WARNING: Zero Current Detected (Bypass)!,Bypass Detected
2026-05-03 16:28:20,2.76,0.92,2.539,16.02,Normal Operation,Normal
2026-05-03 16:28:20,2.78,0.99,2.752,16.76,Normal Operation,Normal
2026-05-03 16:28:21,2.83,0.94,2.66,61.55,WARNING: Magnetic Interference Detected! Field: 61.55 G,Magnetic Tamper
2026-05-03 16:28:21,2.13,0.96,2.045,16.77,CRITICAL: Voltage Tamper Detected! Voltage: 2.13 V,Voltage Tamper
2026-05-03 16:28:22,2.81,0.94,2.641,15.86,Normal Operation,Normal
2026-05-03 16:28:22,2.8,0.98,2.744,13.22,Normal Operation,Normal
2026-05-03 16:28:23,2.76,0.97,2.677,15.62,Normal Operation,Normal
2026-05-03 16:28:23,2.77,0.91,2.521,16.73,Normal Operation,Normal
2026-05-03 16:28:24,2.81,0.98,2.754,13.48,Normal Operation,Normal
2026-05-03 16:28:24,2.81,0.94,2.641,14.42,Normal Operation,Normal
2026-05-03 16:28:25,2.79,0.98,2.734,13.19,Normal Operation,Normal
2026-05-03 16:28:25,2.83,0.96,2.717,14.71,Normal Operation,Normal
2026-05-03 16:28:26,2.83,0.92,2.604,15.99,Normal Operation,Normal
2026-05-03 16:28:27,2.81,0.96,2.698,16.77,Normal Operation,Normal
2026-05-03 16:28:27,2.82,0.96,2.707,15.59,Normal Operation,Normal
2026-05-03 16:28:28,2.79,0.94,2.623,15.64,Normal Operation,Normal
2026-05-03 16:28:28,2.81,0.99,2.782,16.72,Normal Operation,Normal
2026-05-03 16:28:29,2.85,0.91,2.594,14.87,Normal Operation,Normal
2026-05-03 16:28:29,2.78,0.99,2.752,69.25,WARNING: Magnetic Interference Detected! Field: 69.25 G,Magnetic Tamper
2026-05-03 16:28:30,2.81,0.96,2.698,16.86,Normal Operation,Normal
2026-05-03 16:28:31,2.78,0.95,2.641,15.25,Normal Operation,Normal
2026-05-03 16:28:31,2.76,0.91,2.512,14.31,Normal Operation,Normal
2026-05-03 16:28:32,2.75,1.0,2.75,64.21,WARNING: Magnetic Interference Detected! Field: 64.21 G,Magnetic Tamper
2026-05-03 16:28:32,2.84,0.99,2.812,15.92,Normal Operation,Normal
2026-05-03 16:28:33,2.8,0.98,2.744,15.94,Normal Operation,Normal
2026-05-03 16:28:33,2.77,0.93,2.576,15.29,Normal Operation,Normal
2026-05-03 16:28:34,2.84,0.97,2.755,14.46,Normal Operation,Normal
2026-05-03 16:28:34,2.82,0.95,2.679,15.79,Normal Operation,Normal
2026-05-03 16:28:35,2.81,0.93,2.613,14.42,Normal Operation,Normal
2026-05-03 16:28:36,2.79,0.97,2.706,15.33,Normal Operation,Normal
2026-05-03 16:28:36,2.8,0.92,2.576,14.49,Normal Operation,Normal
2026-05-03 16:28:37,2.77,0.93,2.576,16.09,Normal Operation,Normal
2026-05-03 16:28:37,2.82,0.94,2.651,93.1,WARNING: Magnetic Interference Detected! Field: 93.10 G,Magnetic Tamper
2026-05-03 16:28:38,2.82,0.91,2.566,16.2,Normal Operation,Normal
2026-05-03 16:28:38,2.76,0.97,2.677,13.99,Normal Operation,Normal
2026-05-03 16:28:39,2.76,0.96,2.65,16.31,Normal Operation,Normal
2026-05-03 16:28:39,2.81,0.98,2.754,13.27,Normal Operation,Normal
2026-05-03 16:28:40,2.79,0.91,2.539,13.36,Normal Operation,Normal
2026-05-03 16:28:41,2.79,0.98,2.734,16.7,Normal Operation,Normal
2026-05-03 16:28:41,2.77,1.0,2.77,15.85,Normal Operation,Normal
2026-05-03 16:28:42,2.85,0.98,2.793,13.57,Normal Operation,Normal
2026-05-03 16:28:42,2.83,0.94,2.66,85.57,WARNING: Magnetic Interference Detected! Field: 85.57 G,Magnetic Tamper
2026-05-03 16:28:43,2.85,0.99,2.821,14.27,Normal Operation,Normal
2026-05-03 16:28:43,2.84,1.0,2.84,13.94,Normal Operation,Normal
2026-05-03 16:28:44,2.76,0.94,2.594,15.81,Normal Operation,Normal
2026-05-03 16:28:44,2.77,0.92,2.548,14.49,Normal Operation,Normal
2026-05-03 16:28:45,2.76,0.97,2.677,16.61,Normal Operation,Normal
2026-05-03 16:28:46,2.79,0.98,2.734,14.75,Normal Operation,Normal
2026-05-03 16:28:46,2.82,0.91,2.566,15.53,Normal Operation,Normal
2026-05-03 16:28:47,1.81,0.95,1.72,16.92,CRITICAL: Voltage Tamper Detected! Voltage: 1.81 V,Voltage Tamper
2026-05-03 16:28:47,2.82,0.95,2.679,14.27,Normal Operation,Normal
2026-05-03 16:28:48,2.76,0.99,2.732,14.85,Normal Operation,Normal
2026-05-03 16:28:48,2.77,0.97,2.687,16.73,Normal Operation,Normal
2026-05-03 16:28:49,2.8,0.92,2.576,14.8,Normal Operation,Normal
2026-05-03 16:28:49,2.8,0.99,2.772,14.73,Normal Operation,Normal
2026-05-03 16:28:50,2.84,1.0,2.84,83.89,WARNING: Magnetic Interference Detected! Field: 83.89 G,Magnetic Tamper
2026-05-03 16:28:51,2.81,0.98,2.754,13.41,Normal Operation,Normal
2026-05-03 16:28:51,2.83,1.0,2.83,75.13,WARNING: Magnetic Interference Detected! Field: 75.13 G,Magnetic Tamper
2026-05-03 16:28:52,2.76,0.94,2.594,15.97,Normal Operation,Normal
2026-05-03 16:28:52,2.78,0.93,2.585,13.82,Normal Operation,Normal
2026-05-03 16:28:53,2.27,0.98,2.225,16.12,CRITICAL: Voltage Tamper Detected! Voltage: 2.27 V,Voltage Tamper
2026-05-03 16:28:53,2.82,0.95,2.679,15.83,Normal Operation,Normal
2026-05-03 16:28:54,2.76,0.98,2.705,15.53,Normal Operation,Normal
2026-05-03 16:28:54,2.82,0.95,2.679,15.18,Normal Operation,Normal
2026-05-03 16:28:55,2.77,0.92,2.548,16.09,Normal Operation,Normal
2026-05-03 16:28:56,2.82,0.0,0.0,15.57,WARNING: Zero Current Detected (Bypass)!,Bypass Detected
2026-05-03 16:28:56,2.84,0.94,2.67,13.8,Normal Operation,Normal
2026-05-03 16:28:57,2.83,0.98,2.773,15.03,Normal Operation,Normal
2026-05-03 16:28:57,2.81,0.9,2.529,16.14,Normal Operation,Normal
2026-05-03 16:28:58,2.8,0.92,2.576,73.13,WARNING: Magnetic Interference Detected! Field: 73.13 G,Magnetic Tamper
2026-05-03 16:28:58,2.85,0.96,2.736,14.59,Normal Operation,Normal
2026-05-03 16:28:59,2.8,0.93,2.604,16.9,Normal Operation,Normal
2026-05-03 16:28:59,2.8,0.97,2.716,15.47,Normal Operation,Normal
2026-05-03 16:29:00,2.77,0.97,2.687,13.93,Normal Operation,Normal
2026-05-03 16:29:01,2.79,0.94,2.623,14.89,Normal Operation,Normal
2026-05-03 16:29:01,2.84,0.93,2.641,15.07,Normal Operation,Normal
2026-05-03 16:29:02,2.82,1.0,2.82,13.97,Normal Operation,Normal
2026-05-03 16:29:02,2.76,0.98,2.705,13.93,Normal Operation,Normal
2026-05-03 16:29:03,2.84,0.97,2.755,14.02,Normal Operation,Normal
2026-05-03 16:29:03,2.79,0.93,2.595,16.15,Normal Operation,Normal
2026-05-03 16:29:04,2.79,0.94,2.623,15.81,Normal Operation,Normal
2026-05-03 16:29:04,2.79,0.93,2.595,14.61,Normal Operation,Normal
2026-05-03 16:29:05,2.8,0.92,2.576,15.37,Normal Operation,Normal
2026-05-03 16:29:06,2.8,0.9,2.52,13.22,Normal Operation,Normal
2026-05-03 16:29:06,1.96,0.92,1.803,13.86,CRITICAL: Voltage Tamper Detected! Voltage: 1.96 V,Voltage Tamper
2026-05-03 16:29:07,2.83,0.98,2.773,15.56,Normal Operation,Normal
2026-05-03 16:29:07,1.93,0.97,1.872,15.02,CRITICAL: Voltage Tamper Detected! Voltage: 1.93 V,Voltage Tamper
2026-05-03 16:29:08,2.8,0.99,2.772,13.08,Normal Operation,Normal
2026-05-03 16:29:08,2.81,0.0,0.0,15.89,WARNING: Zero Current Detected (Bypass)!,Bypass Detected
2026-05-03 16:29:09,2.0,0.96,1.92,16.16,CRITICAL: Voltage Tamper Detected! Voltage: 2.00 V,Voltage Tamper
2026-05-03 16:29:09,2.79,0.97,2.706,14.06,Normal Operation,Normal
2026-05-03 16:29:10,2.77,0.96,2.659,13.47,Normal Operation,Normal
2026-05-03 16:29:11,2.76,0.95,2.622,15.82,Normal Operation,Normal
2026-05-03 16:29:11,2.85,1.0,2.85,64.73,WARNING: Magnetic Interference Detected! Field: 64.73 G,Magnetic Tamper
2026-05-03 16:29:12,2.77,0.0,0.0,13.4,WARNING: Zero Current Detected (Bypass)!,Bypass Detected
2026-05-03 16:29:12,2.77,0.92,2.548,13.11,Normal Operation,Normal
2026-05-03 16:29:13,2.14,0.91,1.947,15.78,CRITICAL: Voltage Tamper Detected! Voltage: 2.14 V,Voltage Tamper
2026-05-03 16:29:13,2.83,0.0,0.0,16.07,WARNING: Zero Current Detected (Bypass)!,Bypass Detected
2026-05-03 16:29:14,2.84,0.0,0.0,15.55,WARNING: Zero Current Detected (Bypass)!,Bypass Detected
2026-05-03 16:29:14,2.8,0.98,2.744,13.25,Normal Operation,Normal
2026-05-03 16:29:15,2.79,0.97,2.706,16.27,Normal Operation,Normal
2026-05-03 16:29:16,2.77,0.97,2.687,16.83,Normal Operation,Normal
2026-05-03 16:29:16,2.83,0.96,2.717,14.13,Normal Operation,Normal
2026-05-03 16:29:17,2.8,0.96,2.688,13.61,Normal Operation,Normal
2026-05-03 16:29:17,2.77,0.99,2.742,13.1,Normal Operation,Normal
2026-05-03 16:29:18,2.75,1.0,2.75,15.08,Normal Operation,Normal
2026-05-03 16:29:18,2.78,0.98,2.724,13.02,Normal Operation,Normal
2026-05-03 16:29:19,2.79,0.98,2.734,14.69,Normal Operation,Normal
2026-05-03 16:29:19,2.8,0.0,0.0,16.66,WARNING: Zero Current Detected (Bypass)!,Bypass Detected
2026-05-03 16:29:20,2.75,0.97,2.667,15.75,Normal Operation,Normal
2026-05-03 16:29:20,2.8,0.9,2.52,16.65,Normal Operation,Normal
2026-05-03 16:29:21,2.02,0.96,1.939,16.65,CRITICAL: Voltage Tamper Detected! Voltage: 2.02 V,Voltage Tamper
2026-05-03 16:29:22,2.84,0.99,2.812,16.2,Normal Operation,Normal
2026-05-03 16:29:22,2.84,0.9,2.556,13.67,Normal Operation,Normal
2026-05-03 16:29:23,2.81,1.0,2.81,13.13,Normal Operation,Normal
2026-05-03 16:29:23,2.8,0.0,0.0,14.28,WARNING: Zero Current Detected (Bypass)!,Bypass Detected
2026-05-03 16:29:24,2.84,0.91,2.584,13.22,Normal Operation,Normal
2026-05-03 16:29:24,2.78,0.94,2.613,68.32,WARNING: Magnetic Interference Detected! Field: 68.32 G,Magnetic Tamper
2026-05-03 16:29:25,2.83,0.95,2.688,14.02,Normal Operation,Normal
2026-05-03 16:29:25,2.81,0.91,2.557,16.77,Normal Operation,Normal
2026-05-03 16:29:26,2.11,0.98,2.068,14.53,CRITICAL: Voltage Tamper Detected! Voltage: 2.11 V,Voltage Tamper
2026-05-03 16:29:27,2.84,0.95,2.698,15.46,Normal Operation,Normal
2026-05-03 16:29:27,2.76,0.91,2.512,13.73,Normal Operation,Normal
2026-05-03 16:29:28,2.78,0.98,2.724,16.38,Normal Operation,Normal
2026-05-03 16:29:28,2.75,0.98,2.695,15.72,Normal Operation,Normal
2026-05-03 16:29:29,2.81,0.94,2.641,13.08,Normal Operation,Normal
2026-05-03 16:29:29,2.78,0.98,2.724,67.39,WARNING: Magnetic Interference Detected! Field: 67.39 G,Magnetic Tamper
2026-05-03 16:29:30,2.78,0.97,2.697,13.14,Normal Operation,Normal
2026-05-03 16:29:31,2.78,0.96,2.669,16.61,Normal Operation,Normal
2026-05-03 16:29:31,2.84,0.98,2.783,15.14,Normal Operation,Normal
2026-05-03 16:29:32,0.0,0.0,0.0,0.0,WARNING: Zero Current Detected (Bypass)!,Bypass Detected
2026-05-03 16:29:32,0.0,0.0,0.0,0.0,WARNING: Zero Current Detected (Bypass)!,Bypass Detected
2026-05-03 16:29:33,0.0,0.0,0.0,0.0,WARNING: Zero Current Detected (Bypass)!,Bypass Detected
2026-05-03 16:29:33,0.0,0.0,0.0,0.0,WARNING: Zero Current Detected (Bypass)!,Bypass Detected
2026-05-03 16:29:34,0.0,0.0,0.0,0.0,WARNING: Zero Current Detected (Bypass)!,Bypass Detected
2026-05-03 16:29:34,0.0,0.0,0.0,0.0,WARNING: Zero Current Detected (Bypass)!,Bypass Detected
2026-05-03 16:29:35,0.0,0.0,0.0,0.0,WARNING: Zero Current Detected (Bypass)!,Bypass Detected
2026-05-03 16:29:36,0.0,0.0,0.0,0.0,WARNING: Zero Current Detected (Bypass)!,Bypass Detected
2026-05-03 16:29:36,0.0,0.0,0.0,0.0,WARNING: Zero Current Detected (Bypass)!,Bypass Detected
2026-05-03 16:29:37,0.0,0.0,0.0,0.0,WARNING: Zero Current Detected (Bypass)!,Bypass Detected
2026-05-03 16:29:37,0.0,0.0,0.0,0.0,WARNING: Zero Current Detected (Bypass)!,Bypass Detected
2026-05-03 16:29:38,0.0,0.0,0.0,0.0,WARNING: Zero Current Detected (Bypass)!,Bypass Detected
2026-05-03 16:29:38,0.0,0.0,0.0,0.0,WARNING: Zero Current Detected (Bypass)!,Bypass Detected
2026-05-03 16:29:39,0.0,0.0,0.0,0.0,WARNING: Zero Current Detected (Bypass)!,Bypass Detected
2026-05-03 16:29:40,0.0,0.0,0.0,0.0,WARNING: Zero Current Detected (Bypass)!,Bypass Detected
2026-05-03 16:29:40,0.0,0.0,0.0,0.0,WARNING: Zero Current Detected (Bypass)!,Bypass Detected
2026-05-03 16:29:41,0.0,0.0,0.0,0.0,WARNING: Zero Current Detected (Bypass)!,Bypass Detected
2026-05-03 16:29:41,0.0,0.0,0.0,0.0,WARNING: Zero Current Detected (Bypass)!,Bypass Detected
2026-05-03 16:29:42,0.0,0.0,0.0,0.0,WARNING: Zero Current Detected (Bypass)!,Bypass Detected
2026-05-03 16:29:42,0.0,0.0,0.0,0.0,WARNING: Zero Current Detected (Bypass)!,Bypass Detected
2026-05-03 16:29:43,0.0,0.0,0.0,0.0,WARNING: Zero Current Detected (Bypass)!,Bypass Detected
2026-05-03 16:29:43,0.0,0.0,0.0,0.0,WARNING: Zero Current Detected (Bypass)!,Bypass Detected
2026-05-03 16:29:44,0.0,0.0,0.0,0.0,WARNING: Zero Current Detected (Bypass)!,Bypass Detected
2026-05-03 16:29:45,0.0,0.0,0.0,0.0,WARNING: Zero Current Detected (Bypass)!,Bypass Detected
2026-05-03 16:29:45,0.0,0.0,0.0,0.0,WARNING: Zero Current Detected (Bypass)!,Bypass Detected
2026-05-03 16:29:46,0.0,0.0,0.0,0.0,WARNING: Zero Current Detected (Bypass)!,Bypass Detected
2026-05-03 16:29:46,0.0,0.0,0.0,0.0,WARNING: Zero Current Detected (Bypass)!,Bypass Detected
2026-05-03 16:29:47,0.0,0.0,0.0,0.0,WARNING: Zero Current Detected (Bypass)!,Bypass Detected
2026-05-03 16:29:47,0.0,0.0,0.0,0.0,WARNING: Zero Current Detected (Bypass)!,Bypass Detected
2026-05-03 16:29:48,0.0,0.0,0.0,0.0,WARNING: Zero Current Detected (Bypass)!,Bypass Detected
2026-05-03 16:29:48,0.0,0.0,0.0,0.0,WARNING: Zero Current Detected (Bypass)!,Bypass Detected
2026-05-03 16:29:49,0.0,0.0,0.0,0.0,WARNING: Zero Current Detected (Bypass)!,Bypass Detected
2026-05-03 16:29:50,0.0,0.0,0.0,0.0,WARNING: Zero Current Detected (Bypass)!,Bypass Detected
2026-05-03 16:29:50,0.0,0.0,0.0,0.0,WARNING: Zero Current Detected (Bypass)!,Bypass Detected
2026-05-03 16:29:51,0.0,0.0,0.0,0.0,WARNING: Zero Current Detected (Bypass)!,Bypass Detected
2026-05-03 16:29:51,0.0,0.0,0.0,0.0,WARNING: Zero Current Detected (Bypass)!,Bypass Detected
2026-05-03 16:29:52,0.0,0.0,0.0,0.0,WARNING: Zero Current Detected (Bypass)!,Bypass Detected
2026-05-03 16:29:52,2.24,0.96,2.15,15.09,CRITICAL: Voltage Tamper Detected! Voltage: 2.24 V,Voltage Tamper
2026-05-03 16:29:53,2.79,0.93,2.595,15.69,Normal Operation,Normal
2026-05-03 16:29:54,2.78,0.95,2.641,14.77,Normal Operation,Normal
2026-05-03 16:29:54,2.82,0.95,2.679,16.02,Normal Operation,Normal
2026-05-03 16:29:55,2.75,0.0,0.0,14.88,WARNING: Zero Current Detected (Bypass)!,Bypass Detected
2026-05-03 16:29:55,2.17,0.96,2.083,14.58,CRITICAL: Voltage Tamper Detected! Voltage: 2.17 V,Voltage Tamper
2026-05-03 16:29:56,2.81,0.95,2.669,13.55,Normal Operation,Normal
2026-05-03 16:29:56,2.77,0.95,2.631,14.63,Normal Operation,Normal
2026-05-03 16:29:57,2.76,0.96,2.65,15.76,Normal Operation,Normal
2026-05-03 16:29:58,2.75,0.9,2.475,13.17,Normal Operation,Normal
2026-05-03 16:29:58,1.96,0.98,1.921,13.54,CRITICAL: Voltage Tamper Detected! Voltage: 1.96 V,Voltage Tamper
2026-05-03 16:29:59,2.82,0.97,2.735,14.99,Normal Operation,Normal
2026-05-03 16:29:59,2.8,0.98,2.744,65.86,WARNING: Magnetic Interference Detected! Field: 65.86 G,Magnetic Tamper
2026-05-03 16:30:00,2.84,0.98,2.783,15.55,Normal Operation,Normal
2026-05-03 16:30:00,2.82,0.95,2.679,15.18,Normal Operation,Normal
2026-05-03 16:30:01,2.81,0.93,2.613,15.01,Normal Operation,Normal
2026-05-03 16:30:01,2.78,0.93,2.585,14.88,Normal Operation,Normal
2026-05-03 16:30:02,2.82,0.96,2.707,15.81,Normal Operation,Normal
2026-05-03 16:30:03,2.85,0.99,2.821,15.21,Normal Operation,Normal
2026-05-03 16:30:03,2.82,0.92,2.594,13.83,Normal Operation,Normal
2026-05-03 16:30:04,2.78,0.0,0.0,14.52,WARNING: Zero Current Detected (Bypass)!,Bypass Detected
2026-05-03 16:30:04,2.79,0.98,2.734,13.13,Normal Operation,Normal
2026-05-03 16:30:05,2.83,0.97,2.745,15.22,Normal Operation,Normal
2026-05-03 16:30:05,2.76,0.98,2.705,63.62,WARNING: Magnetic Interference Detected! Field: 63.62 G,Magnetic Tamper
2026-05-03 16:30:06,2.84,0.0,0.0,14.15,WARNING: Zero Current Detected (Bypass)!,Bypass Detected
2026-05-03 16:30:06,2.85,0.93,2.651,14.7,Normal Operation,Normal
2026-05-03 16:30:07,2.76,0.94,2.594,16.27,Normal Operation,Normal
2026-05-03 16:30:08,2.8,0.96,2.688,16.88,Normal Operation,Normal
2026-05-03 16:30:08,2.78,0.97,2.697,13.97,Normal Operation,Normal
2026-05-03 16:30:09,2.76,1.0,2.76,14.19,Normal Operation,Normal
2026-05-03 16:30:09,2.79,0.9,2.511,14.75,Normal Operation,Normal
2026-05-03 16:30:10,2.76,0.94,2.594,99.6,WARNING: Magnetic Interference Detected! Field: 99.60 G,Magnetic Tamper
2026-05-03 16:30:10,2.83,0.97,2.745,15.36,Normal Operation,Normal
2026-05-03 16:30:11,2.81,0.92,2.585,15.26,Normal Operation,Normal
2026-05-04 00:03:36,2.77,0.94,2.604,13.54,Normal Operation,Normal
2026-05-04 00:03:36,2.8,0.97,2.716,13.71,Normal Operation,Normal
2026-05-04 00:03:37,1.9,0.91,1.729,13.34,CRITICAL: Voltage Tamper Detected! Voltage: 1.90 V,Voltage Tamper
2026-05-04 00:03:37,2.8,0.92,2.576,16.83,Normal Operation,Normal
2026-05-04 00:03:38,2.82,0.96,2.707,78.78,WARNING: Magnetic Interference Detected! Field: 78.78 G,Magnetic Tamper
2026-05-04 00:03:38,2.75,1.0,2.75,16.13,Normal Operation,Normal
2026-05-04 00:03:39,2.79,0.91,2.539,14.65,Normal Operation,Normal
2026-05-04 00:03:39,2.84,0.99,2.812,13.53,Normal Operation,Normal
2026-05-04 00:03:40,2.36,0.91,2.148,16.58,CRITICAL: Voltage Tamper Detected! Voltage: 2.36 V,Voltage Tamper
2026-05-04 00:03:40,2.75,0.94,2.585,61.77,WARNING: Magnetic Interference Detected! Field: 61.77 G,Magnetic Tamper
2026-05-04 00:03:41,2.83,0.9,2.547,16.07,Normal Operation,Normal
2026-05-04 00:03:41,1.87,0.94,1.758,15.06,CRITICAL: Voltage Tamper Detected! Voltage: 1.87 V,Voltage Tamper
2026-05-04 00:03:42,2.83,0.99,2.802,69.34,WARNING: Magnetic Interference Detected! Field: 69.34 G,Magnetic Tamper
2026-05-04 00:03:42,2.85,0.0,0.0,16.87,WARNING: Zero Current Detected (Bypass)!,Bypass Detected
2026-05-04 00:03:43,2.82,0.92,2.594,16.96,Normal Operation,Normal
2026-05-04 00:03:44,2.75,0.92,2.53,14.39,Normal Operation,Normal
2026-05-04 00:03:44,2.8,0.97,2.716,64.98,WARNING: Magnetic Interference Detected! Field: 64.98 G,Magnetic Tamper
2026-05-04 00:03:45,2.84,0.97,2.755,16.46,Normal Operation,Normal
2026-05-04 00:03:45,1.91,0.9,1.719,13.32,CRITICAL: Voltage Tamper Detected! Voltage: 1.91 V,Voltage Tamper
2026-05-04 00:03:46,2.78,0.94,2.613,14.2,Normal Operation,Normal
2026-05-04 00:03:46,2.76,0.94,2.594,16.24,Normal Operation,Normal
2026-05-04 00:03:47,2.77,0.0,0.0,16.72,WARNING: Zero Current Detected (Bypass)!,Bypass Detected
2026-05-04 00:03:47,2.78,0.98,2.724,94.9,WARNING: Magnetic Interference Detected! Field: 94.90 G,Magnetic Tamper
2026-05-04 00:03:49,2.8,0.91,2.548,14.92,Normal Operation,Normal
2026-05-04 00:03:49,2.78,0.93,2.585,16.18,Normal Operation,Normal
2026-05-04 00:03:50,2.79,0.97,2.706,16.94,Normal Operation,Normal
2026-05-04 00:03:50,2.84,0.93,2.641,16.37,Normal Operation,Normal
2026-05-04 00:03:51,2.85,0.95,2.708,16.97,Normal Operation,Normal
2026-05-04 00:03:51,2.82,0.96,2.707,15.16,Normal Operation,Normal
2026-05-04 00:03:52,2.77,0.94,2.604,14.32,Normal Operation,Normal
2026-05-04 00:03:52,2.83,0.98,2.773,15.27,Normal Operation,Normal
2026-05-04 00:03:53,2.84,0.92,2.613,13.72,Normal Operation,Normal
2026-05-04 00:03:53,2.77,0.93,2.576,16.64,Normal Operation,Normal
2026-05-04 00:03:54,2.81,0.94,2.641,13.86,Normal Operation,Normal
2026-05-04 00:03:55,2.82,0.91,2.566,16.11,Normal Operation,Normal
2026-05-04 00:03:55,2.3,0.98,2.254,15.32,CRITICAL: Voltage Tamper Detected! Voltage: 2.30 V,Voltage Tamper
2026-05-04 00:03:56,2.83,0.91,2.575,13.4,Normal Operation,Normal
2026-05-04 00:03:56,2.83,0.92,2.604,16.25,Normal Operation,Normal
2026-05-04 00:03:57,2.8,0.98,2.744,14.14,Normal Operation,Normal
2026-05-04 00:03:57,2.84,0.93,2.641,85.41,WARNING: Magnetic Interference Detected! Field: 85.41 G,Magnetic Tamper
2026-05-04 00:03:58,2.83,0.99,2.802,77.94,WARNING: Magnetic Interference Detected! Field: 77.94 G,Magnetic Tamper
2026-05-04 00:03:58,2.84,0.0,0.0,16.63,WARNING: Zero Current Detected (Bypass)!,Bypass Detected
2026-05-04 00:03:59,2.79,0.92,2.567,15.0,Normal Operation,Normal
2026-05-04 00:04:00,2.79,0.99,2.762,13.67,Normal Operation,Normal
2026-05-04 00:04:00,2.83,0.0,0.0,13.61,WARNING: Zero Current Detected (Bypass)!,Bypass Detected
2026-05-04 00:04:01,2.84,0.91,2.584,15.91,Normal Operation,Normal
2026-05-04 00:04:01,2.83,0.91,2.575,15.08,Normal Operation,Normal
2026-05-04 00:04:02,2.77,0.96,2.659,72.52,WARNING: Magnetic Interference Detected! Field: 72.52 G,Magnetic Tamper
2026-05-04 00:04:02,2.36,0.92,2.171,14.24,CRITICAL: Voltage Tamper Detected! Voltage: 2.36 V,Voltage Tamper
2026-05-04 00:04:03,2.78,0.0,0.0,14.08,WARNING: Zero Current Detected (Bypass)!,Bypass Detected
2026-05-04 00:04:03,2.83,0.98,2.773,13.81,Normal Operation,Normal
2026-05-04 00:04:04,2.8,0.94,2.632,15.34,Normal Operation,Normal
2026-05-04 00:04:05,2.8,0.92,2.576,13.67,Normal Operation,Normal
2026-05-04 00:04:05,2.84,0.93,2.641,14.58,Normal Operation,Normal
2026-05-04 00:04:06,2.8,0.95,2.66,14.42,Normal Operation,Normal
2026-05-04 00:04:06,2.78,0.98,2.724,13.11,Normal Operation,Normal
2026-05-04 00:04:07,2.77,0.95,2.631,16.97,Normal Operation,Normal
2026-05-04 00:04:07,2.8,0.91,2.548,81.35,WARNING: Magnetic Interference Detected! Field: 81.35 G,Magnetic Tamper
2026-05-04 00:04:08,2.77,0.99,2.742,14.01,Normal Operation,Normal
2026-05-04 00:04:09,2.83,0.95,2.688,16.46,Normal Operation,Normal
2026-05-04 00:04:09,2.25,0.91,2.047,13.44,CRITICAL: Voltage Tamper Detected! Voltage: 2.25 V,Voltage Tamper
2026-05-04 00:04:10,2.76,0.96,2.65,16.91,Normal Operation,Normal
2026-05-04 00:04:10,2.84,0.91,2.584,15.72,Normal Operation,Normal
2026-05-04 00:04:11,2.84,0.0,0.0,13.42,WARNING: Zero Current Detected (Bypass)!,Bypass Detected
2026-05-04 00:04:11,2.79,0.96,2.678,14.18,Normal Operation,Normal
2026-05-04 00:04:12,2.81,0.97,2.726,14.88,Normal Operation,Normal
2026-05-04 00:04:12,2.84,0.92,2.613,16.6,Normal Operation,Normal
2026-05-04 00:04:13,2.75,0.97,2.667,14.28,Normal Operation,Normal
2026-05-04 00:04:14,2.77,0.98,2.715,15.95,Normal Operation,Normal
2026-05-04 00:04:14,2.16,0.99,2.138,16.58,CRITICAL: Voltage Tamper Detected! Voltage: 2.16 V,Voltage Tamper
2026-05-04 00:04:15,2.82,0.98,2.764,13.58,Normal Operation,Normal
2026-05-04 00:04:15,2.82,0.91,2.566,16.96,Normal Operation,Normal
2026-05-04 00:04:16,2.77,0.97,2.687,15.32,Normal Operation,Normal
2026-05-04 00:04:16,2.8,0.96,2.688,14.15,Normal Operation,Normal
2026-05-04 00:04:17,2.83,0.93,2.632,14.23,Normal Operation,Normal
2026-05-04 00:04:18,2.76,0.96,2.65,16.87,Normal Operation,Normal
2026-05-04 00:04:18,2.39,0.96,2.294,14.68,CRITICAL: Voltage Tamper Detected! Voltage: 2.39 V,Voltage Tamper
2026-05-04 00:04:19,2.82,0.96,2.707,15.32,Normal Operation,Normal
2026-05-04 00:04:19,2.34,0.95,2.223,15.27,CRITICAL: Voltage Tamper Detected! Voltage: 2.34 V,Voltage Tamper
2026-05-04 00:04:20,2.84,1.0,2.84,14.17,Normal Operation,Normal
2026-05-04 00:04:20,2.83,0.99,2.802,16.19,Normal Operation,Normal
2026-05-04 00:04:21,2.82,0.95,2.679,14.39,Normal Operation,Normal
2026-05-04 00:04:22,2.76,0.92,2.539,13.19,Normal Operation,Normal
2026-05-04 00:04:22,2.81,0.95,2.669,14.07,Normal Operation,Normal
2026-05-04 00:04:23,2.83,0.97,2.745,16.79,Normal Operation,Normal
2026-05-04 00:04:23,2.81,0.97,2.726,14.0,Normal Operation,Normal
2026-05-04 00:04:24,2.79,0.91,2.539,14.02,Normal Operation,Normal
2026-05-04 00:04:24,2.82,0.93,2.623,14.81,Normal Operation,Normal
2026-05-04 00:04:25,2.82,0.0,0.0,15.82,WARNING: Zero Current Detected (Bypass)!,Bypass Detected
2026-05-04 00:04:25,2.82,0.98,2.764,90.63,WARNING: Magnetic Interference Detected! Field: 90.63 G,Magnetic Tamper
2026-05-04 00:04:26,2.83,0.91,2.575,15.51,Normal Operation,Normal
2026-05-04 00:04:27,2.8,0.0,0.0,15.99,WARNING: Zero Current Detected (Bypass)!,Bypass Detected
2026-05-04 00:04:27,2.28,0.9,2.052,14.18,CRITICAL: Voltage Tamper Detected! Voltage: 2.28 V,Voltage Tamper
2026-05-04 00:04:28,2.78,0.92,2.558,15.28,Normal Operation,Normal
2026-05-04 00:04:28,2.84,0.93,2.641,16.79,Normal Operation,Normal
2026-05-04 00:04:29,2.8,1.0,2.8,15.64,Normal Operation,Normal
2026-05-04 00:04:29,2.76,0.91,2.512,16.91,Normal Operation,Normal
2026-05-04 00:04:30,2.81,0.0,0.0,16.48,WARNING: Zero Current Detected (Bypass)!,Bypass Detected
2026-05-04 00:04:31,2.76,0.91,2.512,15.51,Normal Operation,Normal
2026-05-04 00:04:31,1.96,0.91,1.784,14.0,CRITICAL: Voltage Tamper Detected! Voltage: 1.96 V,Voltage Tamper
2026-05-04 00:04:32,2.77,0.97,2.687,14.15,Normal Operation,Normal
2026-05-04 00:04:32,2.81,0.97,2.726,79.8,WARNING: Magnetic Interference Detected! Field: 79.80 G,Magnetic Tamper
2026-05-04 00:04:33,2.79,0.99,2.762,16.29,Normal Operation,Normal
2026-05-04 00:04:33,2.79,0.99,2.762,94.84,WARNING: Magnetic Interference Detected! Field: 94.84 G,Magnetic Tamper
2026-05-04 00:04:34,2.79,0.93,2.595,14.61,Normal Operation,Normal
2026-05-04 00:04:34,2.75,0.91,2.502,16.84,Normal Operation,Normal
2026-05-04 00:04:35,2.84,0.0,0.0,13.51,WARNING: Zero Current Detected (Bypass)!,Bypass Detected
2026-05-04 00:04:36,2.85,0.95,2.708,13.91,Normal Operation,Normal
2026-05-04 00:04:36,2.26,0.94,2.124,16.23,CRITICAL: Voltage Tamper Detected! Voltage: 2.26 V,Voltage Tamper
2026-05-04 00:04:37,2.82,0.0,0.0,16.13,WARNING: Zero Current Detected (Bypass)!,Bypass Detected
2026-05-04 00:04:37,2.78,0.97,2.697,15.57,Normal Operation,Normal
2026-05-04 00:04:38,2.78,0.92,2.558,16.49,Normal Operation,Normal
2026-05-04 00:04:38,2.79,0.0,0.0,13.92,WARNING: Zero Current Detected (Bypass)!,Bypass Detected
2026-05-04 00:04:39,2.85,0.0,0.0,13.4,WARNING: Zero Current Detected (Bypass)!,Bypass Detected
2026-05-04 00:04:40,2.77,1.0,2.77,14.04,Normal Operation,Normal
2026-05-04 00:04:40,2.76,0.98,2.705,15.49,Normal Operation,Normal
2026-05-04 00:04:41,2.17,0.97,2.105,15.91,CRITICAL: Voltage Tamper Detected! Voltage: 2.17 V,Voltage Tamper
2026-05-04 00:04:41,2.83,0.98,2.773,16.6,Normal Operation,Normal
2026-05-04 00:04:42,2.8,0.97,2.716,16.4,Normal Operation,Normal
2026-05-04 00:04:42,2.8,0.98,2.744,14.82,Normal Operation,Normal
2026-05-04 00:04:43,2.38,0.97,2.309,14.87,CRITICAL: Voltage Tamper Detected! Voltage: 2.38 V,Voltage Tamper
2026-05-04 00:04:43,2.8,0.9,2.52,16.24,Normal Operation,Normal
2026-05-04 00:04:44,2.81,0.0,0.0,16.24,WARNING: Zero Current Detected (Bypass)!,Bypass Detected
2026-05-04 00:04:45,2.82,0.97,2.735,67.14,WARNING: Magnetic Interference Detected! Field: 67.14 G,Magnetic Tamper
2026-05-04 00:04:45,2.81,0.97,2.726,16.02,Normal Operation,Normal
2026-05-04 00:04:46,2.77,0.93,2.576,15.9,Normal Operation,Normal
2026-05-04 00:04:46,2.81,1.0,2.81,14.64,Normal Operation,Normal
2026-05-04 00:04:47,2.77,0.97,2.687,14.8,Normal Operation,Normal
2026-05-04 00:04:47,2.81,0.91,2.557,14.68,Normal Operation,Normal
2026-05-04 00:04:48,2.76,0.97,2.677,13.3,Normal Operation,Normal
2026-05-04 00:04:48,2.77,0.0,0.0,16.25,WARNING: Zero Current Detected (Bypass)!,Bypass Detected
2026-05-04 00:04:49,2.78,0.91,2.53,13.06,Normal Operation,Normal
2026-05-04 00:04:50,2.76,0.96,2.65,92.6,WARNING: Magnetic Interference Detected! Field: 92.60 G,Magnetic Tamper
2026-05-04 00:04:50,2.37,0.97,2.299,14.88,CRITICAL: Voltage Tamper Detected! Voltage: 2.37 V,Voltage Tamper
2026-05-04 00:04:51,2.78,0.91,2.53,14.43,Normal Operation,Normal
2026-05-04 00:04:51,2.84,0.9,2.556,15.79,Normal Operation,Normal
2026-05-04 00:04:52,2.85,0.0,0.0,15.55,WARNING: Zero Current Detected (Bypass)!,Bypass Detected
2026-05-04 00:04:52,2.79,0.96,2.678,13.86,Normal Operation,Normal
2026-05-04 00:04:53,2.79,0.0,0.0,15.3,WARNING: Zero Current Detected (Bypass)!,Bypass Detected
2026-05-04 00:04:54,2.79,0.96,2.678,16.07,Normal Operation,Normal
2026-05-04 00:04:54,2.77,0.0,0.0,16.86,WARNING: Zero Current Detected (Bypass)!,Bypass Detected
2026-05-04 00:04:55,2.8,0.95,2.66,13.7,Normal Operation,Normal
2026-05-04 00:04:55,2.24,0.93,2.083,14.32,CRITICAL: Voltage Tamper Detected! Voltage: 2.24 V,Voltage Tamper
2026-05-04 00:04:56,2.76,0.95,2.622,15.82,Normal Operation,Normal
2026-05-04 00:04:56,2.82,0.93,2.623,13.05,Normal Operation,Normal
2026-05-04 00:04:57,2.82,0.98,2.764,94.68,WARNING: Magnetic Interference Detected! Field: 94.68 G,Magnetic Tamper
2026-05-04 00:04:58,2.78,0.92,2.558,13.65,Normal Operation,Normal
2026-05-04 00:04:58,2.81,0.99,2.782,16.63,Normal Operation,Normal
2026-05-04 00:04:59,2.79,0.95,2.651,16.99,Normal Operation,Normal
2026-05-04 00:04:59,2.1,1.0,2.1,16.92,CRITICAL: Voltage Tamper Detected! Voltage: 2.10 V,Voltage Tamper
2026-05-04 00:05:00,2.79,0.96,2.678,14.1,Normal Operation,Normal
2026-05-04 00:05:00,2.79,0.95,2.651,13.25,Normal Operation,Normal
2026-05-04 00:05:01,2.81,0.93,2.613,13.12,Normal Operation,Normal
2026-05-04 00:05:01,2.82,0.0,0.0,16.96,WARNING: Zero Current Detected (Bypass)!,Bypass Detected
2026-05-04 00:05:02,2.82,0.93,2.623,65.86,WARNING: Magnetic Interference Detected! Field: 65.86 G,Magnetic Tamper
2026-05-04 00:05:03,2.8,0.96,2.688,13.92,Normal Operation,Normal
2026-05-04 00:05:03,2.79,0.99,2.762,16.06,Normal Operation,Normal
2026-05-04 00:05:04,1.89,0.94,1.777,13.05,CRITICAL: Voltage Tamper Detected! Voltage: 1.89 V,Voltage Tamper
2026-05-04 00:05:04,2.82,0.98,2.764,15.84,Normal Operation,Normal
2026-05-04 00:05:05,2.82,0.94,2.651,16.85,Normal Operation,Normal
2026-05-04 00:05:06,2.82,0.92,2.594,16.28,Normal Operation,Normal
2026-05-04 00:05:06,2.05,0.94,1.927,14.0,CRITICAL: Voltage Tamper Detected! Voltage: 2.05 V,Voltage Tamper
2026-05-04 00:05:07,2.76,0.98,2.705,15.59,Normal Operation,Normal
2026-05-04 00:05:07,2.75,0.0,0.0,13.94,WARNING: Zero Current Detected (Bypass)!,Bypass Detected
2026-05-04 00:05:08,2.77,0.98,2.715,15.59,Normal Operation,Normal
2026-05-04 00:05:08,2.77,1.0,2.77,14.61,Normal Operation,Normal
2026-05-04 00:05:09,2.75,0.9,2.475,15.54,Normal Operation,Normal
2026-05-04 00:05:09,2.77,1.0,2.77,13.71,Normal Operation,Normal
2026-05-04 00:05:10,2.75,0.95,2.612,13.97,Normal Operation,Normal
2026-05-04 00:05:11,2.8,0.92,2.576,16.05,Normal Operation,Normal
2026-05-04 00:05:11,2.76,0.92,2.539,16.09,Normal Operation,Normal
2026-05-04 00:05:12,2.8,0.9,2.52,13.63,Normal Operation,Normal
2026-05-04 00:05:12,2.84,0.94,2.67,81.25,WARNING: Magnetic Interference Detected! Field: 81.25 G,Magnetic Tamper
2026-05-04 00:05:13,2.83,0.9,2.547,16.02,Normal Operation,Normal
2026-05-04 00:05:13,1.8,0.98,1.764,14.7,CRITICAL: Voltage Tamper Detected! Voltage: 1.80 V,Voltage Tamper
2026-05-04 00:05:14,2.82,0.97,2.735,15.76,Normal Operation,Normal
2026-05-04 00:05:14,2.84,0.99,2.812,16.35,Normal Operation,Normal
2026-05-04 00:05:15,2.19,0.97,2.124,15.62,CRITICAL: Voltage Tamper Detected! Voltage: 2.19 V,Voltage Tamper
2026-05-04 00:05:16,2.84,0.95,2.698,15.8,Normal Operation,Normal
2026-05-04 00:05:16,2.8,0.98,2.744,15.47,Normal Operation,Normal
2026-05-04 00:05:17,2.79,0.95,2.651,16.99,Normal Operation,Normal
2026-05-04 00:05:17,2.33,0.96,2.237,15.12,CRITICAL: Voltage Tamper Detected! Voltage: 2.33 V,Voltage Tamper
2026-05-04 00:05:18,2.78,0.97,2.697,13.54,Normal Operation,Normal
2026-05-04 00:05:18,2.78,0.98,2.724,75.43,WARNING: Magnetic Interference Detected! Field: 75.43 G,Magnetic Tamper
2026-05-04 00:05:19,2.78,0.91,2.53,16.54,Normal Operation,Normal
2026-05-04 00:05:20,2.83,0.92,2.604,14.2,Normal Operation,Normal
2026-05-04 00:05:20,2.84,0.99,2.812,87.06,WARNING: Magnetic Interference Detected! Field: 87.06 G,Magnetic Tamper
2026-05-04 00:05:21,2.77,0.0,0.0,16.5,WARNING: Zero Current Detected (Bypass)!,Bypass Detected
2026-05-04 00:05:21,2.75,0.98,2.695,15.43,Normal Operation,Normal
2026-05-04 00:05:22,2.78,0.92,2.558,16.78,Normal Operation,Normal
2026-05-04 00:05:22,2.03,0.97,1.969,14.69,CRITICAL: Voltage Tamper Detected! Voltage: 2.03 V,Voltage Tamper
2026-05-04 00:05:23,2.85,0.96,2.736,14.2,Normal Operation,Normal
2026-05-04 00:05:23,2.78,0.99,2.752,15.08,Normal Operation,Normal
2026-05-04 00:05:24,2.21,0.95,2.099,16.38,CRITICAL: Voltage Tamper Detected! Voltage: 2.21 V,Voltage Tamper
2026-05-04 00:05:25,2.81,0.96,2.698,16.82,Normal Operation,Normal
2026-05-04 00:05:25,2.84,0.96,2.726,15.29,Normal Operation,Normal
2026-05-04 00:05:26,2.82,0.92,2.594,16.18,Normal Operation,Normal
2026-05-04 00:05:26,2.76,0.97,2.677,13.27,Normal Operation,Normal
2026-05-04 00:05:27,2.77,0.91,2.521,16.69,Normal Operation,Normal
2026-05-04 00:05:27,2.81,0.99,2.782,90.49,WARNING: Magnetic Interference Detected! Field: 90.49 G,Magnetic Tamper
2026-05-04 00:05:28,2.8,1.0,2.8,15.37,Normal Operation,Normal
2026-05-04 00:05:28,2.83,0.95,2.688,14.55,Normal Operation,Normal
2026-05-04 00:05:29,2.82,0.97,2.735,14.16,Normal Operation,Normal
2026-05-04 00:05:30,2.79,0.0,0.0,15.55,WARNING: Zero Current Detected (Bypass)!,Bypass Detected
2026-05-04 00:05:30,2.8,0.92,2.576,14.76,Normal Operation,Normal
2026-05-04 00:05:31,2.84,0.94,2.67,15.95,Normal Operation,Normal
2026-05-04 00:05:31,2.82,0.93,2.623,16.72,Normal Operation,Normal
2026-05-04 00:05:32,2.8,0.0,0.0,14.92,WARNING: Zero Current Detected (Bypass)!,Bypass Detected
2026-05-04 00:05:32,2.35,0.93,2.186,16.59,CRITICAL: Voltage Tamper Detected! Voltage: 2.35 V,Voltage Tamper
2026-05-04 00:05:33,2.81,0.93,2.613,15.73,Normal Operation,Normal
2026-05-04 00:05:34,2.79,0.99,2.762,13.04,Normal Operation,Normal
2026-05-04 00:05:34,2.85,0.98,2.793,14.69,Normal Operation,Normal
2026-05-04 00:05:35,2.24,0.96,2.15,16.56,CRITICAL: Voltage Tamper Detected! Voltage: 2.24 V,Voltage Tamper
2026-05-04 00:05:35,2.8,0.9,2.52,13.47,Normal Operation,Normal
2026-05-04 00:05:36,2.85,0.0,0.0,14.07,WARNING: Zero Current Detected (Bypass)!,Bypass Detected
2026-05-04 00:05:36,2.82,0.99,2.792,13.71,Normal Operation,Normal
2026-05-04 00:05:37,2.85,0.91,2.594,15.81,Normal Operation,Normal
2026-05-04 00:05:37,2.79,0.96,2.678,14.49,Normal Operation,Normal
2026-05-04 00:05:38,2.76,0.0,0.0,15.42,WARNING: Zero Current Detected (Bypass)!,Bypass Detected
2026-05-04 00:05:38,2.78,0.92,2.558,15.21,Normal Operation,Normal
2026-05-04 00:05:39,2.77,0.0,0.0,16.76,WARNING: Zero Current Detected (Bypass)!,Bypass Detected
2026-05-04 00:05:40,2.85,0.0,0.0,14.82,WARNING: Zero Current Detected (Bypass)!,Bypass Detected
2026-05-04 00:05:40,2.83,0.91,2.575,13.77,Normal Operation,Normal
2026-05-04 00:05:41,2.81,0.93,2.613,79.06,WARNING: Magnetic Interference Detected! Field: 79.06 G,Magnetic Tamper
2026-05-04 00:05:41,2.82,0.95,2.679,68.07,WARNING: Magnetic Interference Detected! Field: 68.07 G,Magnetic Tamper
2026-05-04 00:05:42,2.8,0.0,0.0,15.61,WARNING: Zero Current Detected (Bypass)!,Bypass Detected
2026-05-04 00:05:42,2.24,0.97,2.173,13.1,CRITICAL: Voltage Tamper Detected! Voltage: 2.24 V,Voltage Tamper
2026-05-04 00:05:43,2.77,0.94,2.604,13.73,Normal Operation,Normal
2026-05-04 00:05:44,2.81,0.9,2.529,14.08,Normal Operation,Normal
2026-05-04 00:05:44,2.79,0.98,2.734,13.78,Normal Operation,Normal
2026-05-04 00:05:45,2.8,0.95,2.66,13.8,Normal Operation,Normal
2026-05-04 00:05:45,2.84,0.97,2.755,14.47,Normal Operation,Normal
2026-05-04 00:05:46,2.82,0.94,2.651,13.74,Normal Operation,Normal
2026-05-04 00:05:46,2.76,0.9,2.484,13.91,Normal Operation,Normal
2026-05-04 00:05:47,2.84,0.96,2.726,16.64,Normal Operation,Normal
2026-05-04 00:05:47,2.78,0.95,2.641,15.6,Normal Operation,Normal
2026-05-04 00:05:48,2.77,0.94,2.604,15.06,Normal Operation,Normal
2026-05-04 00:05:49,2.0,0.94,1.88,14.01,CRITICAL: Voltage Tamper Detected! Voltage: 2.00 V,Voltage Tamper
2026-05-04 00:05:49,2.81,0.91,2.557,13.57,Normal Operation,Normal
2026-05-04 00:05:50,2.81,0.9,2.529,16.19,Normal Operation,Normal
2026-05-04 00:05:50,2.8,0.96,2.688,14.94,Normal Operation,Normal
2026-05-04 00:05:51,2.82,0.96,2.707,15.79,Normal Operation,Normal
2026-05-04 00:05:51,2.82,0.96,2.707,16.82,Normal Operation,Normal
2026-05-04 00:05:52,2.81,0.94,2.641,15.39,Normal Operation,Normal
2026-05-04 00:05:53,2.8,0.99,2.772,16.77,Normal Operation,Normal
2026-05-04 00:05:53,2.81,0.98,2.754,15.93,Normal Operation,Normal
2026-05-04 00:05:54,2.79,0.99,2.762,16.14,Normal Operation,Normal
2026-05-04 00:05:54,2.82,0.0,0.0,13.38,WARNING: Zero Current Detected (Bypass)!,Bypass Detected
2026-05-04 00:05:55,2.2,0.9,1.98,13.48,CRITICAL: Voltage Tamper Detected! Voltage: 2.20 V,Voltage Tamper
2026-05-04 00:05:55,2.82,0.95,2.679,15.74,Normal Operation,Normal
2026-05-04 00:05:56,2.75,0.98,2.695,15.37,Normal Operation,Normal
2026-05-04 00:05:56,2.82,0.95,2.679,14.73,Normal Operation,Normal
2026-05-04 00:05:57,2.83,0.9,2.547,15.69,Normal Operation,Normal
2026-05-04 00:05:58,2.79,0.98,2.734,15.72,Normal Operation,Normal
2026-05-04 00:05:58,2.81,0.96,2.698,79.63,WARNING: Magnetic Interference Detected! Field: 79.63 G,Magnetic Tamper
2026-05-04 00:05:59,2.8,0.95,2.66,15.15,Normal Operation,Normal
2026-05-04 00:05:59,2.78,0.91,2.53,13.25,Normal Operation,Normal
2026-05-04 00:06:00,2.81,0.96,2.698,14.39,Normal Operation,Normal
2026-05-04 00:06:00,2.81,0.92,2.585,14.78,Normal Operation,Normal
2026-05-04 00:06:01,2.83,0.98,2.773,16.05,Normal Operation,Normal
2026-05-04 00:06:01,2.79,0.93,2.595,14.81,Normal Operation,Normal
2026-05-04 00:06:02,2.78,0.96,2.669,14.92,Normal Operation,Normal
2026-05-04 00:06:03,2.76,0.92,2.539,13.12,Normal Operation,Normal
2026-05-04 00:06:03,2.78,0.97,2.697,16.69,Normal Operation,Normal
2026-05-04 00:06:04,2.81,0.94,2.641,14.53,Normal Operation,Normal
2026-05-04 00:06:04,2.84,0.91,2.584,16.58,Normal Operation,Normal
2026-05-04 00:06:05,2.81,0.95,2.669,16.36,Normal Operation,Normal
2026-05-04 00:06:05,2.83,0.91,2.575,13.88,Normal Operation,Normal
2026-05-04 00:06:06,2.78,1.0,2.78,15.15,Normal Operation,Normal
2026-05-04 00:06:07,2.83,0.0,0.0,15.33,WARNING: Zero Current Detected (Bypass)!,Bypass Detected
2026-05-04 00:06:07,2.79,0.93,2.595,15.08,Normal Operation,Normal
2026-05-04 00:06:08,2.8,0.98,2.744,13.84,Normal Operation,Normal
2026-05-04 00:06:08,2.85,0.9,2.565,16.47,Normal Operation,Normal
2026-05-04 00:06:09,2.82,0.92,2.594,15.87,Normal Operation,Normal
2026-05-04 00:06:09,2.84,0.98,2.783,15.96,Normal Operation,Normal
2026-05-04 00:06:10,2.83,0.93,2.632,14.45,Normal Operation,Normal
2026-05-04 00:06:10,2.17,0.93,2.018,16.12,CRITICAL: Voltage Tamper Detected! Voltage: 2.17 V,Voltage Tamper
2026-05-04 00:06:11,2.82,0.93,2.623,15.56,Normal Operation,Normal
2026-05-04 00:06:11,2.82,0.95,2.679,15.67,Normal Operation,Normal
2026-05-04 00:06:12,2.79,0.98,2.734,14.71,Normal Operation,Normal
2026-05-04 00:06:13,2.8,0.0,0.0,13.11,WARNING: Zero Current Detected (Bypass)!,Bypass Detected
2026-05-04 00:06:13,2.76,0.95,2.622,14.32,Normal Operation,Normal
2026-05-04 00:06:14,2.76,0.96,2.65,13.96,Normal Operation,Normal
2026-05-04 00:06:14,2.81,0.99,2.782,16.25,Normal Operation,Normal
2026-05-04 00:06:15,2.8,0.97,2.716,15.21,Normal Operation,Normal
2026-05-04 00:06:15,2.83,0.91,2.575,13.66,Normal Operation,Normal
2026-05-04 00:06:16,2.83,0.96,2.717,16.29,Normal Operation,Normal
2026-05-04 00:06:17,2.8,0.96,2.688,14.19,Normal Operation,Normal
2026-05-04 00:06:17,2.77,0.0,0.0,16.18,WARNING: Zero Current Detected (Bypass)!,Bypass Detected
2026-05-04 00:06:18,2.77,0.0,0.0,14.9,WARNING: Zero Current Detected (Bypass)!,Bypass Detected
2026-05-04 00:06:18,2.75,0.98,2.695,13.3,Normal Operation,Normal
2026-05-04 00:06:19,2.81,0.98,2.754,15.07,Normal Operation,Normal
2026-05-04 00:06:19,2.82,0.0,0.0,16.65,WARNING: Zero Current Detected (Bypass)!,Bypass Detected
2026-05-04 00:06:20,2.79,0.98,2.734,15.21,Normal Operation,Normal
2026-05-04 00:06:21,2.77,0.94,2.604,14.13,Normal Operation,Normal
2026-05-04 00:06:21,2.75,0.99,2.723,14.6,Normal Operation,Normal
2026-05-04 00:06:22,2.8,0.97,2.716,16.51,Normal Operation,Normal
2026-05-04 00:06:22,2.76,0.97,2.677,15.19,Normal Operation,Normal
2026-05-04 00:06:23,2.81,0.98,2.754,13.06,Normal Operation,Normal
2026-05-04 00:06:23,2.35,0.9,2.115,16.93,CRITICAL: Voltage Tamper Detected! Voltage: 2.35 V,Voltage Tamper
2026-05-04 00:06:24,2.75,0.93,2.558,13.14,Normal Operation,Normal
2026-05-04 00:06:24,2.77,0.97,2.687,84.3,WARNING: Magnetic Interference Detected! Field: 84.30 G,Magnetic Tamper
2026-05-04 00:06:25,2.75,0.95,2.612,13.73,Normal Operation,Normal
2026-05-04 00:06:25,2.78,0.92,2.558,84.33,WARNING: Magnetic Interference Detected! Field: 84.33 G,Magnetic Tamper
2026-05-04 00:06:26,2.75,0.92,2.53,15.42,Normal Operation,Normal
2026-05-04 00:06:27,2.79,0.99,2.762,13.36,Normal Operation,Normal
2026-05-04 00:06:27,2.82,0.92,2.594,15.67,Normal Operation,Normal
2026-05-04 00:06:28,2.77,0.99,2.742,14.62,Normal Operation,Normal
2026-05-04 00:06:28,2.81,0.99,2.782,89.96,WARNING: Magnetic Interference Detected! Field: 89.96 G,Magnetic Tamper
2026-05-04 00:06:29,2.82,0.97,2.735,13.03,Normal Operation,Normal
2026-05-04 00:06:29,2.85,0.97,2.764,16.39,Normal Operation,Normal
2026-05-04 00:06:30,2.75,0.0,0.0,13.66,WARNING: Zero Current Detected (Bypass)!,Bypass Detected
2026-05-04 00:06:31,2.8,0.98,2.744,15.16,Normal Operation,Normal
2026-05-04 00:06:31,2.79,1.0,2.79,94.57,WARNING: Magnetic Interference Detected! Field: 94.57 G,Magnetic Tamper
2026-05-04 00:06:32,2.77,0.99,2.742,16.4,Normal Operation,Normal
2026-05-04 00:06:32,2.31,0.92,2.125,15.16,CRITICAL: Voltage Tamper Detected! Voltage: 2.31 V,Voltage Tamper
2026-05-04 00:06:33,2.77,0.98,2.715,14.96,Normal Operation,Normal
2026-05-04 00:06:33,2.78,0.91,2.53,16.08,Normal Operation,Normal
2026-05-04 00:06:34,2.76,0.92,2.539,16.3,Normal Operation,Normal
2026-05-04 00:06:34,2.85,0.96,2.736,16.83,Normal Operation,Normal
2026-05-04 00:06:35,2.83,0.9,2.547,16.19,Normal Operation,Normal
2026-05-04 00:06:36,2.79,0.99,2.762,13.34,Normal Operation,Normal
2026-05-04 00:06:36,2.76,0.98,2.705,13.89,Normal Operation,Normal
2026-05-04 00:06:37,2.75,0.97,2.667,15.86,Normal Operation,Normal
2026-05-04 00:06:37,2.8,0.94,2.632,13.6,Normal Operation,Normal
2026-05-04 00:06:38,2.85,0.92,2.622,15.24,Normal Operation,Normal
2026-05-04 00:06:38,2.82,0.97,2.735,16.53,Normal Operation,Normal
2026-05-04 00:06:39,0.0,0.0,0.0,0.0,WARNING: Zero Current Detected (Bypass)!,Bypass Detected
2026-05-04 00:06:40,0.0,0.0,0.0,0.0,WARNING: Zero Current Detected (Bypass)!,Bypass Detected
2026-05-04 00:06:40,0.0,0.0,0.0,0.0,WARNING: Zero Current Detected (Bypass)!,Bypass Detected
2026-05-04 00:06:41,0.0,0.0,0.0,0.0,WARNING: Zero Current Detected (Bypass)!,Bypass Detected
2026-05-04 00:06:41,0.0,0.0,0.0,0.0,WARNING: Zero Current Detected (Bypass)!,Bypass Detected
2026-05-04 00:06:42,0.0,0.0,0.0,0.0,WARNING: Zero Current Detected (Bypass)!,Bypass Detected
2026-05-04 00:06:42,0.0,0.0,0.0,0.0,WARNING: Zero Current Detected (Bypass)!,Bypass Detected
2026-05-04 00:06:43,0.0,0.0,0.0,0.0,WARNING: Zero Current Detected (Bypass)!,Bypass Detected
2026-05-04 00:06:43,0.0,0.0,0.0,0.0,WARNING: Zero Current Detected (Bypass)!,Bypass Detected
2026-05-04 00:06:44,0.0,0.0,0.0,0.0,WARNING: Zero Current Detected (Bypass)!,Bypass Detected
2026-05-04 00:06:45,0.0,0.0,0.0,0.0,WARNING: Zero Current Detected (Bypass)!,Bypass Detected
2026-05-04 00:06:45,0.0,0.0,0.0,0.0,WARNING: Zero Current Detected (Bypass)!,Bypass Detected
2026-05-04 00:06:46,0.0,0.0,0.0,0.0,WARNING: Zero Current Detected (Bypass)!,Bypass Detected
2026-05-04 00:06:46,0.0,0.0,0.0,0.0,WARNING: Zero Current Detected (Bypass)!,Bypass Detected
2026-05-04 00:06:47,0.0,0.0,0.0,0.0,WARNING: Zero Current Detected (Bypass)!,Bypass Detected
2026-05-04 00:06:47,0.0,0.0,0.0,0.0,WARNING: Zero Current Detected (Bypass)!,Bypass Detected
2026-05-04 00:06:48,0.0,0.0,0.0,0.0,WARNING: Zero Current Detected (Bypass)!,Bypass Detected
2026-05-04 00:06:49,0.0,0.0,0.0,0.0,WARNING: Zero Current Detected (Bypass)!,Bypass Detected
2026-05-04 00:06:49,0.0,0.0,0.0,0.0,WARNING: Zero Current Detected (Bypass)!,Bypass Detected
2026-05-04 00:06:50,0.0,0.0,0.0,0.0,WARNING: Zero Current Detected (Bypass)!,Bypass Detected
2026-05-04 00:06:50,0.0,0.0,0.0,0.0,WARNING: Zero Current Detected (Bypass)!,Bypass Detected
2026-05-04 00:06:51,0.0,0.0,0.0,0.0,WARNING: Zero Current Detected (Bypass)!,Bypass Detected
2026-05-04 00:06:51,0.0,0.0,0.0,0.0,WARNING: Zero Current Detected (Bypass)!,Bypass Detected
2026-05-04 00:06:52,0.0,0.0,0.0,0.0,WARNING: Zero Current Detected (Bypass)!,Bypass Detected
2026-05-04 00:06:52,0.0,0.0,0.0,0.0,WARNING: Zero Current Detected (Bypass)!,Bypass Detected
2026-05-04 00:06:53,0.0,0.0,0.0,0.0,WARNING: Zero Current Detected (Bypass)!,Bypass Detected
2026-05-04 00:06:54,0.0,0.0,0.0,0.0,WARNING: Zero Current Detected (Bypass)!,Bypass Detected
2026-05-04 00:06:54,0.0,0.0,0.0,0.0,WARNING: Zero Current Detected (Bypass)!,Bypass Detected
2026-05-04 00:06:55,0.0,0.0,0.0,0.0,WARNING: Zero Current Detected (Bypass)!,Bypass Detected
2026-05-04 00:06:55,0.0,0.0,0.0,0.0,WARNING: Zero Current Detected (Bypass)!,Bypass Detected
2026-05-04 00:06:56,0.0,0.0,0.0,0.0,WARNING: Zero Current Detected (Bypass)!,Bypass Detected
2026-05-04 00:06:56,0.0,0.0,0.0,0.0,WARNING: Zero Current Detected (Bypass)!,Bypass Detected
2026-05-04 00:06:57,0.0,0.0,0.0,0.0,WARNING: Zero Current Detected (Bypass)!,Bypass Detected
2026-05-04 00:06:58,0.0,0.0,0.0,0.0,WARNING: Zero Current Detected (Bypass)!,Bypass Detected
2026-05-04 00:06:58,0.0,0.0,0.0,0.0,WARNING: Zero Current Detected (Bypass)!,Bypass Detected
2026-05-04 00:06:59,0.0,0.0,0.0,0.0,WARNING: Zero Current Detected (Bypass)!,Bypass Detected
2026-05-04 00:06:59,0.0,0.0,0.0,0.0,WARNING: Zero Current Detected (Bypass)!,Bypass Detected
2026-05-04 00:07:00,0.0,0.0,0.0,0.0,WARNING: Zero Current Detected (Bypass)!,Bypass Detected
2026-05-04 00:07:00,0.0,0.0,0.0,0.0,WARNING: Zero Current Detected (Bypass)!,Bypass Detected
2026-05-04 00:07:01,0.0,0.0,0.0,0.0,WARNING: Zero Current Detected (Bypass)!,Bypass Detected
2026-05-04 00:07:01,0.0,0.0,0.0,0.0,WARNING: Zero Current Detected (Bypass)!,Bypass Detected
2026-05-04 00:07:02,0.0,0.0,0.0,0.0,WARNING: Zero Current Detected (Bypass)!,Bypass Detected
2026-05-04 00:07:03,0.0,0.0,0.0,0.0,WARNING: Zero Current Detected (Bypass)!,Bypass Detected
2026-05-04 00:07:03,0.0,0.0,0.0,0.0,WARNING: Zero Current Detected (Bypass)!,Bypass Detected
2026-05-04 00:07:04,0.0,0.0,0.0,0.0,WARNING: Zero Current Detected (Bypass)!,Bypass Detected
2026-05-04 00:07:04,0.0,0.0,0.0,0.0,WARNING: Zero Current Detected (Bypass)!,Bypass Detected
2026-05-04 00:07:05,0.0,0.0,0.0,0.0,WARNING: Zero Current Detected (Bypass)!,Bypass Detected
2026-05-04 00:07:05,0.0,0.0,0.0,0.0,WARNING: Zero Current Detected (Bypass)!,Bypass Detected
2026-05-04 00:07:06,0.0,0.0,0.0,0.0,WARNING: Zero Current Detected (Bypass)!,Bypass Detected
2026-05-04 00:07:06,0.0,0.0,0.0,0.0,WARNING: Zero Current Detected (Bypass)!,Bypass Detected
2026-05-04 00:07:07,0.0,0.0,0.0,0.0,WARNING: Zero Current Detected (Bypass)!,Bypass Detected
2026-05-04 00:07:08,0.0,0.0,0.0,0.0,WARNING: Zero Current Detected (Bypass)!,Bypass Detected
2026-05-04 00:07:08,0.0,0.0,0.0,0.0,WARNING: Zero Current Detected (Bypass)!,Bypass Detected
2026-05-04 00:07:09,0.0,0.0,0.0,0.0,WARNING: Zero Current Detected (Bypass)!,Bypass Detected
2026-05-04 00:07:09,0.0,0.0,0.0,0.0,WARNING: Zero Current Detected (Bypass)!,Bypass Detected
2026-05-04 00:07:10,0.0,0.0,0.0,0.0,WARNING: Zero Current Detected (Bypass)!,Bypass Detected
2026-05-04 00:07:10,0.0,0.0,0.0,0.0,WARNING: Zero Current Detected (Bypass)!,Bypass Detected
2026-05-04 00:07:11,0.0,0.0,0.0,0.0,WARNING: Zero Current Detected (Bypass)!,Bypass Detected
2026-05-04 00:07:12,0.0,0.0,0.0,0.0,WARNING: Zero Current Detected (Bypass)!,Bypass Detected
2026-05-04 00:07:12,0.0,0.0,0.0,0.0,WARNING: Zero Current Detected (Bypass)!,Bypass Detected
2026-05-04 00:07:13,0.0,0.0,0.0,0.0,WARNING: Zero Current Detected (Bypass)!,Bypass Detected
2026-05-04 00:07:13,0.0,0.0,0.0,0.0,WARNING: Zero Current Detected (Bypass)!,Bypass Detected
2026-05-04 00:07:14,0.0,0.0,0.0,0.0,WARNING: Zero Current Detected (Bypass)!,Bypass Detected
2026-05-04 00:07:14,0.0,0.0,0.0,0.0,WARNING: Zero Current Detected (Bypass)!,Bypass Detected
2026-05-04 00:07:15,0.0,0.0,0.0,0.0,WARNING: Zero Current Detected (Bypass)!,Bypass Detected
2026-05-04 00:07:16,0.0,0.0,0.0,0.0,WARNING: Zero Current Detected (Bypass)!,Bypass Detected
2026-05-04 00:07:16,0.0,0.0,0.0,0.0,WARNING: Zero Current Detected (Bypass)!,Bypass Detected
2026-05-04 00:07:17,0.0,0.0,0.0,0.0,WARNING: Zero Current Detected (Bypass)!,Bypass Detected
2026-05-04 00:07:17,0.0,0.0,0.0,0.0,WARNING: Zero Current Detected (Bypass)!,Bypass Detected
2026-05-04 00:07:18,0.0,0.0,0.0,0.0,WARNING: Zero Current Detected (Bypass)!,Bypass Detected
2026-05-04 00:07:18,0.0,0.0,0.0,0.0,WARNING: Zero Current Detected (Bypass)!,Bypass Detected
2026-05-04 00:07:19,0.0,0.0,0.0,0.0,WARNING: Zero Current Detected (Bypass)!,Bypass Detected
2026-05-04 00:07:19,0.0,0.0,0.0,0.0,WARNING: Zero Current Detected (Bypass)!,Bypass Detected
2026-05-04 00:07:20,0.0,0.0,0.0,0.0,WARNING: Zero Current Detected (Bypass)!,Bypass Detected
2026-05-04 00:07:21,0.0,0.0,0.0,0.0,WARNING: Zero Current Detected (Bypass)!,Bypass Detected
2026-05-04 00:07:21,0.0,0.0,0.0,0.0,WARNING: Zero Current Detected (Bypass)!,Bypass Detected
2026-05-04 00:07:22,0.0,0.0,0.0,0.0,WARNING: Zero Current Detected (Bypass)!,Bypass Detected
2026-05-04 00:07:22,0.0,0.0,0.0,0.0,WARNING: Zero Current Detected (Bypass)!,Bypass Detected
2026-05-04 00:07:23,0.0,0.0,0.0,0.0,WARNING: Zero Current Detected (Bypass)!,Bypass Detected
2026-05-04 00:07:23,0.0,0.0,0.0,0.0,WARNING: Zero Current Detected (Bypass)!,Bypass Detected
2026-05-04 00:07:24,0.0,0.0,0.0,0.0,WARNING: Zero Current Detected (Bypass)!,Bypass Detected
2026-05-04 00:07:24,0.0,0.0,0.0,0.0,WARNING: Zero Current Detected (Bypass)!,Bypass Detected
2026-05-04 00:07:25,0.0,0.0,0.0,0.0,WARNING: Zero Current Detected (Bypass)!,Bypass Detected
2026-05-04 00:07:26,0.0,0.0,0.0,0.0,WARNING: Zero Current Detected (Bypass)!,Bypass Detected
2026-05-04 00:07:26,0.0,0.0,0.0,0.0,WARNING: Zero Current Detected (Bypass)!,Bypass Detected
2026-05-04 00:07:27,0.0,0.0,0.0,0.0,WARNING: Zero Current Detected (Bypass)!,Bypass Detected
2026-05-04 00:07:27,0.0,0.0,0.0,0.0,WARNING: Zero Current Detected (Bypass)!,Bypass Detected
2026-05-04 00:07:28,0.0,0.0,0.0,0.0,WARNING: Zero Current Detected (Bypass)!,Bypass Detected
2026-05-04 00:07:28,0.0,0.0,0.0,0.0,WARNING: Zero Current Detected (Bypass)!,Bypass Detected
2026-05-04 00:07:29,0.0,0.0,0.0,0.0,WARNING: Zero Current Detected (Bypass)!,Bypass Detected
2026-05-04 00:07:30,0.0,0.0,0.0,0.0,WARNING: Zero Current Detected (Bypass)!,Bypass Detected
2026-05-04 00:07:30,0.0,0.0,0.0,0.0,WARNING: Zero Current Detected (Bypass)!,Bypass Detected
2026-05-04 00:07:31,0.0,0.0,0.0,0.0,WARNING: Zero Current Detected (Bypass)!,Bypass Detected
2026-05-04 00:07:31,0.0,0.0,0.0,0.0,WARNING: Zero Current Detected (Bypass)!,Bypass Detected
2026-05-04 00:07:32,0.0,0.0,0.0,0.0,WARNING: Zero Current Detected (Bypass)!,Bypass Detected
2026-05-04 00:07:32,0.0,0.0,0.0,0.0,WARNING: Zero Current Detected (Bypass)!,Bypass Detected
2026-05-04 00:07:33,0.0,0.0,0.0,0.0,WARNING: Zero Current Detected (Bypass)!,Bypass Detected
2026-05-04 00:07:33,0.0,0.0,0.0,0.0,WARNING: Zero Current Detected (Bypass)!,Bypass Detected
2026-05-04 00:07:34,0.0,0.0,0.0,0.0,WARNING: Zero Current Detected (Bypass)!,Bypass Detected
2026-05-04 00:07:35,0.0,0.0,0.0,0.0,WARNING: Zero Current Detected (Bypass)!,Bypass Detected
2026-05-04 00:07:35,0.0,0.0,0.0,0.0,WARNING: Zero Current Detected (Bypass)!,Bypass Detected
2026-05-04 00:07:36,0.0,0.0,0.0,0.0,WARNING: Zero Current Detected (Bypass)!,Bypass Detected
2026-05-04 00:07:36,0.0,0.0,0.0,0.0,WARNING: Zero Current Detected (Bypass)!,Bypass Detected
2026-05-04 00:07:37,0.0,0.0,0.0,0.0,WARNING: Zero Current Detected (Bypass)!,Bypass Detected
2026-05-04 00:07:37,0.0,0.0,0.0,0.0,WARNING: Zero Current Detected (Bypass)!,Bypass Detected
2026-05-04 00:07:38,0.0,0.0,0.0,0.0,WARNING: Zero Current Detected (Bypass)!,Bypass Detected
2026-05-04 00:07:38,0.0,0.0,0.0,0.0,WARNING: Zero Current Detected (Bypass)!,Bypass Detected
2026-05-04 00:07:39,0.0,0.0,0.0,0.0,WARNING: Zero Current Detected (Bypass)!,Bypass Detected
2026-05-04 00:07:40,0.0,0.0,0.0,0.0,WARNING: Zero Current Detected (Bypass)!,Bypass Detected
2026-05-04 00:07:40,0.0,0.0,0.0,0.0,WARNING: Zero Current Detected (Bypass)!,Bypass Detected
2026-05-04 00:07:41,0.0,0.0,0.0,0.0,WARNING: Zero Current Detected (Bypass)!,Bypass Detected
2026-05-04 00:07:41,0.0,0.0,0.0,0.0,WARNING: Zero Current Detected (Bypass)!,Bypass Detected
2026-05-04 00:07:42,0.0,0.0,0.0,0.0,WARNING: Zero Current Detected (Bypass)!,Bypass Detected
2026-05-04 00:07:42,0.0,0.0,0.0,0.0,WARNING: Zero Current Detected (Bypass)!,Bypass Detected
2026-05-04 00:07:43,0.0,0.0,0.0,0.0,WARNING: Zero Current Detected (Bypass)!,Bypass Detected
2026-05-04 00:07:44,0.0,0.0,0.0,0.0,WARNING: Zero Current Detected (Bypass)!,Bypass Detected
2026-05-04 00:07:44,0.0,0.0,0.0,0.0,WARNING: Zero Current Detected (Bypass)!,Bypass Detected
2026-05-04 00:07:45,0.0,0.0,0.0,0.0,WARNING: Zero Current Detected (Bypass)!,Bypass Detected
2026-05-04 00:07:45,0.0,0.0,0.0,0.0,WARNING: Zero Current Detected (Bypass)!,Bypass Detected
2026-05-04 00:07:46,0.0,0.0,0.0,0.0,WARNING: Zero Current Detected (Bypass)!,Bypass Detected
2026-05-04 00:07:46,0.0,0.0,0.0,0.0,WARNING: Zero Current Detected (Bypass)!,Bypass Detected
2026-05-04 00:07:47,0.0,0.0,0.0,0.0,WARNING: Zero Current Detected (Bypass)!,Bypass Detected
2026-05-04 00:07:47,0.0,0.0,0.0,0.0,WARNING: Zero Current Detected (Bypass)!,Bypass Detected
2026-05-04 00:07:48,0.0,0.0,0.0,0.0,WARNING: Zero Current Detected (Bypass)!,Bypass Detected
2026-05-04 00:07:49,0.0,0.0,0.0,0.0,WARNING: Zero Current Detected (Bypass)!,Bypass Detected
2026-05-04 00:07:49,0.0,0.0,0.0,0.0,WARNING: Zero Current Detected (Bypass)!,Bypass Detected
2026-05-04 00:07:50,0.0,0.0,0.0,0.0,WARNING: Zero Current Detected (Bypass)!,Bypass Detected
2026-05-04 00:07:50,0.0,0.0,0.0,0.0,WARNING: Zero Current Detected (Bypass)!,Bypass Detected
2026-05-04 00:07:51,0.0,0.0,0.0,0.0,WARNING: Zero Current Detected (Bypass)!,Bypass Detected
2026-05-04 00:07:51,0.0,0.0,0.0,0.0,WARNING: Zero Current Detected (Bypass)!,Bypass Detected
2026-05-04 00:07:52,0.0,0.0,0.0,0.0,WARNING: Zero Current Detected (Bypass)!,Bypass Detected
2026-05-04 00:07:52,0.0,0.0,0.0,0.0,WARNING: Zero Current Detected (Bypass)!,Bypass Detected
2026-05-04 00:07:53,2.79,0.96,2.678,13.11,Normal Operation,Normal
2026-05-04 00:07:53,0.0,0.0,0.0,0.0,WARNING: Zero Current Detected (Bypass)!,Bypass Detected
2026-05-04 00:07:54,2.77,0.94,2.604,13.33,Normal Operation,Normal
2026-05-04 00:07:55,2.82,0.91,2.566,14.39,Normal Operation,Normal
2026-05-04 00:07:55,2.84,0.98,2.783,16.9,Normal Operation,Normal
2026-05-04 00:07:56,2.79,0.96,2.678,15.55,Normal Operation,Normal
2026-05-04 00:07:56,1.83,0.96,1.757,15.87,CRITICAL: Voltage Tamper Detected! Voltage: 1.83 V,Voltage Tamper
2026-05-04 00:07:57,2.75,0.91,2.502,13.57,Normal Operation,Normal
2026-05-04 00:07:57,2.84,0.94,2.67,16.11,Normal Operation,Normal
2026-05-04 00:07:58,2.8,0.92,2.576,16.99,Normal Operation,Normal
2026-05-04 00:07:58,2.84,0.92,2.613,15.3,Normal Operation,Normal
2026-05-04 00:07:59,2.84,0.92,2.613,14.33,Normal Operation,Normal
2026-05-04 00:08:00,2.84,0.91,2.584,13.74,Normal Operation,Normal
2026-05-04 00:08:00,2.78,0.93,2.585,15.6,Normal Operation,Normal
2026-05-04 00:08:01,2.8,0.96,2.688,15.94,Normal Operation,Normal
2026-05-04 00:08:01,2.81,0.94,2.641,14.93,Normal Operation,Normal
2026-05-04 00:08:02,2.81,0.91,2.557,93.36,WARNING: Magnetic Interference Detected! Field: 93.36 G,Magnetic Tamper
2026-05-04 00:08:02,2.76,0.0,0.0,14.2,WARNING: Zero Current Detected (Bypass)!,Bypass Detected
2026-05-04 00:08:03,2.84,0.92,2.613,13.37,Normal Operation,Normal
2026-05-04 00:08:03,2.8,0.99,2.772,99.51,WARNING: Magnetic Interference Detected! Field: 99.51 G,Magnetic Tamper
2026-05-04 00:08:04,2.85,0.92,2.622,14.56,Normal Operation,Normal
2026-05-04 00:08:05,2.76,1.0,2.76,13.57,Normal Operation,Normal
2026-05-04 00:08:05,2.81,0.99,2.782,64.5,WARNING: Magnetic Interference Detected! Field: 64.50 G,Magnetic Tamper
2026-05-04 00:08:06,2.79,0.94,2.623,16.08,Normal Operation,Normal
2026-05-04 00:08:06,2.09,0.94,1.965,13.1,CRITICAL: Voltage Tamper Detected! Voltage: 2.09 V,Voltage Tamper
2026-05-04 00:08:07,2.84,0.92,2.613,74.19,WARNING: Magnetic Interference Detected! Field: 74.19 G,Magnetic Tamper
2026-05-04 00:08:07,2.77,0.9,2.493,14.88,Normal Operation,Normal
2026-05-04 00:08:08,2.77,0.0,0.0,15.05,WARNING: Zero Current Detected (Bypass)!,Bypass Detected
2026-05-04 00:08:08,2.78,1.0,2.78,14.59,Normal Operation,Normal
2026-05-04 00:08:09,2.77,0.99,2.742,14.84,Normal Operation,Normal
2026-05-04 00:08:10,2.84,0.97,2.755,14.16,Normal Operation,Normal
2026-05-04 00:08:10,2.83,0.97,2.745,13.13,Normal Operation,Normal
2026-05-04 00:08:11,2.75,0.92,2.53,13.71,Normal Operation,Normal
2026-05-04 00:08:11,2.76,0.97,2.677,13.41,Normal Operation,Normal
2026-05-04 00:08:12,2.84,0.99,2.812,15.99,Normal Operation,Normal
2026-05-04 00:08:12,2.79,0.93,2.595,16.54,Normal Operation,Normal
2026-05-04 00:08:13,2.77,0.95,2.631,16.97,Normal Operation,Normal
2026-05-04 00:08:14,2.76,0.95,2.622,13.95,Normal Operation,Normal
2026-05-04 00:08:14,2.81,0.97,2.726,15.67,Normal Operation,Normal
2026-05-04 00:08:15,2.83,0.96,2.717,16.56,Normal Operation,Normal
2026-05-04 00:08:15,2.84,0.99,2.812,14.42,Normal Operation,Normal
2026-05-04 00:08:16,2.83,0.97,2.745,16.21,Normal Operation,Normal
2026-05-04 00:08:16,2.82,0.98,2.764,13.03,Normal Operation,Normal
2026-05-04 00:08:17,2.1,0.9,1.89,13.02,CRITICAL: Voltage Tamper Detected! Voltage: 2.10 V,Voltage Tamper
2026-05-04 00:08:17,2.76,0.96,2.65,14.86,Normal Operation,Normal
2026-05-04 00:08:18,2.75,1.0,2.75,63.48,WARNING: Magnetic Interference Detected! Field: 63.48 G,Magnetic Tamper
2026-05-04 00:08:19,2.84,0.97,2.755,15.08,Normal Operation,Normal
2026-05-04 00:08:19,2.8,0.9,2.52,13.1,Normal Operation,Normal
2026-05-04 00:08:20,2.77,0.91,2.521,15.02,Normal Operation,Normal
2026-05-04 00:08:20,2.81,1.0,2.81,16.97,Normal Operation,Normal
2026-05-04 00:08:21,2.81,0.95,2.669,13.45,Normal Operation,Normal
2026-05-04 00:08:21,2.79,0.95,2.651,15.49,Normal Operation,Normal
2026-05-04 00:08:22,2.82,0.96,2.707,93.03,WARNING: Magnetic Interference Detected! Field: 93.03 G,Magnetic Tamper
2026-05-04 00:08:22,2.82,0.0,0.0,15.7,WARNING: Zero Current Detected (Bypass)!,Bypass Detected
2026-05-04 00:08:23,2.82,0.92,2.594,16.97,Normal Operation,Normal
2026-05-04 00:08:24,2.31,0.97,2.241,16.21,CRITICAL: Voltage Tamper Detected! Voltage: 2.31 V,Voltage Tamper
2026-05-04 00:08:24,2.75,0.97,2.667,16.39,Normal Operation,Normal
2026-05-04 00:08:25,2.83,0.9,2.547,16.86,Normal Operation,Normal
2026-05-04 00:08:25,2.83,0.95,2.688,16.78,Normal Operation,Normal
2026-05-04 00:08:26,2.85,1.0,2.85,15.52,Normal Operation,Normal
2026-05-04 00:08:26,2.83,0.99,2.802,14.14,Normal Operation,Normal
2026-05-04 00:08:27,2.79,0.96,2.678,16.75,Normal Operation,Normal
2026-05-04 00:08:27,2.81,0.91,2.557,16.33,Normal Operation,Normal
2026-05-04 00:08:28,2.85,0.0,0.0,14.02,WARNING: Zero Current Detected (Bypass)!,Bypass Detected
2026-05-04 00:08:29,2.83,0.92,2.604,14.13,Normal Operation,Normal
2026-05-04 00:08:29,2.83,0.94,2.66,14.74,Normal Operation,Normal
2026-05-04 00:08:30,2.82,0.0,0.0,14.34,WARNING: Zero Current Detected (Bypass)!,Bypass Detected
2026-05-04 00:08:30,2.03,0.99,2.01,15.38,CRITICAL: Voltage Tamper Detected! Voltage: 2.03 V,Voltage Tamper
2026-05-04 00:08:31,2.75,0.94,2.585,14.1,Normal Operation,Normal
2026-05-04 00:08:31,2.81,0.98,2.754,15.58,Normal Operation,Normal
2026-05-04 00:08:32,2.81,0.98,2.754,16.05,Normal Operation,Normal
2026-05-04 00:08:33,2.78,0.99,2.752,14.4,Normal Operation,Normal
2026-05-04 00:08:33,2.82,0.99,2.792,14.43,Normal Operation,Normal
2026-05-04 00:08:34,2.33,0.94,2.19,14.27,CRITICAL: Voltage Tamper Detected! Voltage: 2.33 V,Voltage Tamper
2026-05-04 00:08:34,2.8,0.99,2.772,15.1,Normal Operation,Normal
2026-05-04 00:08:35,2.83,0.0,0.0,14.87,WARNING: Zero Current Detected (Bypass)!,Bypass Detected
2026-05-04 00:08:35,2.77,0.97,2.687,13.4,Normal Operation,Normal
2026-05-04 00:08:36,1.97,0.93,1.832,13.58,CRITICAL: Voltage Tamper Detected! Voltage: 1.97 V,Voltage Tamper
2026-05-04 00:08:36,2.82,0.98,2.764,14.55,Normal Operation,Normal
2026-05-04 00:08:37,2.79,0.9,2.511,15.03,Normal Operation,Normal
2026-05-04 00:08:38,2.83,0.95,2.688,15.16,Normal Operation,Normal
2026-05-04 00:08:38,2.09,0.91,1.902,15.49,CRITICAL: Voltage Tamper Detected! Voltage: 2.09 V,Voltage Tamper
2026-05-04 00:08:39,1.86,1.0,1.86,15.61,CRITICAL: Voltage Tamper Detected! Voltage: 1.86 V,Voltage Tamper
2026-05-04 00:08:39,2.77,0.0,0.0,16.87,WARNING: Zero Current Detected (Bypass)!,Bypass Detected
2026-05-04 00:08:40,2.79,0.97,2.706,16.01,Normal Operation,Normal
2026-05-04 00:08:40,2.82,0.9,2.538,13.78,Normal Operation,Normal
2026-05-04 00:08:41,2.76,0.92,2.539,13.22,Normal Operation,Normal
2026-05-04 00:08:41,2.1,0.95,1.995,15.45,CRITICAL: Voltage Tamper Detected! Voltage: 2.10 V,Voltage Tamper
2026-05-04 00:08:42,2.77,0.97,2.687,13.41,Normal Operation,Normal
2026-05-04 00:08:43,2.8,0.94,2.632,13.31,Normal Operation,Normal
2026-05-04 00:08:43,2.37,0.96,2.275,16.52,CRITICAL: Voltage Tamper Detected! Voltage: 2.37 V,Voltage Tamper
2026-05-04 00:08:44,2.8,0.91,2.548,14.48,Normal Operation,Normal
2026-05-04 00:08:44,2.81,0.91,2.557,95.67,WARNING: Magnetic Interference Detected! Field: 95.67 G,Magnetic Tamper
2026-05-04 00:08:45,2.79,0.97,2.706,15.43,Normal Operation,Normal
2026-05-04 00:08:45,2.82,0.92,2.594,16.09,Normal Operation,Normal
2026-05-04 00:08:46,2.78,0.98,2.724,13.93,Normal Operation,Normal
2026-05-04 00:08:47,2.81,0.0,0.0,13.69,WARNING: Zero Current Detected (Bypass)!,Bypass Detected
2026-05-04 00:08:47,2.78,0.93,2.585,14.35,Normal Operation,Normal
2026-05-04 00:08:48,2.84,0.91,2.584,13.99,Normal Operation,Normal
2026-05-04 00:08:48,2.18,0.91,1.984,13.6,CRITICAL: Voltage Tamper Detected! Voltage: 2.18 V,Voltage Tamper
2026-05-04 00:08:49,2.85,0.9,2.565,13.01,Normal Operation,Normal
2026-05-04 00:08:49,2.82,0.93,2.623,13.7,Normal Operation,Normal
2026-05-04 00:08:50,2.82,0.99,2.792,13.93,Normal Operation,Normal
2026-05-04 00:08:50,2.82,0.97,2.735,15.31,Normal Operation,Normal
2026-05-04 00:08:51,2.8,1.0,2.8,16.52,Normal Operation,Normal
2026-05-04 00:08:52,2.79,0.93,2.595,16.26,Normal Operation,Normal
2026-05-04 00:08:52,2.76,0.0,0.0,14.8,WARNING: Zero Current Detected (Bypass)!,Bypass Detected
2026-05-04 00:08:53,2.76,0.97,2.677,87.71,WARNING: Magnetic Interference Detected! Field: 87.71 G,Magnetic Tamper
2026-05-04 00:08:53,2.77,0.96,2.659,14.23,Normal Operation,Normal
2026-05-04 00:08:54,2.82,0.96,2.707,15.1,Normal Operation,Normal
2026-05-04 00:08:54,2.84,0.94,2.67,13.23,Normal Operation,Normal
2026-05-04 00:08:55,2.79,0.93,2.595,16.62,Normal Operation,Normal
2026-05-04 00:08:55,2.84,0.98,2.783,15.51,Normal Operation,Normal
2026-05-04 00:08:56,2.79,0.94,2.623,16.99,Normal Operation,Normal
2026-05-04 00:08:57,2.8,0.99,2.772,13.73,Normal Operation,Normal
2026-05-04 00:08:57,2.75,0.96,2.64,14.3,Normal Operation,Normal
2026-05-04 00:08:58,2.77,0.99,2.742,13.37,Normal Operation,Normal
2026-05-04 00:08:58,2.8,0.96,2.688,16.71,Normal Operation,Normal
2026-05-04 00:08:59,2.77,0.94,2.604,15.73,Normal Operation,Normal
2026-05-04 00:08:59,2.83,0.91,2.575,16.17,Normal Operation,Normal
2026-05-04 00:09:00,2.8,0.93,2.604,15.15,Normal Operation,Normal
2026-05-04 00:09:01,2.77,0.95,2.631,15.98,Normal Operation,Normal
2026-05-04 00:09:01,2.79,0.99,2.762,14.67,Normal Operation,Normal
2026-05-04 00:09:02,2.79,0.97,2.706,15.88,Normal Operation,Normal
2026-05-04 00:09:02,2.79,0.92,2.567,14.19,Normal Operation,Normal
2026-05-04 00:09:03,2.75,0.95,2.612,14.74,Normal Operation,Normal
2026-05-04 00:09:03,2.12,0.97,2.056,13.34,CRITICAL: Voltage Tamper Detected! Voltage: 2.12 V,Voltage Tamper
2026-05-04 00:09:04,2.79,0.95,2.651,14.38,Normal Operation,Normal
2026-05-04 00:14:01,2.84,0.96,2.726,13.82,Normal Operation,Normal
2026-05-04 00:14:01,2.76,0.95,2.622,16.36,Normal Operation,Normal
2026-05-04 00:14:02,2.78,0.99,2.752,13.44,Normal Operation,Normal
2026-05-04 00:14:02,2.83,0.94,2.66,14.43,Normal Operation,Normal
2026-05-04 00:14:03,2.75,0.94,2.585,14.34,Normal Operation,Normal
2026-05-04 00:14:03,2.81,0.97,2.726,14.96,Normal Operation,Normal
2026-05-04 00:14:04,2.76,0.98,2.705,16.49,Normal Operation,Normal
2026-05-04 00:14:05,2.85,0.92,2.622,14.66,Normal Operation,Normal
2026-05-04 00:14:05,2.84,0.99,2.812,14.16,Normal Operation,Normal
2026-05-04 00:14:06,2.8,0.9,2.52,15.24,Normal Operation,Normal
2026-05-04 00:14:06,2.8,0.96,2.688,14.89,Normal Operation,Normal
2026-05-04 00:14:07,2.78,0.97,2.697,62.22,WARNING: Magnetic Interference Detected! Field: 62.22 G,Magnetic Tamper
2026-05-04 00:14:07,2.8,0.93,2.604,15.74,Normal Operation,Normal
2026-05-04 00:14:08,2.8,0.91,2.548,15.74,Normal Operation,Normal
2026-05-04 00:14:08,2.8,0.9,2.52,14.08,Normal Operation,Normal
2026-05-04 00:14:09,2.81,0.0,0.0,14.43,WARNING: Zero Current Detected (Bypass)!,Bypass Detected
2026-05-04 00:14:10,1.81,0.95,1.72,16.97,CRITICAL: Voltage Tamper Detected! Voltage: 1.81 V,Voltage Tamper
2026-05-04 00:14:10,2.82,0.95,2.679,13.97,Normal Operation,Normal
2026-05-04 00:14:11,2.09,0.95,1.985,16.95,CRITICAL: Voltage Tamper Detected! Voltage: 2.09 V,Voltage Tamper
2026-05-04 00:14:11,2.81,0.9,2.529,14.06,Normal Operation,Normal
2026-05-04 00:14:12,2.0,0.99,1.98,14.83,CRITICAL: Voltage Tamper Detected! Voltage: 2.00 V,Voltage Tamper
2026-05-04 00:14:12,2.81,0.93,2.613,16.06,Normal Operation,Normal
2026-05-04 00:14:13,2.8,0.91,2.548,74.67,WARNING: Magnetic Interference Detected! Field: 74.67 G,Magnetic Tamper
2026-05-04 00:14:14,2.82,0.99,2.792,16.85,Normal Operation,Normal
2026-05-04 00:14:14,2.75,0.97,2.667,14.18,Normal Operation,Normal
2026-05-04 00:14:15,2.82,0.97,2.735,13.37,Normal Operation,Normal
2026-05-04 00:14:15,2.76,0.97,2.677,14.22,Normal Operation,Normal
2026-05-04 00:14:16,2.82,0.94,2.651,14.11,Normal Operation,Normal
2026-05-04 00:14:16,2.84,1.0,2.84,15.77,Normal Operation,Normal
2026-05-04 00:14:17,2.75,0.98,2.695,16.6,Normal Operation,Normal
2026-05-04 00:14:17,2.84,0.93,2.641,14.55,Normal Operation,Normal
2026-05-04 00:14:18,2.8,0.94,2.632,13.28,Normal Operation,Normal
2026-05-04 00:14:19,2.11,0.95,2.004,15.29,CRITICAL: Voltage Tamper Detected! Voltage: 2.11 V,Voltage Tamper
2026-05-04 00:14:19,2.21,0.97,2.144,14.0,CRITICAL: Voltage Tamper Detected! Voltage: 2.21 V,Voltage Tamper
2026-05-04 00:14:20,2.79,0.0,0.0,14.71,WARNING: Zero Current Detected (Bypass)!,Bypass Detected
2026-05-04 00:14:20,2.81,0.94,2.641,15.45,Normal Operation,Normal
2026-05-04 00:14:21,2.83,0.96,2.717,15.42,Normal Operation,Normal
2026-05-04 00:14:21,2.84,1.0,2.84,15.06,Normal Operation,Normal
2026-05-04 00:14:22,2.81,0.96,2.698,14.71,Normal Operation,Normal
2026-05-04 00:14:22,2.83,1.0,2.83,76.94,WARNING: Magnetic Interference Detected! Field: 76.94 G,Magnetic Tamper
2026-05-04 00:14:23,2.8,0.94,2.632,13.89,Normal Operation,Normal
2026-05-04 00:14:24,2.81,0.0,0.0,13.85,WARNING: Zero Current Detected (Bypass)!,Bypass Detected
2026-05-04 00:14:24,2.79,0.0,0.0,16.24,WARNING: Zero Current Detected (Bypass)!,Bypass Detected
2026-05-04 00:14:25,2.78,0.94,2.613,16.95,Normal Operation,Normal
2026-05-04 00:14:25,2.81,0.97,2.726,16.4,Normal Operation,Normal
2026-05-04 00:14:26,2.84,0.97,2.755,15.35,Normal Operation,Normal
2026-05-04 00:14:26,2.81,1.0,2.81,14.3,Normal Operation,Normal
2026-05-04 00:14:27,2.76,0.94,2.594,16.93,Normal Operation,Normal
2026-05-04 00:14:28,2.76,0.91,2.512,15.45,Normal Operation,Normal
2026-05-04 00:14:28,2.75,0.96,2.64,16.47,Normal Operation,Normal
2026-05-04 00:14:29,2.8,0.99,2.772,15.73,Normal Operation,Normal
2026-05-04 00:14:29,2.77,0.92,2.548,16.98,Normal Operation,Normal
2026-05-04 00:14:30,2.8,0.92,2.576,13.2,Normal Operation,Normal
2026-05-04 00:14:30,2.77,0.96,2.659,15.92,Normal Operation,Normal
2026-05-04 00:14:31,2.81,0.91,2.557,14.0,Normal Operation,Normal
2026-05-04 00:14:31,2.79,0.91,2.539,14.22,Normal Operation,Normal
2026-05-04 00:14:32,2.84,0.91,2.584,15.04,Normal Operation,Normal
2026-05-04 00:14:33,2.82,0.98,2.764,13.33,Normal Operation,Normal
2026-05-04 00:14:33,2.05,0.98,2.009,14.0,CRITICAL: Voltage Tamper Detected! Voltage: 2.05 V,Voltage Tamper
2026-05-04 00:14:34,2.82,0.94,2.651,16.73,Normal Operation,Normal
2026-05-04 00:14:34,2.83,0.97,2.745,15.6,Normal Operation,Normal
2026-05-04 00:14:35,2.82,0.93,2.623,14.45,Normal Operation,Normal
2026-05-04 00:14:35,2.81,0.98,2.754,16.91,Normal Operation,Normal
2026-05-04 00:14:36,2.77,0.93,2.576,15.67,Normal Operation,Normal
2026-05-04 00:14:37,2.21,0.97,2.144,16.24,CRITICAL: Voltage Tamper Detected! Voltage: 2.21 V,Voltage Tamper
2026-05-04 00:14:37,2.78,0.0,0.0,14.13,WARNING: Zero Current Detected (Bypass)!,Bypass Detected
2026-05-04 00:14:38,2.78,0.93,2.585,16.96,Normal Operation,Normal
2026-05-04 00:14:38,2.79,0.95,2.651,14.86,Normal Operation,Normal
2026-05-04 00:14:39,2.81,0.97,2.726,15.14,Normal Operation,Normal
2026-05-04 00:14:39,2.77,0.99,2.742,15.24,Normal Operation,Normal
2026-05-04 00:14:40,2.39,1.0,2.39,16.77,CRITICAL: Voltage Tamper Detected! Voltage: 2.39 V,Voltage Tamper
2026-05-04 00:14:40,2.79,0.91,2.539,95.89,WARNING: Magnetic Interference Detected! Field: 95.89 G,Magnetic Tamper
2026-05-04 00:14:41,2.76,0.95,2.622,16.14,Normal Operation,Normal
2026-05-04 00:14:42,2.84,0.91,2.584,16.42,Normal Operation,Normal
2026-05-04 00:14:42,2.77,0.99,2.742,14.91,Normal Operation,Normal
2026-05-04 00:14:43,2.8,0.96,2.688,15.74,Normal Operation,Normal
2026-05-04 00:14:43,2.83,0.97,2.745,16.07,Normal Operation,Normal
2026-05-04 00:14:44,2.85,0.0,0.0,16.99,WARNING: Zero Current Detected (Bypass)!,Bypass Detected
2026-05-04 00:14:44,2.83,0.94,2.66,72.31,WARNING: Magnetic Interference Detected! Field: 72.31 G,Magnetic Tamper
2026-05-04 00:14:45,2.83,0.99,2.802,16.51,Normal Operation,Normal
2026-05-04 00:14:45,2.8,0.99,2.772,16.93,Normal Operation,Normal
2026-05-04 00:14:46,2.84,0.92,2.613,14.76,Normal Operation,Normal
2026-05-04 00:14:47,2.77,1.0,2.77,13.2,Normal Operation,Normal
2026-05-04 00:14:47,2.76,0.95,2.622,14.64,Normal Operation,Normal
2026-05-04 00:14:48,2.85,1.0,2.85,75.73,WARNING: Magnetic Interference Detected! Field: 75.73 G,Magnetic Tamper
2026-05-04 00:14:48,2.79,0.96,2.678,14.08,Normal Operation,Normal
2026-05-04 00:14:49,2.82,0.92,2.594,13.53,Normal Operation,Normal
2026-05-04 00:14:49,2.8,0.95,2.66,13.26,Normal Operation,Normal
2026-05-04 00:14:50,2.84,0.92,2.613,14.99,Normal Operation,Normal
2026-05-04 00:14:51,1.92,0.92,1.766,15.48,CRITICAL: Voltage Tamper Detected! Voltage: 1.92 V,Voltage Tamper
2026-05-04 00:14:51,2.82,0.94,2.651,14.62,Normal Operation,Normal
2026-05-04 00:14:52,2.82,0.96,2.707,14.29,Normal Operation,Normal
2026-05-04 00:14:52,2.84,0.99,2.812,14.67,Normal Operation,Normal
2026-05-04 00:14:53,2.84,0.98,2.783,69.82,WARNING: Magnetic Interference Detected! Field: 69.82 G,Magnetic Tamper
2026-05-04 00:14:53,2.81,0.96,2.698,14.48,Normal Operation,Normal
2026-05-04 00:14:54,2.82,0.98,2.764,16.49,Normal Operation,Normal
2026-05-04 00:14:54,2.82,0.91,2.566,83.2,WARNING: Magnetic Interference Detected! Field: 83.20 G,Magnetic Tamper
2026-05-04 00:14:55,2.82,0.91,2.566,14.29,Normal Operation,Normal
2026-05-04 00:14:56,2.78,0.95,2.641,16.87,Normal Operation,Normal
2026-05-04 00:14:56,2.75,0.96,2.64,16.29,Normal Operation,Normal
2026-05-04 00:14:57,2.77,1.0,2.77,13.55,Normal Operation,Normal
2026-05-04 00:14:57,2.04,0.96,1.958,13.61,CRITICAL: Voltage Tamper Detected! Voltage: 2.04 V,Voltage Tamper
2026-05-04 00:14:58,2.78,0.96,2.669,13.05,Normal Operation,Normal
2026-05-04 00:14:58,2.83,0.99,2.802,13.45,Normal Operation,Normal
2026-05-04 00:14:59,2.82,0.93,2.623,13.44,Normal Operation,Normal
2026-05-04 00:14:59,2.85,0.97,2.764,14.43,Normal Operation,Normal
2026-05-04 00:15:00,2.83,0.99,2.802,16.06,Normal Operation,Normal
2026-05-04 00:15:01,2.82,0.94,2.651,14.22,Normal Operation,Normal
2026-05-04 00:15:01,2.8,0.96,2.688,14.13,Normal Operation,Normal
2026-05-04 00:15:02,2.84,0.0,0.0,16.85,WARNING: Zero Current Detected (Bypass)!,Bypass Detected
2026-05-04 00:15:02,2.79,0.99,2.762,13.95,Normal Operation,Normal
2026-05-04 00:15:03,2.84,0.91,2.584,14.17,Normal Operation,Normal
2026-05-04 00:15:03,2.85,0.92,2.622,13.34,Normal Operation,Normal
2026-05-04 00:15:04,2.79,0.93,2.595,16.11,Normal Operation,Normal
2026-05-04 00:15:05,2.81,0.94,2.641,14.7,Normal Operation,Normal
2026-05-04 00:15:05,2.83,0.95,2.688,15.24,Normal Operation,Normal
2026-05-04 00:15:06,2.84,0.99,2.812,14.96,Normal Operation,Normal
2026-05-04 00:15:06,2.82,0.94,2.651,96.59,WARNING: Magnetic Interference Detected! Field: 96.59 G,Magnetic Tamper
2026-05-04 00:15:07,2.82,0.97,2.735,16.28,Normal Operation,Normal
2026-05-04 00:15:07,2.84,0.93,2.641,14.02,Normal Operation,Normal
2026-05-04 00:15:08,2.8,0.98,2.744,15.79,Normal Operation,Normal
2026-05-04 00:15:08,2.76,0.0,0.0,16.87,WARNING: Zero Current Detected (Bypass)!,Bypass Detected
2026-05-04 00:15:09,2.79,1.0,2.79,15.29,Normal Operation,Normal
2026-05-04 00:15:09,2.78,0.91,2.53,14.14,Normal Operation,Normal
2026-05-04 00:15:10,2.8,0.96,2.688,16.71,Normal Operation,Normal
2026-05-04 00:15:11,2.84,0.97,2.755,13.57,Normal Operation,Normal
2026-05-04 00:15:11,2.78,0.99,2.752,14.33,Normal Operation,Normal
2026-05-04 00:15:12,2.81,0.95,2.669,14.34,Normal Operation,Normal
2026-05-04 00:15:12,2.82,0.98,2.764,14.18,Normal Operation,Normal
2026-05-04 00:15:13,2.81,0.97,2.726,16.51,Normal Operation,Normal
2026-05-04 00:15:13,2.78,0.99,2.752,15.81,Normal Operation,Normal
2026-05-04 00:15:14,2.8,0.0,0.0,13.83,WARNING: Zero Current Detected (Bypass)!,Bypass Detected
2026-05-04 00:15:14,2.8,0.92,2.576,14.69,Normal Operation,Normal
2026-05-04 00:15:15,2.8,0.0,0.0,16.16,WARNING: Zero Current Detected (Bypass)!,Bypass Detected
2026-05-04 00:15:15,2.79,0.0,0.0,16.82,WARNING: Zero Current Detected (Bypass)!,Bypass Detected
2026-05-04 00:15:16,2.78,0.97,2.697,13.96,Normal Operation,Normal
2026-05-04 00:15:17,2.85,1.0,2.85,16.69,Normal Operation,Normal
2026-05-04 00:15:17,2.84,0.92,2.613,82.24,WARNING: Magnetic Interference Detected! Field: 82.24 G,Magnetic Tamper
2026-05-04 00:15:18,2.83,0.97,2.745,14.44,Normal Operation,Normal
2026-05-04 00:15:18,2.77,0.93,2.576,16.56,Normal Operation,Normal
2026-05-04 00:15:19,2.83,0.0,0.0,13.47,WARNING: Zero Current Detected (Bypass)!,Bypass Detected
2026-05-04 00:15:19,2.83,0.91,2.575,15.87,Normal Operation,Normal
2026-05-04 00:15:20,2.85,0.0,0.0,14.11,WARNING: Zero Current Detected (Bypass)!,Bypass Detected
2026-05-04 00:15:21,2.81,0.99,2.782,13.42,Normal Operation,Normal
2026-05-04 00:15:21,2.02,0.99,2.0,13.35,CRITICAL: Voltage Tamper Detected! Voltage: 2.02 V,Voltage Tamper
2026-05-04 00:15:22,2.82,0.91,2.566,16.94,Normal Operation,Normal
2026-05-04 00:15:22,2.83,0.9,2.547,15.43,Normal Operation,Normal
2026-05-04 00:15:23,2.82,0.95,2.679,14.76,Normal Operation,Normal
2026-05-04 00:15:23,2.75,0.96,2.64,14.57,Normal Operation,Normal
2026-05-04 00:15:24,2.82,0.97,2.735,14.98,Normal Operation,Normal
2026-05-04 00:15:24,2.75,0.94,2.585,15.26,Normal Operation,Normal
2026-05-04 00:15:25,2.83,0.91,2.575,13.1,Normal Operation,Normal
2026-05-04 00:15:26,2.85,0.98,2.793,13.01,Normal Operation,Normal
2026-05-04 00:15:26,2.79,0.98,2.734,14.61,Normal Operation,Normal
2026-05-04 00:15:27,2.8,0.98,2.744,15.83,Normal Operation,Normal
2026-05-04 00:15:27,2.78,0.99,2.752,16.79,Normal Operation,Normal
2026-05-04 00:15:28,2.8,0.99,2.772,13.5,Normal Operation,Normal
2026-05-04 00:15:28,2.78,0.0,0.0,13.93,WARNING: Zero Current Detected (Bypass)!,Bypass Detected
2026-05-04 00:15:29,2.77,0.96,2.659,85.48,WARNING: Magnetic Interference Detected! Field: 85.48 G,Magnetic Tamper
2026-05-04 00:15:29,2.82,0.91,2.566,16.17,Normal Operation,Normal
2026-05-04 00:15:30,2.82,0.9,2.538,13.08,Normal Operation,Normal
2026-05-04 00:15:31,2.84,0.94,2.67,15.39,Normal Operation,Normal
2026-05-04 00:15:31,2.78,0.99,2.752,13.81,Normal Operation,Normal
2026-05-04 00:15:32,2.82,0.94,2.651,16.11,Normal Operation,Normal
2026-05-04 00:15:32,2.79,0.99,2.762,90.88,WARNING: Magnetic Interference Detected! Field: 90.88 G,Magnetic Tamper
2026-05-04 00:15:33,2.83,0.91,2.575,16.23,Normal Operation,Normal
2026-05-04 00:15:33,2.8,0.94,2.632,16.24,Normal Operation,Normal
2026-05-04 00:15:34,2.85,0.96,2.736,15.05,Normal Operation,Normal
2026-05-04 00:15:34,2.78,0.98,2.724,15.51,Normal Operation,Normal
2026-05-04 00:15:35,2.21,0.91,2.011,16.77,CRITICAL: Voltage Tamper Detected! Voltage: 2.21 V,Voltage Tamper
2026-05-04 00:15:36,2.78,0.9,2.502,15.58,Normal Operation,Normal
2026-05-04 00:15:36,2.82,0.94,2.651,14.84,Normal Operation,Normal
2026-05-04 00:15:37,2.77,0.94,2.604,16.58,Normal Operation,Normal
2026-05-04 00:15:37,2.8,0.93,2.604,13.28,Normal Operation,Normal
2026-05-04 00:15:38,2.3,0.97,2.231,14.17,CRITICAL: Voltage Tamper Detected! Voltage: 2.30 V,Voltage Tamper
2026-05-04 00:15:38,2.78,0.91,2.53,13.87,Normal Operation,Normal
2026-05-04 00:15:39,2.81,0.92,2.585,14.5,Normal Operation,Normal
2026-05-04 00:15:40,2.84,0.94,2.67,94.95,WARNING: Magnetic Interference Detected! Field: 94.95 G,Magnetic Tamper
2026-05-04 00:15:40,2.77,0.9,2.493,15.51,Normal Operation,Normal
2026-05-04 00:15:41,1.98,0.96,1.901,16.12,CRITICAL: Voltage Tamper Detected! Voltage: 1.98 V,Voltage Tamper
2026-05-04 00:15:41,2.77,0.95,2.631,16.66,Normal Operation,Normal
2026-05-04 00:15:42,2.77,0.97,2.687,13.14,Normal Operation,Normal
2026-05-04 00:15:42,2.79,0.94,2.623,14.21,Normal Operation,Normal
2026-05-04 00:15:43,2.82,0.97,2.735,14.89,Normal Operation,Normal
2026-05-04 00:15:43,2.79,0.92,2.567,14.82,Normal Operation,Normal
2026-05-04 00:15:44,2.75,0.99,2.723,14.44,Normal Operation,Normal
2026-05-04 00:15:45,2.85,0.0,0.0,14.91,WARNING: Zero Current Detected (Bypass)!,Bypass Detected
2026-05-04 00:15:45,2.79,0.99,2.762,93.75,WARNING: Magnetic Interference Detected! Field: 93.75 G,Magnetic Tamper
2026-05-04 00:15:46,2.77,1.0,2.77,15.76,Normal Operation,Normal
2026-05-04 00:15:46,2.82,0.91,2.566,16.84,Normal Operation,Normal
2026-05-04 00:15:47,2.83,0.94,2.66,13.47,Normal Operation,Normal
2026-05-04 00:15:47,2.8,0.97,2.716,13.47,Normal Operation,Normal
2026-05-04 00:15:48,2.8,1.0,2.8,90.09,WARNING: Magnetic Interference Detected! Field: 90.09 G,Magnetic Tamper
2026-05-04 00:15:49,2.79,0.92,2.567,92.76,WARNING: Magnetic Interference Detected! Field: 92.76 G,Magnetic Tamper
2026-05-04 00:15:49,2.8,0.98,2.744,14.02,Normal Operation,Normal
2026-05-04 00:15:50,2.84,0.9,2.556,16.69,Normal Operation,Normal
2026-05-04 00:15:50,2.82,0.94,2.651,14.84,Normal Operation,Normal
2026-05-04 00:15:51,2.8,0.94,2.632,16.61,Normal Operation,Normal
2026-05-04 00:15:51,2.79,0.99,2.762,13.58,Normal Operation,Normal
2026-05-04 00:15:52,2.78,0.96,2.669,15.32,Normal Operation,Normal
2026-05-04 00:15:53,2.8,0.98,2.744,13.78,Normal Operation,Normal
2026-05-04 00:15:53,2.85,0.95,2.708,16.37,Normal Operation,Normal
2026-05-04 00:15:54,2.8,0.98,2.744,16.21,Normal Operation,Normal
2026-05-04 00:15:54,2.82,0.97,2.735,14.95,Normal Operation,Normal
2026-05-04 00:15:55,2.82,0.91,2.566,16.9,Normal Operation,Normal
2026-05-04 00:15:55,2.83,0.97,2.745,16.04,Normal Operation,Normal
2026-05-04 00:15:56,2.78,0.94,2.613,13.83,Normal Operation,Normal
2026-05-04 00:15:56,2.84,0.93,2.641,13.93,Normal Operation,Normal
2026-05-04 00:15:57,2.81,0.0,0.0,13.32,WARNING: Zero Current Detected (Bypass)!,Bypass Detected
2026-05-04 00:15:58,2.84,0.0,0.0,13.04,WARNING: Zero Current Detected (Bypass)!,Bypass Detected
2026-05-04 00:15:58,2.77,0.93,2.576,14.98,Normal Operation,Normal
2026-05-04 00:15:59,2.79,0.93,2.595,15.67,Normal Operation,Normal
2026-05-04 00:15:59,2.84,0.96,2.726,16.48,Normal Operation,Normal
2026-05-04 00:16:00,2.84,0.94,2.67,16.58,Normal Operation,Normal
2026-05-04 00:16:00,2.84,1.0,2.84,16.91,Normal Operation,Normal
2026-05-04 00:16:01,2.78,0.93,2.585,14.47,Normal Operation,Normal
2026-05-04 00:16:02,2.79,0.0,0.0,13.29,WARNING: Zero Current Detected (Bypass)!,Bypass Detected
2026-05-04 00:16:02,2.76,0.99,2.732,14.92,Normal Operation,Normal
2026-05-04 00:16:03,2.79,0.94,2.623,16.33,Normal Operation,Normal
2026-05-04 00:16:03,2.84,0.99,2.812,14.4,Normal Operation,Normal
2026-05-04 00:16:04,2.78,0.91,2.53,14.05,Normal Operation,Normal
2026-05-04 00:16:04,2.78,0.98,2.724,13.72,Normal Operation,Normal
2026-05-04 00:16:05,2.8,0.94,2.632,13.24,Normal Operation,Normal
2026-05-04 00:16:05,2.78,0.98,2.724,15.03,Normal Operation,Normal
2026-05-04 00:16:06,2.76,0.99,2.732,15.95,Normal Operation,Normal
2026-05-04 00:16:07,2.19,0.98,2.146,15.6,CRITICAL: Voltage Tamper Detected! Voltage: 2.19 V,Voltage Tamper
2026-05-04 00:16:07,2.82,0.98,2.764,15.99,Normal Operation,Normal
2026-05-04 00:16:08,2.82,0.99,2.792,14.76,Normal Operation,Normal
2026-05-04 00:16:08,2.81,0.91,2.557,15.89,Normal Operation,Normal
2026-05-04 00:16:09,2.84,0.91,2.584,72.49,WARNING: Magnetic Interference Detected! Field: 72.49 G,Magnetic Tamper
2026-05-04 00:16:09,2.78,0.95,2.641,15.64,Normal Operation,Normal
2026-05-04 00:16:10,2.79,0.95,2.651,15.34,Normal Operation,Normal
2026-05-04 00:16:11,1.89,0.94,1.777,14.89,CRITICAL: Voltage Tamper Detected! Voltage: 1.89 V,Voltage Tamper
2026-05-04 00:16:11,2.83,0.92,2.604,13.05,Normal Operation,Normal
2026-05-04 00:16:12,2.78,0.93,2.585,15.1,Normal Operation,Normal
2026-05-04 00:16:12,2.81,0.96,2.698,13.4,Normal Operation,Normal
2026-05-04 00:16:13,2.37,0.95,2.252,16.65,CRITICAL: Voltage Tamper Detected! Voltage: 2.37 V,Voltage Tamper
2026-05-04 00:16:13,2.75,0.92,2.53,13.23,Normal Operation,Normal
2026-05-04 00:16:14,2.84,0.9,2.556,15.45,Normal Operation,Normal
2026-05-04 00:16:15,2.77,0.93,2.576,15.39,Normal Operation,Normal
2026-05-04 00:16:15,2.76,0.94,2.594,15.05,Normal Operation,Normal
2026-05-04 00:16:16,2.77,0.91,2.521,15.24,Normal Operation,Normal
2026-05-04 00:16:16,2.84,0.99,2.812,14.04,Normal Operation,Normal
2026-05-04 00:16:17,2.82,0.95,2.679,15.81,Normal Operation,Normal
2026-05-04 00:16:17,2.75,0.0,0.0,14.65,WARNING: Zero Current Detected (Bypass)!,Bypass Detected
2026-05-04 00:16:18,2.79,0.96,2.678,14.46,Normal Operation,Normal
2026-05-04 00:16:18,2.76,0.91,2.512,62.24,WARNING: Magnetic Interference Detected! Field: 62.24 G,Magnetic Tamper
2026-05-04 00:16:19,2.81,0.96,2.698,15.17,Normal Operation,Normal
2026-05-04 00:16:20,2.8,0.95,2.66,14.2,Normal Operation,Normal
2026-05-04 00:16:20,2.8,0.93,2.604,13.03,Normal Operation,Normal
2026-05-04 00:16:21,2.76,0.92,2.539,15.56,Normal Operation,Normal
2026-05-04 00:16:21,2.76,0.95,2.622,16.19,Normal Operation,Normal
2026-05-04 00:16:22,2.84,0.93,2.641,14.08,Normal Operation,Normal
2026-05-04 00:16:22,2.78,0.93,2.585,13.79,Normal Operation,Normal
2026-05-04 00:16:23,2.85,0.96,2.736,13.38,Normal Operation,Normal
2026-05-04 00:16:24,2.8,0.98,2.744,15.08,Normal Operation,Normal
2026-05-04 00:16:24,2.84,0.0,0.0,15.22,WARNING: Zero Current Detected (Bypass)!,Bypass Detected
2026-05-04 00:16:25,2.79,0.93,2.595,16.89,Normal Operation,Normal
2026-05-04 00:16:25,2.84,0.97,2.755,61.74,WARNING: Magnetic Interference Detected! Field: 61.74 G,Magnetic Tamper
2026-05-04 00:16:26,2.76,0.94,2.594,15.55,Normal Operation,Normal
2026-05-04 00:16:26,2.38,0.91,2.166,15.24,CRITICAL: Voltage Tamper Detected! Voltage: 2.38 V,Voltage Tamper
2026-05-04 00:16:27,2.83,0.91,2.575,15.41,Normal Operation,Normal
2026-05-04 00:16:27,2.78,0.91,2.53,13.0,Normal Operation,Normal
2026-05-04 00:16:28,2.76,0.0,0.0,15.11,WARNING: Zero Current Detected (Bypass)!,Bypass Detected
2026-05-04 00:16:29,2.08,0.97,2.018,15.41,CRITICAL: Voltage Tamper Detected! Voltage: 2.08 V,Voltage Tamper
2026-05-04 00:16:29,2.83,0.92,2.604,15.83,Normal Operation,Normal
2026-05-04 00:16:30,2.77,0.0,0.0,15.08,WARNING: Zero Current Detected (Bypass)!,Bypass Detected
2026-05-04 00:16:30,2.79,0.0,0.0,13.91,WARNING: Zero Current Detected (Bypass)!,Bypass Detected
2026-05-04 00:16:31,2.78,0.93,2.585,13.51,Normal Operation,Normal
2026-05-04 00:16:31,2.76,0.91,2.512,16.17,Normal Operation,Normal
2026-05-04 00:16:32,2.8,0.93,2.604,13.26,Normal Operation,Normal
2026-05-04 00:16:33,2.81,0.93,2.613,14.76,Normal Operation,Normal
2026-05-04 00:16:33,2.8,0.92,2.576,13.96,Normal Operation,Normal
2026-05-04 00:16:34,2.78,0.99,2.752,15.23,Normal Operation,Normal
2026-05-04 00:16:34,2.78,0.93,2.585,85.42,WARNING: Magnetic Interference Detected! Field: 85.42 G,Magnetic Tamper
2026-05-04 00:16:35,2.83,0.95,2.688,15.39,Normal Operation,Normal
2026-05-04 00:16:35,2.21,0.9,1.989,15.83,CRITICAL: Voltage Tamper Detected! Voltage: 2.21 V,Voltage Tamper
2026-05-04 00:16:36,2.77,0.98,2.715,14.36,Normal Operation,Normal
2026-05-04 00:16:36,2.83,0.95,2.688,16.73,Normal Operation,Normal
2026-05-04 00:16:37,2.77,0.97,2.687,16.15,Normal Operation,Normal
2026-05-04 00:16:38,2.8,0.93,2.604,15.98,Normal Operation,Normal
2026-05-04 00:16:38,2.85,0.96,2.736,14.58,Normal Operation,Normal
2026-05-04 00:16:39,2.78,0.99,2.752,14.98,Normal Operation,Normal
2026-05-04 00:16:39,2.07,0.99,2.049,13.41,CRITICAL: Voltage Tamper Detected! Voltage: 2.07 V,Voltage Tamper
2026-05-04 00:16:40,2.8,0.99,2.772,16.32,Normal Operation,Normal
2026-05-04 00:16:40,2.81,0.95,2.669,15.77,Normal Operation,Normal
2026-05-04 00:16:41,2.83,0.93,2.632,16.96,Normal Operation,Normal
2026-05-04 00:16:42,2.84,0.97,2.755,16.35,Normal Operation,Normal
2026-05-04 00:16:42,2.81,0.0,0.0,16.2,WARNING: Zero Current Detected (Bypass)!,Bypass Detected
2026-05-04 00:16:43,2.75,0.96,2.64,16.37,Normal Operation,Normal
2026-05-04 00:16:43,2.75,0.91,2.502,13.8,Normal Operation,Normal
2026-05-04 00:16:44,2.84,0.94,2.67,15.83,Normal Operation,Normal
2026-05-04 00:16:44,2.76,0.92,2.539,15.46,Normal Operation,Normal
2026-05-04 00:16:45,1.81,0.96,1.738,13.08,CRITICAL: Voltage Tamper Detected! Voltage: 1.81 V,Voltage Tamper
2026-05-04 00:16:46,2.77,0.94,2.604,16.47,Normal Operation,Normal
2026-05-04 00:16:46,2.85,0.93,2.651,13.49,Normal Operation,Normal
2026-05-04 00:16:47,2.19,0.92,2.015,16.78,CRITICAL: Voltage Tamper Detected! Voltage: 2.19 V,Voltage Tamper
2026-05-04 00:16:47,2.79,0.96,2.678,15.17,Normal Operation,Normal
2026-05-04 00:16:48,2.23,0.93,2.074,15.12,CRITICAL: Voltage Tamper Detected! Voltage: 2.23 V,Voltage Tamper
2026-05-04 00:16:48,2.8,0.98,2.744,13.19,Normal Operation,Normal
2026-05-04 00:16:49,2.76,0.93,2.567,14.58,Normal Operation,Normal
2026-05-04 00:16:49,2.82,0.9,2.538,13.13,Normal Operation,Normal
2026-05-04 00:16:50,2.85,0.92,2.622,16.22,Normal Operation,Normal
2026-05-04 00:16:51,2.82,0.92,2.594,16.09,Normal Operation,Normal
2026-05-04 00:16:51,2.83,0.99,2.802,15.16,Normal Operation,Normal
2026-05-04 00:16:52,2.83,0.99,2.802,14.63,Normal Operation,Normal
2026-05-04 00:16:52,2.82,0.99,2.792,95.86,WARNING: Magnetic Interference Detected! Field: 95.86 G,Magnetic Tamper
2026-05-04 00:16:53,2.83,0.93,2.632,87.9,WARNING: Magnetic Interference Detected! Field: 87.90 G,Magnetic Tamper
2026-05-04 00:16:53,2.78,0.96,2.669,14.98,Normal Operation,Normal
2026-05-04 00:16:54,2.79,0.92,2.567,15.62,Normal Operation,Normal
2026-05-04 00:16:55,2.84,0.97,2.755,13.25,Normal Operation,Normal
2026-05-04 00:16:55,2.75,0.95,2.612,13.8,Normal Operation,Normal
2026-05-04 00:16:56,2.79,0.92,2.567,64.83,WARNING: Magnetic Interference Detected! Field: 64.83 G,Magnetic Tamper
2026-05-04 00:16:56,2.13,0.99,2.109,13.45,CRITICAL: Voltage Tamper Detected! Voltage: 2.13 V,Voltage Tamper
2026-05-04 00:16:57,2.83,0.0,0.0,16.15,WARNING: Zero Current Detected (Bypass)!,Bypass Detected
2026-05-04 00:16:57,2.78,0.99,2.752,15.99,Normal Operation,Normal
2026-05-04 00:16:58,2.78,0.97,2.697,13.94,Normal Operation,Normal
2026-05-04 00:16:59,1.82,0.95,1.729,14.76,CRITICAL: Voltage Tamper Detected! Voltage: 1.82 V,Voltage Tamper
2026-05-04 00:16:59,2.79,1.0,2.79,97.84,WARNING: Magnetic Interference Detected! Field: 97.84 G,Magnetic Tamper
2026-05-04 00:17:00,2.78,0.95,2.641,16.88,Normal Operation,Normal
2026-05-04 00:17:00,2.83,0.95,2.688,14.56,Normal Operation,Normal
2026-05-04 00:17:01,1.86,0.92,1.711,14.72,CRITICAL: Voltage Tamper Detected! Voltage: 1.86 V,Voltage Tamper
2026-05-04 00:17:01,2.8,0.91,2.548,14.78,Normal Operation,Normal
2026-05-04 00:17:02,2.76,0.96,2.65,16.88,Normal Operation,Normal
2026-05-04 00:17:02,2.82,0.95,2.679,15.67,Normal Operation,Normal
2026-05-04 00:17:03,2.84,0.0,0.0,15.64,WARNING: Zero Current Detected (Bypass)!,Bypass Detected
2026-05-04 00:17:04,2.83,0.96,2.717,14.15,Normal Operation,Normal
2026-05-04 00:17:04,2.76,0.98,2.705,64.3,WARNING: Magnetic Interference Detected! Field: 64.30 G,Magnetic Tamper
2026-05-04 00:17:05,2.8,0.93,2.604,13.97,Normal Operation,Normal
2026-05-04 00:17:05,2.81,0.98,2.754,13.5,Normal Operation,Normal
2026-05-04 00:17:06,2.83,0.96,2.717,16.65,Normal Operation,Normal
2026-05-04 00:17:06,2.83,1.0,2.83,15.52,Normal Operation,Normal
2026-05-04 00:17:07,2.76,1.0,2.76,13.37,Normal Operation,Normal
2026-05-04 00:17:08,2.27,0.98,2.225,16.74,CRITICAL: Voltage Tamper Detected! Voltage: 2.27 V,Voltage Tamper
2026-05-04 00:17:08,2.84,0.94,2.67,13.7,Normal Operation,Normal
2026-05-04 00:17:09,2.76,0.94,2.594,87.66,WARNING: Magnetic Interference Detected! Field: 87.66 G,Magnetic Tamper
2026-05-04 00:17:09,1.92,1.0,1.92,15.34,CRITICAL: Voltage Tamper Detected! Voltage: 1.92 V,Voltage Tamper
2026-05-04 00:17:10,2.82,0.0,0.0,14.95,WARNING: Zero Current Detected (Bypass)!,Bypass Detected
2026-05-04 00:17:10,2.75,0.99,2.723,14.12,Normal Operation,Normal
2026-05-04 00:17:11,2.77,0.97,2.687,14.23,Normal Operation,Normal
2026-05-04 00:17:11,2.81,1.0,2.81,15.4,Normal Operation,Normal
2026-05-04 00:17:12,1.99,0.97,1.93,14.3,CRITICAL: Voltage Tamper Detected! Voltage: 1.99 V,Voltage Tamper
2026-05-04 00:17:13,2.77,0.97,2.687,13.53,Normal Operation,Normal
2026-05-04 00:17:13,2.78,1.0,2.78,16.86,Normal Operation,Normal
2026-05-04 00:17:14,2.76,0.97,2.677,14.09,Normal Operation,Normal
2026-05-04 00:17:14,2.77,0.94,2.604,13.09,Normal Operation,Normal
2026-05-04 00:17:15,2.83,0.93,2.632,16.44,Normal Operation,Normal
2026-05-04 00:17:15,2.39,0.94,2.247,16.21,CRITICAL: Voltage Tamper Detected! Voltage: 2.39 V,Voltage Tamper
2026-05-04 00:17:16,2.82,0.99,2.792,15.41,Normal Operation,Normal
2026-05-04 00:17:17,0.0,0.0,0.0,0.0,WARNING: Zero Current Detected (Bypass)!,Bypass Detected
2026-05-04 00:17:17,0.0,0.0,0.0,0.0,WARNING: Zero Current Detected (Bypass)!,Bypass Detected
2026-05-04 00:17:18,0.0,0.0,0.0,0.0,WARNING: Zero Current Detected (Bypass)!,Bypass Detected
2026-05-04 00:17:18,0.0,0.0,0.0,0.0,WARNING: Zero Current Detected (Bypass)!,Bypass Detected
2026-05-04 00:17:19,0.0,0.0,0.0,0.0,WARNING: Zero Current Detected (Bypass)!,Bypass Detected
2026-05-04 00:17:19,0.0,0.0,0.0,0.0,WARNING: Zero Current Detected (Bypass)!,Bypass Detected
2026-05-04 00:17:20,0.0,0.0,0.0,0.0,WARNING: Zero Current Detected (Bypass)!,Bypass Detected
2026-05-04 00:17:21,0.0,0.0,0.0,0.0,WARNING: Zero Current Detected (Bypass)!,Bypass Detected
2026-05-04 00:17:21,0.0,0.0,0.0,0.0,WARNING: Zero Current Detected (Bypass)!,Bypass Detected
2026-05-04 00:17:22,0.0,0.0,0.0,0.0,WARNING: Zero Current Detected (Bypass)!,Bypass Detected
2026-05-04 00:17:22,0.0,0.0,0.0,0.0,WARNING: Zero Current Detected (Bypass)!,Bypass Detected
2026-05-04 00:17:23,0.0,0.0,0.0,0.0,WARNING: Zero Current Detected (Bypass)!,Bypass Detected
2026-05-04 00:17:23,0.0,0.0,0.0,0.0,WARNING: Zero Current Detected (Bypass)!,Bypass Detected
2026-05-04 00:17:24,0.0,0.0,0.0,0.0,WARNING: Zero Current Detected (Bypass)!,Bypass Detected
2026-05-04 00:17:25,0.0,0.0,0.0,0.0,WARNING: Zero Current Detected (Bypass)!,Bypass Detected
2026-05-04 00:17:25,0.0,0.0,0.0,0.0,WARNING: Zero Current Detected (Bypass)!,Bypass Detected
2026-05-04 00:17:26,0.0,0.0,0.0,0.0,WARNING: Zero Current Detected (Bypass)!,Bypass Detected
2026-05-04 00:17:26,0.0,0.0,0.0,0.0,WARNING: Zero Current Detected (Bypass)!,Bypass Detected
2026-05-04 00:17:27,0.0,0.0,0.0,0.0,WARNING: Zero Current Detected (Bypass)!,Bypass Detected
2026-05-04 00:17:27,0.0,0.0,0.0,0.0,WARNING: Zero Current Detected (Bypass)!,Bypass Detected
2026-05-04 00:17:28,0.0,0.0,0.0,0.0,WARNING: Zero Current Detected (Bypass)!,Bypass Detected
2026-05-04 00:17:28,0.0,0.0,0.0,0.0,WARNING: Zero Current Detected (Bypass)!,Bypass Detected
2026-05-04 00:17:29,0.0,0.0,0.0,0.0,WARNING: Zero Current Detected (Bypass)!,Bypass Detected
2026-05-04 00:17:30,0.0,0.0,0.0,0.0,WARNING: Zero Current Detected (Bypass)!,Bypass Detected
2026-05-04 00:17:30,0.0,0.0,0.0,0.0,WARNING: Zero Current Detected (Bypass)!,Bypass Detected
2026-05-04 00:17:31,0.0,0.0,0.0,0.0,WARNING: Zero Current Detected (Bypass)!,Bypass Detected
2026-05-04 00:17:31,0.0,0.0,0.0,0.0,WARNING: Zero Current Detected (Bypass)!,Bypass Detected
2026-05-04 00:17:32,0.0,0.0,0.0,0.0,WARNING: Zero Current Detected (Bypass)!,Bypass Detected
2026-05-04 00:17:32,0.0,0.0,0.0,0.0,WARNING: Zero Current Detected (Bypass)!,Bypass Detected
2026-05-04 00:17:33,0.0,0.0,0.0,0.0,WARNING: Zero Current Detected (Bypass)!,Bypass Detected
2026-05-04 00:17:34,0.0,0.0,0.0,0.0,WARNING: Zero Current Detected (Bypass)!,Bypass Detected
2026-05-04 00:17:34,0.0,0.0,0.0,0.0,WARNING: Zero Current Detected (Bypass)!,Bypass Detected
2026-05-04 00:17:35,0.0,0.0,0.0,0.0,WARNING: Zero Current Detected (Bypass)!,Bypass Detected
2026-05-04 00:17:35,0.0,0.0,0.0,0.0,WARNING: Zero Current Detected (Bypass)!,Bypass Detected
2026-05-04 00:17:36,0.0,0.0,0.0,0.0,WARNING: Zero Current Detected (Bypass)!,Bypass Detected
2026-05-04 00:17:36,0.0,0.0,0.0,0.0,WARNING: Zero Current Detected (Bypass)!,Bypass Detected
2026-05-04 00:17:37,0.0,0.0,0.0,0.0,WARNING: Zero Current Detected (Bypass)!,Bypass Detected
2026-05-04 00:17:37,0.0,0.0,0.0,0.0,WARNING: Zero Current Detected (Bypass)!,Bypass Detected
2026-05-04 00:17:38,0.0,0.0,0.0,0.0,WARNING: Zero Current Detected (Bypass)!,Bypass Detected
2026-05-04 00:17:39,0.0,0.0,0.0,0.0,WARNING: Zero Current Detected (Bypass)!,Bypass Detected
2026-05-04 00:17:39,0.0,0.0,0.0,0.0,WARNING: Zero Current Detected (Bypass)!,Bypass Detected
2026-05-04 00:17:40,0.0,0.0,0.0,0.0,WARNING: Zero Current Detected (Bypass)!,Bypass Detected
2026-05-04 00:17:40,0.0,0.0,0.0,0.0,WARNING: Zero Current Detected (Bypass)!,Bypass Detected
2026-05-04 00:17:41,0.0,0.0,0.0,0.0,WARNING: Zero Current Detected (Bypass)!,Bypass Detected
2026-05-04 00:17:41,0.0,0.0,0.0,0.0,WARNING: Zero Current Detected (Bypass)!,Bypass Detected
2026-05-04 00:17:42,0.0,0.0,0.0,0.0,WARNING: Zero Current Detected (Bypass)!,Bypass Detected
2026-05-04 00:17:43,0.0,0.0,0.0,0.0,WARNING: Zero Current Detected (Bypass)!,Bypass Detected
2026-05-04 00:17:43,0.0,0.0,0.0,0.0,WARNING: Zero Current Detected (Bypass)!,Bypass Detected
2026-05-04 00:17:44,0.0,0.0,0.0,0.0,WARNING: Zero Current Detected (Bypass)!,Bypass Detected
2026-05-04 00:17:44,0.0,0.0,0.0,0.0,WARNING: Zero Current Detected (Bypass)!,Bypass Detected
2026-05-04 00:17:45,0.0,0.0,0.0,0.0,WARNING: Zero Current Detected (Bypass)!,Bypass Detected
2026-05-04 00:17:45,0.0,0.0,0.0,0.0,WARNING: Zero Current Detected (Bypass)!,Bypass Detected
2026-05-04 00:17:46,0.0,0.0,0.0,0.0,WARNING: Zero Current Detected (Bypass)!,Bypass Detected
2026-05-04 00:17:46,0.0,0.0,0.0,0.0,WARNING: Zero Current Detected (Bypass)!,Bypass Detected
2026-05-04 00:17:47,0.0,0.0,0.0,0.0,WARNING: Zero Current Detected (Bypass)!,Bypass Detected
2026-05-04 00:17:48,0.0,0.0,0.0,0.0,WARNING: Zero Current Detected (Bypass)!,Bypass Detected
2026-05-04 00:17:48,0.0,0.0,0.0,0.0,WARNING: Zero Current Detected (Bypass)!,Bypass Detected
2026-05-04 00:17:49,0.0,0.0,0.0,0.0,WARNING: Zero Current Detected (Bypass)!,Bypass Detected
2026-05-04 00:17:49,0.0,0.0,0.0,0.0,WARNING: Zero Current Detected (Bypass)!,Bypass Detected
2026-05-04 00:17:50,0.0,0.0,0.0,0.0,WARNING: Zero Current Detected (Bypass)!,Bypass Detected
2026-05-04 00:17:50,0.0,0.0,0.0,0.0,WARNING: Zero Current Detected (Bypass)!,Bypass Detected
2026-05-04 00:17:51,0.0,0.0,0.0,0.0,WARNING: Zero Current Detected (Bypass)!,Bypass Detected
2026-05-04 00:17:52,0.0,0.0,0.0,0.0,WARNING: Zero Current Detected (Bypass)!,Bypass Detected
2026-05-04 00:17:52,0.0,0.0,0.0,0.0,WARNING: Zero Current Detected (Bypass)!,Bypass Detected
2026-05-04 00:17:53,0.0,0.0,0.0,0.0,WARNING: Zero Current Detected (Bypass)!,Bypass Detected
2026-05-04 00:17:53,0.0,0.0,0.0,0.0,WARNING: Zero Current Detected (Bypass)!,Bypass Detected
2026-05-04 00:17:54,0.0,0.0,0.0,0.0,WARNING: Zero Current Detected (Bypass)!,Bypass Detected
2026-05-04 00:17:54,0.0,0.0,0.0,0.0,WARNING: Zero Current Detected (Bypass)!,Bypass Detected
2026-05-04 00:17:55,0.0,0.0,0.0,0.0,WARNING: Zero Current Detected (Bypass)!,Bypass Detected
2026-05-04 00:17:55,0.0,0.0,0.0,0.0,WARNING: Zero Current Detected (Bypass)!,Bypass Detected
2026-05-04 00:17:56,0.0,0.0,0.0,0.0,WARNING: Zero Current Detected (Bypass)!,Bypass Detected
2026-05-04 00:17:57,0.0,0.0,0.0,0.0,WARNING: Zero Current Detected (Bypass)!,Bypass Detected
2026-05-04 00:17:57,0.0,0.0,0.0,0.0,WARNING: Zero Current Detected (Bypass)!,Bypass Detected
2026-05-04 00:17:58,0.0,0.0,0.0,0.0,WARNING: Zero Current Detected (Bypass)!,Bypass Detected
2026-05-04 00:17:58,0.0,0.0,0.0,0.0,WARNING: Zero Current Detected (Bypass)!,Bypass Detected
2026-05-04 00:17:59,0.0,0.0,0.0,0.0,WARNING: Zero Current Detected (Bypass)!,Bypass Detected
2026-05-04 00:17:59,0.0,0.0,0.0,0.0,WARNING: Zero Current Detected (Bypass)!,Bypass Detected
2026-05-04 00:18:00,0.0,0.0,0.0,0.0,WARNING: Zero Current Detected (Bypass)!,Bypass Detected
2026-05-04 00:18:01,0.0,0.0,0.0,0.0,WARNING: Zero Current Detected (Bypass)!,Bypass Detected
2026-05-04 00:18:01,0.0,0.0,0.0,0.0,WARNING: Zero Current Detected (Bypass)!,Bypass Detected
2026-05-04 00:18:02,0.0,0.0,0.0,0.0,WARNING: Zero Current Detected (Bypass)!,Bypass Detected
2026-05-04 00:18:02,0.0,0.0,0.0,0.0,WARNING: Zero Current Detected (Bypass)!,Bypass Detected
2026-05-04 00:18:03,0.0,0.0,0.0,0.0,WARNING: Zero Current Detected (Bypass)!,Bypass Detected
2026-05-04 00:18:03,0.0,0.0,0.0,0.0,WARNING: Zero Current Detected (Bypass)!,Bypass Detected
2026-05-04 00:18:04,0.0,0.0,0.0,0.0,WARNING: Zero Current Detected (Bypass)!,Bypass Detected
2026-05-04 00:18:04,0.0,0.0,0.0,0.0,WARNING: Zero Current Detected (Bypass)!,Bypass Detected
2026-05-04 00:18:05,0.0,0.0,0.0,0.0,WARNING: Zero Current Detected (Bypass)!,Bypass Detected
2026-05-04 00:18:06,0.0,0.0,0.0,0.0,WARNING: Zero Current Detected (Bypass)!,Bypass Detected
2026-05-04 00:18:06,0.0,0.0,0.0,0.0,WARNING: Zero Current Detected (Bypass)!,Bypass Detected
2026-05-04 00:18:07,0.0,0.0,0.0,0.0,WARNING: Zero Current Detected (Bypass)!,Bypass Detected
2026-05-04 00:18:07,0.0,0.0,0.0,0.0,WARNING: Zero Current Detected (Bypass)!,Bypass Detected
2026-05-04 00:18:08,0.0,0.0,0.0,0.0,WARNING: Zero Current Detected (Bypass)!,Bypass Detected
2026-05-04 00:18:08,0.0,0.0,0.0,0.0,WARNING: Zero Current Detected (Bypass)!,Bypass Detected
2026-05-04 00:18:09,0.0,0.0,0.0,0.0,WARNING: Zero Current Detected (Bypass)!,Bypass Detected
2026-05-04 00:18:10,0.0,0.0,0.0,0.0,WARNING: Zero Current Detected (Bypass)!,Bypass Detected
2026-05-04 00:18:10,0.0,0.0,0.0,0.0,WARNING: Zero Current Detected (Bypass)!,Bypass Detected
2026-05-04 00:18:11,0.0,0.0,0.0,0.0,WARNING: Zero Current Detected (Bypass)!,Bypass Detected
2026-05-04 00:18:11,0.0,0.0,0.0,0.0,WARNING: Zero Current Detected (Bypass)!,Bypass Detected
2026-05-04 00:18:12,0.0,0.0,0.0,0.0,WARNING: Zero Current Detected (Bypass)!,Bypass Detected
2026-05-04 00:18:12,0.0,0.0,0.0,0.0,WARNING: Zero Current Detected (Bypass)!,Bypass Detected
2026-05-04 00:18:13,0.0,0.0,0.0,0.0,WARNING: Zero Current Detected (Bypass)!,Bypass Detected
2026-05-04 00:18:13,0.0,0.0,0.0,0.0,WARNING: Zero Current Detected (Bypass)!,Bypass Detected
2026-05-04 00:18:14,0.0,0.0,0.0,0.0,WARNING: Zero Current Detected (Bypass)!,Bypass Detected
2026-05-04 00:18:15,0.0,0.0,0.0,0.0,WARNING: Zero Current Detected (Bypass)!,Bypass Detected
2026-05-04 00:18:15,0.0,0.0,0.0,0.0,WARNING: Zero Current Detected (Bypass)!,Bypass Detected
2026-05-04 00:18:16,0.0,0.0,0.0,0.0,WARNING: Zero Current Detected (Bypass)!,Bypass Detected
2026-05-04 00:18:16,0.0,0.0,0.0,0.0,WARNING: Zero Current Detected (Bypass)!,Bypass Detected
2026-05-04 00:18:17,0.0,0.0,0.0,0.0,WARNING: Zero Current Detected (Bypass)!,Bypass Detected
2026-05-04 00:18:17,0.0,0.0,0.0,0.0,WARNING: Zero Current Detected (Bypass)!,Bypass Detected
2026-05-04 00:18:18,0.0,0.0,0.0,0.0,WARNING: Zero Current Detected (Bypass)!,Bypass Detected
2026-05-04 00:18:19,0.0,0.0,0.0,0.0,WARNING: Zero Current Detected (Bypass)!,Bypass Detected
2026-05-04 00:18:19,0.0,0.0,0.0,0.0,WARNING: Zero Current Detected (Bypass)!,Bypass Detected
2026-05-04 00:18:20,0.0,0.0,0.0,0.0,WARNING: Zero Current Detected (Bypass)!,Bypass Detected
2026-05-04 00:18:20,0.0,0.0,0.0,0.0,WARNING: Zero Current Detected (Bypass)!,Bypass Detected
2026-05-04 00:18:21,0.0,0.0,0.0,0.0,WARNING: Zero Current Detected (Bypass)!,Bypass Detected
2026-05-04 00:18:21,0.0,0.0,0.0,0.0,WARNING: Zero Current Detected (Bypass)!,Bypass Detected
2026-05-04 00:18:22,0.0,0.0,0.0,0.0,WARNING: Zero Current Detected (Bypass)!,Bypass Detected
2026-05-04 00:18:22,0.0,0.0,0.0,0.0,WARNING: Zero Current Detected (Bypass)!,Bypass Detected
2026-05-04 00:18:23,0.0,0.0,0.0,0.0,WARNING: Zero Current Detected (Bypass)!,Bypass Detected
2026-05-04 00:18:24,0.0,0.0,0.0,0.0,WARNING: Zero Current Detected (Bypass)!,Bypass Detected
2026-05-04 00:18:24,0.0,0.0,0.0,0.0,WARNING: Zero Current Detected (Bypass)!,Bypass Detected
2026-05-04 00:18:25,0.0,0.0,0.0,0.0,WARNING: Zero Current Detected (Bypass)!,Bypass Detected
2026-05-04 00:18:25,0.0,0.0,0.0,0.0,WARNING: Zero Current Detected (Bypass)!,Bypass Detected
2026-05-04 00:18:26,1.85,0.94,1.739,14.97,CRITICAL: Voltage Tamper Detected! Voltage: 1.85 V,Voltage Tamper
2026-05-04 00:18:26,2.8,0.94,2.632,16.8,Normal Operation,Normal
2026-05-04 00:18:27,2.8,0.95,2.66,14.2,Normal Operation,Normal
2026-05-04 00:18:28,2.77,0.98,2.715,15.48,Normal Operation,Normal
2026-05-04 00:18:28,2.77,0.92,2.548,13.16,Normal Operation,Normal
2026-05-04 00:18:29,2.75,0.99,2.723,15.55,Normal Operation,Normal
2026-05-04 00:18:29,2.8,0.97,2.716,13.18,Normal Operation,Normal
2026-05-04 00:18:30,2.85,0.92,2.622,14.83,Normal Operation,Normal
2026-05-04 00:18:30,2.84,0.97,2.755,15.67,Normal Operation,Normal
2026-05-04 00:18:31,2.85,0.91,2.594,16.93,Normal Operation,Normal
2026-05-04 00:18:31,2.75,0.92,2.53,14.86,Normal Operation,Normal
2026-05-04 00:18:32,2.81,0.0,0.0,15.35,WARNING: Zero Current Detected (Bypass)!,Bypass Detected
2026-05-04 00:18:33,2.82,0.94,2.651,13.7,Normal Operation,Normal
2026-05-04 00:18:33,2.76,0.0,0.0,14.93,WARNING: Zero Current Detected (Bypass)!,Bypass Detected
2026-05-04 00:18:34,2.79,0.97,2.706,14.5,Normal Operation,Normal
2026-05-04 00:18:34,2.82,0.99,2.792,16.0,Normal Operation,Normal
2026-05-04 00:18:35,2.82,0.91,2.566,98.29,WARNING: Magnetic Interference Detected! Field: 98.29 G,Magnetic Tamper
2026-05-04 00:18:35,2.82,0.0,0.0,14.36,WARNING: Zero Current Detected (Bypass)!,Bypass Detected
2026-05-04 00:18:36,2.78,0.92,2.558,15.76,Normal Operation,Normal
2026-05-04 00:18:37,2.85,0.98,2.793,15.79,Normal Operation,Normal
2026-05-04 00:18:37,2.76,0.0,0.0,13.42,WARNING: Zero Current Detected (Bypass)!,Bypass Detected
2026-05-04 00:18:38,2.77,0.92,2.548,96.83,WARNING: Magnetic Interference Detected! Field: 96.83 G,Magnetic Tamper
2026-05-04 00:18:38,2.77,0.96,2.659,15.56,Normal Operation,Normal
2026-05-04 00:18:39,2.76,0.97,2.677,13.09,Normal Operation,Normal
2026-05-04 00:18:39,2.84,0.95,2.698,14.4,Normal Operation,Normal
2026-05-04 00:18:40,2.76,0.0,0.0,16.84,WARNING: Zero Current Detected (Bypass)!,Bypass Detected
2026-05-04 00:18:40,2.84,0.93,2.641,16.51,Normal Operation,Normal
2026-05-04 00:18:41,2.8,1.0,2.8,14.58,Normal Operation,Normal
2026-05-04 00:18:42,2.84,0.92,2.613,16.06,Normal Operation,Normal
2026-05-04 00:18:42,2.8,0.98,2.744,16.76,Normal Operation,Normal
2026-05-04 00:18:43,2.79,0.98,2.734,14.88,Normal Operation,Normal
2026-05-04 00:18:43,2.78,0.9,2.502,13.39,Normal Operation,Normal
2026-05-04 00:18:44,2.82,0.97,2.735,14.66,Normal Operation,Normal
2026-05-04 00:18:44,2.77,0.99,2.742,14.59,Normal Operation,Normal
2026-05-04 00:18:45,2.78,0.92,2.558,16.78,Normal Operation,Normal
2026-05-04 00:18:46,2.77,0.98,2.715,87.23,WARNING: Magnetic Interference Detected! Field: 87.23 G,Magnetic Tamper
2026-05-04 00:18:46,2.03,0.91,1.847,15.2,CRITICAL: Voltage Tamper Detected! Voltage: 2.03 V,Voltage Tamper
2026-05-04 00:18:47,2.84,0.9,2.556,16.15,Normal Operation,Normal
2026-05-04 00:18:47,2.84,0.9,2.556,14.21,Normal Operation,Normal
2026-05-04 00:18:48,2.84,0.95,2.698,15.35,Normal Operation,Normal
2026-05-04 00:18:48,2.75,0.97,2.667,16.09,Normal Operation,Normal
2026-05-04 00:18:49,2.83,0.99,2.802,13.43,Normal Operation,Normal
2026-05-04 00:18:49,2.83,0.0,0.0,14.29,WARNING: Zero Current Detected (Bypass)!,Bypass Detected
2026-05-04 00:18:50,2.83,0.91,2.575,91.27,WARNING: Magnetic Interference Detected! Field: 91.27 G,Magnetic Tamper
2026-05-04 00:18:50,2.84,0.94,2.67,15.45,Normal Operation,Normal
2026-05-04 00:18:51,2.82,0.99,2.792,15.34,Normal Operation,Normal
2026-05-04 00:18:52,2.78,0.96,2.669,16.7,Normal Operation,Normal
2026-05-04 00:18:52,2.79,0.91,2.539,15.13,Normal Operation,Normal
2026-05-04 00:18:53,2.84,0.98,2.783,15.54,Normal Operation,Normal
2026-05-04 00:18:53,2.78,0.92,2.558,15.15,Normal Operation,Normal
2026-05-04 00:18:54,2.8,0.98,2.744,15.9,Normal Operation,Normal
2026-05-04 00:18:54,2.76,0.91,2.512,15.28,Normal Operation,Normal
2026-05-04 00:18:55,2.84,0.93,2.641,14.47,Normal Operation,Normal
2026-05-04 00:18:56,2.83,0.91,2.575,13.31,Normal Operation,Normal
2026-05-04 00:18:56,2.77,0.94,2.604,16.97,Normal Operation,Normal
2026-05-04 00:18:57,2.8,0.98,2.744,87.62,WARNING: Magnetic Interference Detected! Field: 87.62 G,Magnetic Tamper
2026-05-04 00:18:57,1.93,0.95,1.833,15.59,CRITICAL: Voltage Tamper Detected! Voltage: 1.93 V,Voltage Tamper
2026-05-04 00:18:58,1.87,0.97,1.814,14.0,CRITICAL: Voltage Tamper Detected! Voltage: 1.87 V,Voltage Tamper
2026-05-04 00:18:58,2.83,0.94,2.66,16.82,Normal Operation,Normal
2026-05-04 00:18:59,2.82,0.9,2.538,14.49,Normal Operation,Normal
2026-05-04 00:18:59,2.84,0.99,2.812,13.61,Normal Operation,Normal
2026-05-04 00:19:00,2.8,0.97,2.716,16.23,Normal Operation,Normal
2026-05-04 00:19:01,2.78,0.94,2.613,13.11,Normal Operation,Normal
2026-05-04 00:19:01,2.76,0.95,2.622,83.27,WARNING: Magnetic Interference Detected! Field: 83.27 G,Magnetic Tamper
2026-05-04 00:19:02,2.78,0.95,2.641,13.52,Normal Operation,Normal
2026-05-04 00:19:02,2.81,0.91,2.557,13.72,Normal Operation,Normal
2026-05-04 00:29:57,2.83,0.94,2.66,16.99,Normal Operation,Normal
2026-05-04 00:29:57,2.85,0.92,2.622,13.19,Normal Operation,Normal
2026-05-04 00:29:58,2.8,0.98,2.744,16.4,Normal Operation,Normal
2026-05-04 00:29:58,2.82,0.91,2.566,16.3,Normal Operation,Normal
2026-05-04 00:29:59,2.82,0.99,2.792,13.7,Normal Operation,Normal
2026-05-04 00:29:59,2.79,0.0,0.0,13.49,WARNING: Zero Current Detected (Bypass)!,Bypass Detected
2026-05-04 00:30:00,2.76,0.95,2.622,16.56,Normal Operation,Normal
2026-05-04 00:30:00,2.82,0.93,2.623,16.36,Normal Operation,Normal
2026-05-04 00:30:01,2.85,0.95,2.708,15.94,Normal Operation,Normal
2026-05-04 00:30:01,2.8,0.96,2.688,14.53,Normal Operation,Normal
2026-05-04 00:30:02,2.84,0.92,2.613,14.91,Normal Operation,Normal
2026-05-04 00:30:02,2.78,0.99,2.752,13.98,Normal Operation,Normal
2026-05-04 00:30:03,2.75,0.9,2.475,16.45,Normal Operation,Normal
2026-05-04 00:30:03,2.81,0.97,2.726,13.92,Normal Operation,Normal
2026-05-04 00:30:04,2.8,0.91,2.548,16.34,Normal Operation,Normal
2026-05-04 00:30:05,2.81,0.99,2.782,15.37,Normal Operation,Normal
2026-05-04 00:30:05,2.82,0.98,2.764,13.18,Normal Operation,Normal
2026-05-04 00:30:06,2.82,0.95,2.679,15.37,Normal Operation,Normal
2026-05-04 00:30:06,2.8,0.91,2.548,65.88,WARNING: Magnetic Interference Detected! Field: 65.88 G,Magnetic Tamper
2026-05-04 00:30:07,2.22,0.97,2.153,13.58,CRITICAL: Voltage Tamper Detected! Voltage: 2.22 V,Voltage Tamper
2026-05-04 00:30:07,2.8,0.0,0.0,13.83,WARNING: Zero Current Detected (Bypass)!,Bypass Detected
2026-05-04 00:30:08,2.84,0.94,2.67,14.06,Normal Operation,Normal
2026-05-04 00:30:08,2.79,0.96,2.678,13.41,Normal Operation,Normal
2026-05-04 00:30:09,2.77,0.9,2.493,16.79,Normal Operation,Normal
2026-05-04 00:30:10,2.77,0.98,2.715,14.52,Normal Operation,Normal
2026-05-04 00:30:10,2.81,1.0,2.81,14.61,Normal Operation,Normal
2026-05-04 00:30:11,2.8,0.92,2.576,14.21,Normal Operation,Normal
2026-05-04 00:30:11,2.76,0.99,2.732,13.32,Normal Operation,Normal
2026-05-04 00:30:12,2.8,0.93,2.604,13.43,Normal Operation,Normal
2026-05-04 00:30:12,2.8,0.0,0.0,14.68,WARNING: Zero Current Detected (Bypass)!,Bypass Detected
2026-05-04 00:30:13,2.84,0.92,2.613,69.69,WARNING: Magnetic Interference Detected! Field: 69.69 G,Magnetic Tamper
2026-05-04 00:30:14,2.84,0.96,2.726,13.46,Normal Operation,Normal
2026-05-04 00:30:14,2.79,0.94,2.623,15.36,Normal Operation,Normal
2026-05-04 00:30:15,2.84,0.94,2.67,14.73,Normal Operation,Normal
2026-05-04 00:30:15,2.78,0.98,2.724,13.73,Normal Operation,Normal
2026-05-04 00:30:16,2.11,0.95,2.004,15.42,CRITICAL: Voltage Tamper Detected! Voltage: 2.11 V,Voltage Tamper
2026-05-04 00:30:16,2.77,0.95,2.631,76.33,WARNING: Magnetic Interference Detected! Field: 76.33 G,Magnetic Tamper
2026-05-04 00:30:17,2.75,0.97,2.667,16.76,Normal Operation,Normal
2026-05-04 00:30:17,2.76,0.95,2.622,16.56,Normal Operation,Normal
2026-05-04 00:30:18,2.75,0.93,2.558,14.33,Normal Operation,Normal
2026-05-04 00:30:19,2.83,1.0,2.83,16.56,Normal Operation,Normal
2026-05-04 00:30:19,2.81,0.94,2.641,13.28,Normal Operation,Normal
2026-05-04 00:30:20,1.85,0.93,1.721,16.4,CRITICAL: Voltage Tamper Detected! Voltage: 1.85 V,Voltage Tamper
2026-05-04 00:30:20,2.27,0.93,2.111,14.33,CRITICAL: Voltage Tamper Detected! Voltage: 2.27 V,Voltage Tamper
2026-05-04 00:30:21,2.83,0.96,2.717,14.22,Normal Operation,Normal
2026-05-04 00:30:21,2.77,0.99,2.742,13.93,Normal Operation,Normal
2026-05-04 00:30:22,2.75,0.95,2.612,13.28,Normal Operation,Normal
2026-05-04 00:30:23,2.82,0.96,2.707,16.4,Normal Operation,Normal
2026-05-04 00:30:23,2.8,0.95,2.66,14.0,Normal Operation,Normal
2026-05-04 00:30:24,2.76,0.91,2.512,13.47,Normal Operation,Normal
2026-05-04 00:30:24,2.84,0.0,0.0,16.55,WARNING: Zero Current Detected (Bypass)!,Bypass Detected
2026-05-04 00:30:25,2.81,0.91,2.557,99.6,WARNING: Magnetic Interference Detected! Field: 99.60 G,Magnetic Tamper
2026-05-04 00:30:25,2.77,0.94,2.604,15.01,Normal Operation,Normal
2026-05-04 00:30:26,2.21,0.94,2.077,16.11,CRITICAL: Voltage Tamper Detected! Voltage: 2.21 V,Voltage Tamper
2026-05-04 00:30:27,2.85,0.98,2.793,16.55,Normal Operation,Normal
2026-05-04 00:30:27,2.85,0.91,2.594,16.3,Normal Operation,Normal
2026-05-04 00:30:28,2.76,0.0,0.0,15.26,WARNING: Zero Current Detected (Bypass)!,Bypass Detected
2026-05-04 00:30:28,2.76,0.94,2.594,14.78,Normal Operation,Normal
2026-05-04 00:30:29,2.83,0.92,2.604,15.17,Normal Operation,Normal
2026-05-04 00:30:29,2.77,0.95,2.631,16.38,Normal Operation,Normal
2026-05-04 00:30:30,2.83,0.0,0.0,13.56,WARNING: Zero Current Detected (Bypass)!,Bypass Detected
2026-05-04 00:30:31,2.78,0.94,2.613,14.97,Normal Operation,Normal
2026-05-04 00:30:31,2.78,0.92,2.558,16.38,Normal Operation,Normal
2026-05-04 00:30:32,2.77,0.93,2.576,16.53,Normal Operation,Normal
2026-05-04 00:30:32,2.84,1.0,2.84,16.26,Normal Operation,Normal
2026-05-04 00:30:33,2.77,0.91,2.521,16.89,Normal Operation,Normal
2026-05-04 00:30:33,2.78,0.0,0.0,16.42,WARNING: Zero Current Detected (Bypass)!,Bypass Detected
2026-05-04 00:30:34,2.06,0.91,1.875,14.3,CRITICAL: Voltage Tamper Detected! Voltage: 2.06 V,Voltage Tamper
2026-05-04 00:30:35,2.83,0.99,2.802,16.3,Normal Operation,Normal
2026-05-04 00:30:35,2.84,0.97,2.755,15.94,Normal Operation,Normal
2026-05-04 00:30:36,2.82,0.99,2.792,68.87,WARNING: Magnetic Interference Detected! Field: 68.87 G,Magnetic Tamper
2026-05-04 00:30:36,2.8,0.92,2.576,17.0,Normal Operation,Normal
2026-05-04 00:30:37,2.8,0.0,0.0,15.97,WARNING: Zero Current Detected (Bypass)!,Bypass Detected
2026-05-04 00:30:37,2.77,0.92,2.548,15.78,Normal Operation,Normal
2026-05-04 00:30:38,2.83,0.96,2.717,15.87,Normal Operation,Normal
2026-05-04 00:30:38,2.76,0.95,2.622,15.48,Normal Operation,Normal
2026-05-04 00:30:39,2.76,0.94,2.594,15.76,Normal Operation,Normal
2026-05-04 00:30:40,2.79,0.99,2.762,14.01,Normal Operation,Normal
2026-05-04 00:30:40,2.79,0.94,2.623,14.12,Normal Operation,Normal
2026-05-04 00:30:41,2.79,1.0,2.79,15.83,Normal Operation,Normal
2026-05-04 00:30:41,2.77,0.97,2.687,15.51,Normal Operation,Normal
2026-05-04 00:30:42,2.74,0.97,2.658,15.9,Normal Operation,Normal
2026-05-04 00:30:42,2.71,0.98,2.656,14.65,Normal Operation,Normal
2026-05-04 00:30:43,2.78,0.99,2.752,14.75,Normal Operation,Normal
2026-05-04 00:30:44,2.79,0.97,2.706,15.51,Normal Operation,Normal
2026-05-04 00:30:44,2.71,0.91,2.466,14.4,Normal Operation,Normal
2026-05-04 00:30:45,2.75,0.92,2.53,15.56,Normal Operation,Normal
2026-05-04 00:30:45,2.75,0.94,2.585,14.88,Normal Operation,Normal
2026-05-04 00:30:46,2.79,0.91,2.539,15.17,Normal Operation,Normal
2026-05-04 00:30:46,2.75,0.96,2.64,15.08,Normal Operation,Normal
2026-05-04 00:30:47,2.71,0.99,2.683,14.93,Normal Operation,Normal
2026-05-04 00:30:48,2.8,1.0,2.8,15.41,Normal Operation,Normal
2026-05-04 00:30:48,2.78,0.91,2.53,14.7,Normal Operation,Normal
2026-05-04 00:30:49,2.76,0.97,2.677,14.05,Normal Operation,Normal
2026-05-04 00:30:49,2.76,0.93,2.567,14.75,Normal Operation,Normal
2026-05-04 00:30:50,2.73,0.97,2.648,15.3,Normal Operation,Normal
2026-05-04 00:30:50,2.71,0.93,2.52,15.18,Normal Operation,Normal
2026-05-04 00:30:51,2.7,0.99,2.673,15.76,Normal Operation,Normal
2026-05-04 00:30:51,2.72,1.0,2.72,14.78,Normal Operation,Normal
2026-05-04 00:30:52,2.71,0.94,2.547,15.74,Normal Operation,Normal
2026-05-04 00:30:53,2.73,0.99,2.703,15.65,Normal Operation,Normal
2026-05-04 00:30:53,2.77,0.95,2.631,15.59,Normal Operation,Normal
2026-05-04 00:30:54,2.71,0.97,2.629,15.29,Normal Operation,Normal
2026-05-04 00:30:54,2.76,0.92,2.539,14.46,Normal Operation,Normal
2026-05-04 00:30:55,2.75,0.95,2.612,14.48,Normal Operation,Normal
2026-05-04 00:30:55,2.78,0.95,2.641,14.65,Normal Operation,Normal
2026-05-04 00:30:56,2.77,0.97,2.687,14.79,Normal Operation,Normal
2026-05-04 00:30:56,2.75,0.96,2.64,14.26,Normal Operation,Normal
2026-05-04 00:30:57,2.75,0.98,2.695,14.59,Normal Operation,Normal
2026-05-04 00:30:58,2.75,0.96,2.64,14.32,Normal Operation,Normal
2026-05-04 00:30:58,2.79,0.91,2.539,15.61,Normal Operation,Normal
2026-05-04 00:30:59,2.78,0.97,2.697,14.72,Normal Operation,Normal
2026-05-04 00:30:59,2.76,1.0,2.76,14.9,Normal Operation,Normal
2026-05-04 00:31:00,2.76,0.96,2.65,15.81,Normal Operation,Normal
2026-05-04 00:31:00,2.71,0.93,2.52,14.3,Normal Operation,Normal
2026-05-04 00:31:01,2.72,0.95,2.584,14.99,Normal Operation,Normal
2026-05-04 00:31:01,2.79,0.92,2.567,14.64,Normal Operation,Normal
2026-05-04 00:31:02,2.77,0.95,2.631,14.26,Normal Operation,Normal
2026-05-04 00:31:03,2.78,0.98,2.724,15.21,Normal Operation,Normal
2026-05-04 00:31:03,2.78,0.99,2.752,15.49,Normal Operation,Normal
2026-05-04 00:31:04,2.78,0.91,2.53,15.8,Normal Operation,Normal
2026-05-04 00:31:04,2.71,0.97,2.629,14.55,Normal Operation,Normal
2026-05-04 00:31:05,2.77,0.97,2.687,15.49,Normal Operation,Normal
2026-05-04 00:31:05,2.8,0.99,2.772,14.4,Normal Operation,Normal
2026-05-04 00:31:06,2.75,0.91,2.502,15.57,Normal Operation,Normal
2026-05-04 00:31:06,2.77,0.9,2.493,14.04,Normal Operation,Normal
2026-05-04 00:31:07,2.78,0.94,2.613,14.1,Normal Operation,Normal
2026-05-04 00:31:08,2.76,0.9,2.484,14.66,Normal Operation,Normal
2026-05-04 00:31:08,2.73,1.0,2.73,14.24,Normal Operation,Normal
2026-05-04 00:31:09,2.75,0.92,2.53,14.78,Normal Operation,Normal
2026-05-04 00:31:09,2.73,0.92,2.512,15.83,Normal Operation,Normal
2026-05-04 00:31:10,2.77,0.91,2.521,14.93,Normal Operation,Normal
2026-05-04 00:31:10,2.79,0.93,2.595,15.46,Normal Operation,Normal
2026-05-04 00:31:11,2.75,0.96,2.64,14.71,Normal Operation,Normal
2026-05-04 00:31:11,2.77,0.92,2.548,14.72,Normal Operation,Normal
2026-05-04 00:31:12,2.73,0.99,2.703,15.66,Normal Operation,Normal
2026-05-04 00:31:13,2.7,0.94,2.538,14.54,Normal Operation,Normal
2026-05-04 00:31:13,2.76,0.99,2.732,15.2,Normal Operation,Normal
2026-05-04 00:31:14,2.74,1.0,2.74,14.07,Normal Operation,Normal
2026-05-04 00:31:14,2.77,0.98,2.715,15.56,Normal Operation,Normal
2026-05-04 00:31:15,2.79,0.91,2.539,15.18,Normal Operation,Normal
2026-05-04 00:31:15,2.73,0.93,2.539,15.28,Normal Operation,Normal
2026-05-04 00:31:16,2.71,0.9,2.439,14.63,Normal Operation,Normal
2026-05-04 00:31:16,2.74,0.95,2.603,15.75,Normal Operation,Normal
2026-05-04 00:31:17,2.72,0.91,2.475,15.05,Normal Operation,Normal
2026-05-04 00:31:18,2.77,0.96,2.659,15.47,Normal Operation,Normal
2026-05-04 00:31:18,2.78,0.99,2.752,14.34,Normal Operation,Normal
2026-05-04 00:31:19,2.72,0.95,2.584,15.97,Normal Operation,Normal
2026-05-04 00:31:19,2.79,0.91,2.539,15.22,Normal Operation,Normal
2026-05-04 00:31:20,2.71,0.93,2.52,15.43,Normal Operation,Normal
2026-05-04 00:31:20,2.73,0.98,2.675,15.63,Normal Operation,Normal
2026-05-04 00:31:21,2.74,0.92,2.521,14.89,Normal Operation,Normal
2026-05-04 00:31:22,2.72,0.9,2.448,14.52,Normal Operation,Normal
2026-05-04 00:31:22,2.71,0.92,2.493,15.77,Normal Operation,Normal
2026-05-04 00:31:23,2.71,0.99,2.683,14.5,Normal Operation,Normal
2026-05-04 00:31:23,2.77,0.96,2.659,15.01,Normal Operation,Normal
2026-05-04 00:31:24,2.77,0.99,2.742,14.56,Normal Operation,Normal
2026-05-04 00:31:24,2.73,0.94,2.566,15.07,Normal Operation,Normal
2026-05-04 00:31:25,2.71,1.0,2.71,14.95,Normal Operation,Normal
2026-05-04 00:31:25,2.79,0.98,2.734,15.97,Normal Operation,Normal
2026-05-04 00:31:26,2.76,0.93,2.567,15.36,Normal Operation,Normal
2026-05-04 00:31:27,2.77,0.92,2.548,15.61,Normal Operation,Normal
2026-05-04 00:31:27,2.75,0.93,2.558,14.17,Normal Operation,Normal
2026-05-04 00:31:28,2.76,0.97,2.677,15.82,Normal Operation,Normal
2026-05-04 00:31:28,2.78,0.93,2.585,14.46,Normal Operation,Normal
2026-05-04 00:31:29,2.79,0.94,2.623,15.91,Normal Operation,Normal
2026-05-04 00:31:29,2.77,0.92,2.548,15.37,Normal Operation,Normal
2026-05-04 00:31:30,2.77,0.93,2.576,15.99,Normal Operation,Normal
2026-05-04 00:31:30,2.73,0.93,2.539,15.5,Normal Operation,Normal
2026-05-04 00:31:31,2.78,0.92,2.558,15.58,Normal Operation,Normal
2026-05-04 00:31:32,2.76,0.96,2.65,14.08,Normal Operation,Normal
2026-05-04 00:31:32,2.71,0.97,2.629,15.82,Normal Operation,Normal
2026-05-04 00:31:33,2.77,0.95,2.631,15.35,Normal Operation,Normal
2026-05-04 00:31:33,2.73,0.92,2.512,14.61,Normal Operation,Normal
2026-05-04 00:31:34,2.74,0.94,2.576,15.59,Normal Operation,Normal
2026-05-04 00:31:34,2.73,0.95,2.593,15.86,Normal Operation,Normal
2026-05-04 00:31:35,2.73,0.94,2.566,15.03,Normal Operation,Normal
2026-05-04 00:31:36,2.76,0.94,2.594,14.48,Normal Operation,Normal
2026-05-04 00:31:36,2.79,0.93,2.595,15.47,Normal Operation,Normal
2026-05-04 00:31:37,2.77,0.9,2.493,15.76,Normal Operation,Normal
2026-05-04 00:31:37,2.75,0.97,2.667,15.32,Normal Operation,Normal
2026-05-04 00:31:38,2.74,0.95,2.603,15.94,Normal Operation,Normal
2026-05-04 00:31:38,2.76,0.9,2.484,14.08,Normal Operation,Normal
2026-05-04 00:31:39,2.77,0.9,2.493,14.32,Normal Operation,Normal
2026-05-04 00:31:39,2.73,0.99,2.703,14.65,Normal Operation,Normal
2026-05-04 00:31:40,2.78,0.97,2.697,14.81,Normal Operation,Normal
2026-05-04 00:31:41,2.76,0.98,2.705,14.03,Normal Operation,Normal
2026-05-04 00:31:41,2.7,0.91,2.457,14.26,Normal Operation,Normal
2026-05-04 00:31:42,2.72,0.95,2.584,14.61,Normal Operation,Normal
2026-05-04 00:31:42,2.74,0.96,2.63,14.63,Normal Operation,Normal
2026-05-04 00:31:43,2.74,0.94,2.576,14.91,Normal Operation,Normal
2026-05-04 00:31:43,2.78,0.92,2.558,14.52,Normal Operation,Normal
2026-05-04 00:31:44,2.74,0.97,2.658,15.29,Normal Operation,Normal
2026-05-04 00:31:45,2.77,0.93,2.576,15.97,Normal Operation,Normal
2026-05-04 00:31:45,2.78,1.0,2.78,14.18,Normal Operation,Normal
2026-05-04 00:31:46,2.73,0.91,2.484,14.75,Normal Operation,Normal
2026-05-04 00:31:46,2.77,0.91,2.521,81.28,WARNING: Magnetic Interference Detected! Field: 81.28 G,Magnetic Tamper
2026-05-04 00:31:47,2.83,0.92,2.604,15.36,Normal Operation,Normal
2026-05-04 00:31:47,2.8,0.9,2.52,13.53,Normal Operation,Normal
2026-05-04 00:31:48,2.15,0.92,1.978,15.57,CRITICAL: Voltage Tamper Detected! Voltage: 2.15 V,Voltage Tamper
2026-05-04 00:31:49,2.39,0.92,2.199,16.46,CRITICAL: Voltage Tamper Detected! Voltage: 2.39 V,Voltage Tamper
2026-05-04 00:31:49,2.83,0.0,0.0,16.6,WARNING: Zero Current Detected (Bypass)!,Bypass Detected
2026-05-04 00:31:50,2.77,0.91,2.521,15.19,Normal Operation,Normal
2026-05-04 00:31:50,2.77,0.91,2.521,13.12,Normal Operation,Normal
2026-05-04 00:31:51,2.75,0.91,2.502,14.6,Normal Operation,Normal
2026-05-04 00:31:51,2.81,0.95,2.669,13.39,Normal Operation,Normal
2026-05-04 00:31:52,1.83,0.95,1.738,16.93,CRITICAL: Voltage Tamper Detected! Voltage: 1.83 V,Voltage Tamper
2026-05-04 00:31:52,1.9,0.93,1.767,16.58,CRITICAL: Voltage Tamper Detected! Voltage: 1.90 V,Voltage Tamper
2026-05-04 00:31:53,2.83,0.95,2.688,13.28,Normal Operation,Normal
2026-05-04 00:31:54,2.78,0.98,2.724,15.26,Normal Operation,Normal
2026-05-04 00:31:54,1.83,0.9,1.647,16.57,CRITICAL: Voltage Tamper Detected! Voltage: 1.83 V,Voltage Tamper
2026-05-04 00:31:55,2.8,0.97,2.716,16.99,Normal Operation,Normal
2026-05-04 00:31:55,2.84,0.94,2.67,13.11,Normal Operation,Normal
2026-05-04 00:31:56,2.79,0.0,0.0,14.26,WARNING: Zero Current Detected (Bypass)!,Bypass Detected
2026-05-04 00:31:56,2.81,0.92,2.585,14.31,Normal Operation,Normal
2026-05-04 00:31:57,2.06,0.92,1.895,13.91,CRITICAL: Voltage Tamper Detected! Voltage: 2.06 V,Voltage Tamper
2026-05-04 00:31:58,2.81,0.0,0.0,14.2,WARNING: Zero Current Detected (Bypass)!,Bypass Detected
2026-05-04 00:31:58,2.79,0.95,2.651,13.44,Normal Operation,Normal
2026-05-04 00:31:59,2.84,0.99,2.812,87.79,WARNING: Magnetic Interference Detected! Field: 87.79 G,Magnetic Tamper
2026-05-04 00:31:59,2.01,0.96,1.93,14.14,CRITICAL: Voltage Tamper Detected! Voltage: 2.01 V,Voltage Tamper
2026-05-04 00:32:00,2.82,0.95,2.679,90.55,WARNING: Magnetic Interference Detected! Field: 90.55 G,Magnetic Tamper
2026-05-04 00:32:00,2.84,0.96,2.726,16.96,Normal Operation,Normal
2026-05-04 00:32:01,2.84,0.95,2.698,13.29,Normal Operation,Normal
2026-05-04 00:32:01,2.77,0.95,2.631,14.94,Normal Operation,Normal
2026-05-04 00:32:02,1.82,0.96,1.747,14.15,CRITICAL: Voltage Tamper Detected! Voltage: 1.82 V,Voltage Tamper
2026-05-04 00:32:03,2.78,0.99,2.752,15.63,Normal Operation,Normal
2026-05-04 00:32:03,2.82,0.99,2.792,16.09,Normal Operation,Normal
2026-05-04 00:32:04,2.83,0.0,0.0,16.45,WARNING: Zero Current Detected (Bypass)!,Bypass Detected
2026-05-04 00:32:04,2.8,0.98,2.744,15.51,Normal Operation,Normal
2026-05-04 00:32:05,2.8,0.9,2.52,15.56,Normal Operation,Normal
2026-05-04 00:32:05,2.82,0.92,2.594,15.03,Normal Operation,Normal
2026-05-04 00:32:06,2.77,0.99,2.742,16.02,Normal Operation,Normal
2026-05-04 00:32:07,2.8,0.97,2.716,14.48,Normal Operation,Normal
2026-05-04 00:32:07,2.16,0.99,2.138,15.67,CRITICAL: Voltage Tamper Detected! Voltage: 2.16 V,Voltage Tamper
2026-05-04 00:32:08,2.84,0.94,2.67,15.43,Normal Operation,Normal
2026-05-04 00:32:08,2.02,0.93,1.879,14.47,CRITICAL: Voltage Tamper Detected! Voltage: 2.02 V,Voltage Tamper
2026-05-04 00:32:09,2.78,0.98,2.724,16.37,Normal Operation,Normal
2026-05-04 00:32:09,2.77,0.98,2.715,15.05,Normal Operation,Normal
2026-05-04 00:32:10,2.77,0.98,2.715,15.91,Normal Operation,Normal
2026-05-04 00:32:11,2.81,1.0,2.81,14.96,Normal Operation,Normal
2026-05-04 00:32:11,2.77,0.95,2.631,16.14,Normal Operation,Normal
2026-05-04 00:32:12,2.84,0.92,2.613,14.65,Normal Operation,Normal
2026-05-04 00:32:12,2.8,0.95,2.66,14.1,Normal Operation,Normal
2026-05-04 00:32:13,2.8,0.94,2.632,15.77,Normal Operation,Normal
2026-05-04 00:32:13,2.81,0.94,2.641,14.19,Normal Operation,Normal
2026-05-04 00:32:14,2.84,0.99,2.812,15.94,Normal Operation,Normal
2026-05-04 00:32:14,2.76,0.0,0.0,15.82,WARNING: Zero Current Detected (Bypass)!,Bypass Detected
2026-05-04 00:32:15,2.83,0.93,2.632,14.68,Normal Operation,Normal
2026-05-04 00:32:16,2.81,0.96,2.698,14.33,Normal Operation,Normal
2026-05-04 00:32:16,2.81,0.93,2.613,13.08,Normal Operation,Normal
2026-05-04 00:32:17,2.81,0.95,2.669,13.67,Normal Operation,Normal
2026-05-04 00:32:17,2.77,0.0,0.0,16.27,WARNING: Zero Current Detected (Bypass)!,Bypass Detected
2026-05-04 00:32:18,2.85,0.97,2.764,16.51,Normal Operation,Normal
2026-05-04 00:32:18,2.84,0.99,2.812,70.29,WARNING: Magnetic Interference Detected! Field: 70.29 G,Magnetic Tamper
2026-05-04 00:32:19,2.78,0.94,2.613,14.8,Normal Operation,Normal
2026-05-04 00:32:20,2.2,0.92,2.024,16.81,CRITICAL: Voltage Tamper Detected! Voltage: 2.20 V,Voltage Tamper
2026-05-04 00:32:20,2.76,0.9,2.484,15.95,Normal Operation,Normal
2026-05-04 00:32:21,2.84,0.95,2.698,16.65,Normal Operation,Normal
2026-05-04 00:32:21,2.32,0.91,2.111,13.16,CRITICAL: Voltage Tamper Detected! Voltage: 2.32 V,Voltage Tamper
2026-05-04 00:32:22,2.8,0.98,2.744,16.06,Normal Operation,Normal
2026-05-04 00:32:22,2.78,0.97,2.697,16.49,Normal Operation,Normal
2026-05-04 00:32:23,2.77,1.0,2.77,14.68,Normal Operation,Normal
2026-05-04 00:32:24,2.76,0.93,2.567,86.54,WARNING: Magnetic Interference Detected! Field: 86.54 G,Magnetic Tamper
2026-05-04 00:32:24,2.83,0.96,2.717,16.63,Normal Operation,Normal
2026-05-04 00:32:25,2.79,0.94,2.623,16.94,Normal Operation,Normal
2026-05-04 00:32:25,2.76,0.92,2.539,60.34,WARNING: Magnetic Interference Detected! Field: 60.34 G,Magnetic Tamper
2026-05-04 00:32:26,2.76,0.99,2.732,16.05,Normal Operation,Normal
2026-05-04 00:32:26,2.83,0.96,2.717,16.95,Normal Operation,Normal
2026-05-04 00:32:27,2.77,0.97,2.687,16.92,Normal Operation,Normal
2026-05-04 00:32:27,2.85,0.99,2.821,14.84,Normal Operation,Normal
2026-05-04 00:32:28,2.79,0.97,2.706,15.67,Normal Operation,Normal
2026-05-04 00:32:29,2.84,0.94,2.67,14.59,Normal Operation,Normal
2026-05-04 00:32:29,2.03,0.95,1.928,14.23,CRITICAL: Voltage Tamper Detected! Voltage: 2.03 V,Voltage Tamper
2026-05-04 00:32:30,2.76,0.95,2.622,16.73,Normal Operation,Normal
2026-05-04 00:32:30,2.76,0.93,2.567,15.07,Normal Operation,Normal
2026-05-04 00:32:31,2.76,0.93,2.567,16.25,Normal Operation,Normal
2026-05-04 00:32:31,2.84,1.0,2.84,14.59,Normal Operation,Normal
2026-05-04 00:32:32,2.78,0.98,2.724,16.76,Normal Operation,Normal
2026-05-04 00:32:33,2.82,0.98,2.764,14.49,Normal Operation,Normal
2026-05-04 00:32:33,2.77,0.96,2.659,14.87,Normal Operation,Normal
2026-05-04 00:32:34,2.83,0.99,2.802,14.98,Normal Operation,Normal
2026-05-04 00:32:34,2.75,0.96,2.64,15.42,Normal Operation,Normal
2026-05-04 00:32:35,2.8,1.0,2.8,14.76,Normal Operation,Normal
2026-05-04 00:32:35,2.83,0.92,2.604,15.84,Normal Operation,Normal
2026-05-04 00:32:36,2.78,0.97,2.697,95.04,WARNING: Magnetic Interference Detected! Field: 95.04 G,Magnetic Tamper
2026-05-04 00:32:37,2.84,0.98,2.783,14.01,Normal Operation,Normal
2026-05-04 00:32:37,2.82,1.0,2.82,14.33,Normal Operation,Normal
2026-05-04 00:32:38,2.77,0.99,2.742,13.11,Normal Operation,Normal
2026-05-04 00:32:38,2.78,0.91,2.53,14.22,Normal Operation,Normal
2026-05-04 00:32:39,2.81,0.97,2.726,14.26,Normal Operation,Normal
2026-05-04 00:32:39,2.76,0.92,2.539,13.5,Normal Operation,Normal
2026-05-04 00:32:40,2.81,0.93,2.613,15.33,Normal Operation,Normal
2026-05-04 00:32:41,2.8,0.96,2.688,95.4,WARNING: Magnetic Interference Detected! Field: 95.40 G,Magnetic Tamper
2026-05-04 00:32:41,2.79,0.9,2.511,73.97,WARNING: Magnetic Interference Detected! Field: 73.97 G,Magnetic Tamper
2026-05-04 00:32:42,2.76,0.91,2.512,15.66,Normal Operation,Normal
2026-05-04 00:32:42,2.79,0.93,2.595,13.45,Normal Operation,Normal
2026-05-04 00:32:43,2.77,0.91,2.521,16.64,Normal Operation,Normal
2026-05-04 00:32:43,2.78,0.94,2.613,16.85,Normal Operation,Normal
2026-05-04 00:32:44,2.81,0.98,2.754,15.28,Normal Operation,Normal
2026-05-04 00:32:44,2.76,0.97,2.677,14.09,Normal Operation,Normal
2026-05-04 00:32:45,2.79,0.99,2.762,13.15,Normal Operation,Normal
2026-05-04 00:32:46,2.82,0.95,2.679,16.0,Normal Operation,Normal
2026-05-04 00:32:46,2.76,0.0,0.0,14.19,WARNING: Zero Current Detected (Bypass)!,Bypass Detected
2026-05-04 00:32:47,2.78,0.93,2.585,13.7,Normal Operation,Normal
2026-05-04 00:32:47,2.84,0.95,2.698,16.13,Normal Operation,Normal
2026-05-04 00:32:48,2.77,0.94,2.604,15.36,Normal Operation,Normal
2026-05-04 00:32:48,2.84,0.93,2.641,14.75,Normal Operation,Normal
2026-05-04 00:32:49,2.84,0.94,2.67,62.72,WARNING: Magnetic Interference Detected! Field: 62.72 G,Magnetic Tamper
2026-05-04 00:32:50,2.03,0.99,2.01,15.52,CRITICAL: Voltage Tamper Detected! Voltage: 2.03 V,Voltage Tamper
2026-05-04 00:32:50,2.84,0.91,2.584,15.72,Normal Operation,Normal
2026-05-04 00:32:51,2.79,0.92,2.567,14.08,Normal Operation,Normal
2026-05-04 00:32:51,2.3,0.96,2.208,15.65,CRITICAL: Voltage Tamper Detected! Voltage: 2.30 V,Voltage Tamper
2026-05-04 00:32:52,2.77,0.92,2.548,14.27,Normal Operation,Normal
2026-05-04 00:32:52,2.83,0.99,2.802,13.83,Normal Operation,Normal
2026-05-04 00:32:53,2.83,0.94,2.66,14.87,Normal Operation,Normal
2026-05-04 00:32:53,2.38,0.97,2.309,14.3,CRITICAL: Voltage Tamper Detected! Voltage: 2.38 V,Voltage Tamper
2026-05-04 00:32:54,2.76,0.92,2.539,13.75,Normal Operation,Normal
2026-05-04 00:32:55,2.79,0.99,2.762,15.33,Normal Operation,Normal
2026-05-04 00:32:55,2.77,0.96,2.659,16.29,Normal Operation,Normal
2026-05-04 00:32:56,2.81,0.98,2.754,13.54,Normal Operation,Normal
2026-05-04 00:32:56,2.8,0.95,2.66,15.46,Normal Operation,Normal
2026-05-04 00:32:57,2.8,0.98,2.744,62.47,WARNING: Magnetic Interference Detected! Field: 62.47 G,Magnetic Tamper
2026-05-04 00:32:57,2.83,0.96,2.717,14.39,Normal Operation,Normal
2026-05-04 00:32:58,2.8,0.92,2.576,15.78,Normal Operation,Normal
2026-05-04 00:32:58,2.8,0.95,2.66,98.15,WARNING: Magnetic Interference Detected! Field: 98.15 G,Magnetic Tamper
2026-05-04 00:32:59,2.81,0.98,2.754,15.88,Normal Operation,Normal
2026-05-04 00:33:00,2.78,0.94,2.613,15.23,Normal Operation,Normal
2026-05-04 00:33:00,2.78,0.92,2.558,15.04,Normal Operation,Normal
2026-05-04 00:33:01,2.75,0.96,2.64,13.13,Normal Operation,Normal
2026-05-04 00:33:01,2.78,0.91,2.53,13.17,Normal Operation,Normal
2026-05-04 00:33:02,2.81,0.9,2.529,14.94,Normal Operation,Normal
2026-05-04 00:33:02,2.82,0.9,2.538,13.59,Normal Operation,Normal
2026-05-04 00:33:03,2.82,0.96,2.707,16.89,Normal Operation,Normal
2026-05-04 00:33:03,2.79,0.97,2.706,15.31,Normal Operation,Normal
2026-05-04 00:33:04,2.83,0.94,2.66,90.3,WARNING: Magnetic Interference Detected! Field: 90.30 G,Magnetic Tamper
2026-05-04 00:33:05,2.07,0.99,2.049,14.38,CRITICAL: Voltage Tamper Detected! Voltage: 2.07 V,Voltage Tamper
2026-05-04 00:33:05,2.82,0.95,2.679,16.37,Normal Operation,Normal
2026-05-04 00:33:06,2.77,0.92,2.548,13.98,Normal Operation,Normal
2026-05-04 00:33:06,2.77,0.94,2.604,13.5,Normal Operation,Normal
2026-05-04 00:33:07,2.82,0.0,0.0,14.78,WARNING: Zero Current Detected (Bypass)!,Bypass Detected
2026-05-04 00:33:07,2.83,0.92,2.604,14.22,Normal Operation,Normal
2026-05-04 00:33:08,2.84,1.0,2.84,13.5,Normal Operation,Normal
2026-05-04 00:33:09,2.77,0.95,2.631,13.65,Normal Operation,Normal
2026-05-04 00:33:09,2.81,0.0,0.0,14.12,WARNING: Zero Current Detected (Bypass)!,Bypass Detected
2026-05-04 00:33:10,2.83,0.0,0.0,15.85,WARNING: Zero Current Detected (Bypass)!,Bypass Detected
2026-05-04 00:33:10,2.83,1.0,2.83,14.7,Normal Operation,Normal
2026-05-04 00:33:11,2.8,0.99,2.772,16.75,Normal Operation,Normal
2026-05-04 00:33:11,2.83,0.93,2.632,78.8,WARNING: Magnetic Interference Detected! Field: 78.80 G,Magnetic Tamper
2026-05-04 00:33:12,2.78,0.96,2.669,14.75,Normal Operation,Normal
2026-05-04 00:33:13,2.09,0.91,1.902,13.14,CRITICAL: Voltage Tamper Detected! Voltage: 2.09 V,Voltage Tamper
2026-05-04 00:33:13,2.76,0.0,0.0,15.87,WARNING: Zero Current Detected (Bypass)!,Bypass Detected
2026-05-04 00:33:14,2.83,0.99,2.802,16.24,Normal Operation,Normal
2026-05-04 00:33:14,2.77,0.92,2.548,13.41,Normal Operation,Normal
2026-05-04 00:33:15,2.78,0.98,2.724,16.65,Normal Operation,Normal
2026-05-04 00:33:15,2.84,0.91,2.584,13.62,Normal Operation,Normal
2026-05-04 00:33:16,2.84,0.93,2.641,14.32,Normal Operation,Normal
2026-05-04 00:33:17,2.76,0.0,0.0,13.01,WARNING: Zero Current Detected (Bypass)!,Bypass Detected
2026-05-04 00:33:17,2.75,0.91,2.502,15.69,Normal Operation,Normal
2026-05-04 00:33:18,2.83,0.96,2.717,15.11,Normal Operation,Normal
2026-05-04 00:33:18,2.83,0.96,2.717,14.54,Normal Operation,Normal
2026-05-04 00:33:19,0.0,0.0,0.0,0.0,WARNING: Zero Current Detected (Bypass)!,Bypass Detected
2026-05-04 00:33:19,0.0,0.0,0.0,0.0,WARNING: Zero Current Detected (Bypass)!,Bypass Detected
2026-05-04 00:33:20,0.0,0.0,0.0,0.0,WARNING: Zero Current Detected (Bypass)!,Bypass Detected
2026-05-04 00:33:21,0.0,0.0,0.0,0.0,WARNING: Zero Current Detected (Bypass)!,Bypass Detected
2026-05-04 00:33:21,0.0,0.0,0.0,0.0,WARNING: Zero Current Detected (Bypass)!,Bypass Detected
2026-05-04 00:33:22,0.0,0.0,0.0,0.0,WARNING: Zero Current Detected (Bypass)!,Bypass Detected
2026-05-04 00:33:22,0.0,0.0,0.0,0.0,WARNING: Zero Current Detected (Bypass)!,Bypass Detected
2026-05-04 00:33:23,0.0,0.0,0.0,0.0,WARNING: Zero Current Detected (Bypass)!,Bypass Detected
2026-05-04 00:33:23,0.0,0.0,0.0,0.0,WARNING: Zero Current Detected (Bypass)!,Bypass Detected
2026-05-04 00:33:24,0.0,0.0,0.0,0.0,WARNING: Zero Current Detected (Bypass)!,Bypass Detected
2026-05-04 00:33:25,0.0,0.0,0.0,0.0,WARNING: Zero Current Detected (Bypass)!,Bypass Detected
2026-05-04 00:33:25,0.0,0.0,0.0,0.0,WARNING: Zero Current Detected (Bypass)!,Bypass Detected
2026-05-04 00:33:26,0.0,0.0,0.0,0.0,WARNING: Zero Current Detected (Bypass)!,Bypass Detected
2026-05-04 00:33:26,0.0,0.0,0.0,0.0,WARNING: Zero Current Detected (Bypass)!,Bypass Detected
2026-05-04 00:33:27,0.0,0.0,0.0,0.0,WARNING: Zero Current Detected (Bypass)!,Bypass Detected
2026-05-04 00:33:27,0.0,0.0,0.0,0.0,WARNING: Zero Current Detected (Bypass)!,Bypass Detected
2026-05-04 00:33:28,0.0,0.0,0.0,0.0,WARNING: Zero Current Detected (Bypass)!,Bypass Detected
2026-05-04 00:33:28,0.0,0.0,0.0,0.0,WARNING: Zero Current Detected (Bypass)!,Bypass Detected
2026-05-04 00:33:29,0.0,0.0,0.0,0.0,WARNING: Zero Current Detected (Bypass)!,Bypass Detected
2026-05-04 00:33:30,0.0,0.0,0.0,0.0,WARNING: Zero Current Detected (Bypass)!,Bypass Detected
2026-05-04 00:33:30,0.0,0.0,0.0,0.0,WARNING: Zero Current Detected (Bypass)!,Bypass Detected
2026-05-04 00:33:31,0.0,0.0,0.0,0.0,WARNING: Zero Current Detected (Bypass)!,Bypass Detected
2026-05-04 00:33:31,0.0,0.0,0.0,0.0,WARNING: Zero Current Detected (Bypass)!,Bypass Detected
2026-05-04 00:33:32,0.0,0.0,0.0,0.0,WARNING: Zero Current Detected (Bypass)!,Bypass Detected
2026-05-04 00:33:32,0.0,0.0,0.0,0.0,WARNING: Zero Current Detected (Bypass)!,Bypass Detected
2026-05-04 12:08:11,0.0,0.0,0.0,0.0,WARNING: Zero Current Detected (Bypass)!,Bypass Detected
2026-05-04 12:08:12,0.0,0.0,0.0,0.0,WARNING: Zero Current Detected (Bypass)!,Bypass Detected
2026-05-04 12:08:12,0.0,0.0,0.0,0.0,WARNING: Zero Current Detected (Bypass)!,Bypass Detected
2026-05-04 12:08:13,0.0,0.0,0.0,0.0,WARNING: Zero Current Detected (Bypass)!,Bypass Detected
2026-05-04 12:08:13,0.0,0.0,0.0,0.0,WARNING: Zero Current Detected (Bypass)!,Bypass Detected
2026-05-04 12:08:14,0.0,0.0,0.0,0.0,WARNING: Zero Current Detected (Bypass)!,Bypass Detected
2026-05-04 12:08:14,0.0,0.0,0.0,0.0,WARNING: Zero Current Detected (Bypass)!,Bypass Detected
2026-05-04 12:08:15,0.0,0.0,0.0,0.0,WARNING: Zero Current Detected (Bypass)!,Bypass Detected
2026-05-04 12:08:16,0.0,0.0,0.0,0.0,WARNING: Zero Current Detected (Bypass)!,Bypass Detected
2026-05-04 12:08:16,0.0,0.0,0.0,0.0,WARNING: Zero Current Detected (Bypass)!,Bypass Detected
2026-05-04 12:08:17,0.0,0.0,0.0,0.0,WARNING: Zero Current Detected (Bypass)!,Bypass Detected
2026-05-04 12:08:17,0.0,0.0,0.0,0.0,WARNING: Zero Current Detected (Bypass)!,Bypass Detected
2026-05-04 12:08:18,0.0,0.0,0.0,0.0,WARNING: Zero Current Detected (Bypass)!,Bypass Detected
2026-05-04 12:08:18,0.0,0.0,0.0,0.0,WARNING: Zero Current Detected (Bypass)!,Bypass Detected
2026-05-04 12:08:19,0.0,0.0,0.0,0.0,WARNING: Zero Current Detected (Bypass)!,Bypass Detected
2026-05-04 12:08:19,0.0,0.0,0.0,0.0,WARNING: Zero Current Detected (Bypass)!,Bypass Detected
2026-05-04 12:08:20,0.0,0.0,0.0,0.0,WARNING: Zero Current Detected (Bypass)!,Bypass Detected
2026-05-04 12:08:21,0.0,0.0,0.0,0.0,WARNING: Zero Current Detected (Bypass)!,Bypass Detected
2026-05-04 12:08:21,0.0,0.0,0.0,0.0,WARNING: Zero Current Detected (Bypass)!,Bypass Detected
2026-05-04 12:08:22,0.0,0.0,0.0,0.0,WARNING: Zero Current Detected (Bypass)!,Bypass Detected
2026-05-04 12:08:22,0.0,0.0,0.0,0.0,WARNING: Zero Current Detected (Bypass)!,Bypass Detected
2026-05-04 12:08:23,0.0,0.0,0.0,0.0,WARNING: Zero Current Detected (Bypass)!,Bypass Detected
2026-05-04 12:08:23,0.0,0.0,0.0,0.0,WARNING: Zero Current Detected (Bypass)!,Bypass Detected
2026-05-04 12:08:24,0.0,0.0,0.0,0.0,WARNING: Zero Current Detected (Bypass)!,Bypass Detected
2026-05-04 12:08:24,0.0,0.0,0.0,0.0,WARNING: Zero Current Detected (Bypass)!,Bypass Detected
2026-05-04 12:08:25,0.0,0.0,0.0,0.0,WARNING: Zero Current Detected (Bypass)!,Bypass Detected
2026-05-04 12:08:26,0.0,0.0,0.0,0.0,WARNING: Zero Current Detected (Bypass)!,Bypass Detected
2026-05-04 12:08:26,0.0,0.0,0.0,0.0,WARNING: Zero Current Detected (Bypass)!,Bypass Detected
2026-05-04 12:08:27,0.0,0.0,0.0,0.0,WARNING: Zero Current Detected (Bypass)!,Bypass Detected
2026-05-04 12:08:27,0.0,0.0,0.0,0.0,WARNING: Zero Current Detected (Bypass)!,Bypass Detected
2026-05-04 12:08:28,0.0,0.0,0.0,0.0,WARNING: Zero Current Detected (Bypass)!,Bypass Detected
2026-05-04 12:09:12,0.0,0.0,0.0,0.0,WARNING: Zero Current Detected (Bypass)!,Bypass Detected
2026-05-04 12:09:12,0.0,0.0,0.0,0.0,WARNING: Zero Current Detected (Bypass)!,Bypass Detected
2026-05-04 12:09:13,0.0,0.0,0.0,0.0,WARNING: Zero Current Detected (Bypass)!,Bypass Detected
2026-05-04 12:09:13,0.0,0.0,0.0,0.0,WARNING: Zero Current Detected (Bypass)!,Bypass Detected
2026-05-04 12:09:14,0.0,0.0,0.0,0.0,WARNING: Zero Current Detected (Bypass)!,Bypass Detected
2026-05-04 12:09:14,0.0,0.0,0.0,0.0,WARNING: Zero Current Detected (Bypass)!,Bypass Detected
2026-05-04 12:09:15,0.0,0.0,0.0,0.0,WARNING: Zero Current Detected (Bypass)!,Bypass Detected
2026-05-04 12:09:15,0.0,0.0,0.0,0.0,WARNING: Zero Current Detected (Bypass)!,Bypass Detected
2026-05-04 12:09:16,0.0,0.0,0.0,0.0,WARNING: Zero Current Detected (Bypass)!,Bypass Detected
2026-05-04 12:09:17,0.0,0.0,0.0,0.0,WARNING: Zero Current Detected (Bypass)!,Bypass Detected
2026-05-04 12:09:17,0.0,0.0,0.0,0.0,WARNING: Zero Current Detected (Bypass)!,Bypass Detected
2026-05-04 12:09:18,0.0,0.0,0.0,0.0,WARNING: Zero Current Detected (Bypass)!,Bypass Detected
2026-05-04 12:09:18,0.0,0.0,0.0,0.0,WARNING: Zero Current Detected (Bypass)!,Bypass Detected
2026-05-04 12:09:19,0.0,0.0,0.0,0.0,WARNING: Zero Current Detected (Bypass)!,Bypass Detected
2026-05-04 12:09:19,0.0,0.0,0.0,0.0,WARNING: Zero Current Detected (Bypass)!,Bypass Detected
2026-05-04 12:09:20,0.0,0.0,0.0,0.0,WARNING: Zero Current Detected (Bypass)!,Bypass Detected
2026-05-04 12:10:36,0.0,0.0,0.0,0.0,WARNING: Zero Current Detected (Bypass)!,Bypass Detected
2026-05-04 12:10:36,0.0,0.0,0.0,0.0,WARNING: Zero Current Detected (Bypass)!,Bypass Detected
2026-05-04 12:10:37,0.0,0.0,0.0,0.0,WARNING: Zero Current Detected (Bypass)!,Bypass Detected
2026-05-04 12:10:37,0.0,0.0,0.0,0.0,WARNING: Zero Current Detected (Bypass)!,Bypass Detected
2026-05-04 12:10:38,0.0,0.0,0.0,0.0,WARNING: Zero Current Detected (Bypass)!,Bypass Detected
2026-05-04 12:10:38,0.0,0.0,0.0,0.0,WARNING: Zero Current Detected (Bypass)!,Bypass Detected
2026-05-04 12:10:39,0.0,0.0,0.0,0.0,WARNING: Zero Current Detected (Bypass)!,Bypass Detected
2026-05-04 12:10:39,0.0,0.0,0.0,0.0,WARNING: Zero Current Detected (Bypass)!,Bypass Detected
2026-05-04 12:10:40,0.0,0.0,0.0,0.0,WARNING: Zero Current Detected (Bypass)!,Bypass Detected
2026-05-04 12:10:40,0.0,0.0,0.0,0.0,WARNING: Zero Current Detected (Bypass)!,Bypass Detected
2026-05-04 12:10:41,0.0,0.0,0.0,0.0,WARNING: Zero Current Detected (Bypass)!,Bypass Detected
2026-05-04 12:10:42,0.0,0.0,0.0,0.0,WARNING: Zero Current Detected (Bypass)!,Bypass Detected
2026-05-04 12:10:42,0.0,0.0,0.0,0.0,WARNING: Zero Current Detected (Bypass)!,Bypass Detected
2026-05-04 12:10:43,0.0,0.0,0.0,0.0,WARNING: Zero Current Detected (Bypass)!,Bypass Detected
2026-05-04 12:10:43,0.0,0.0,0.0,0.0,WARNING: Zero Current Detected (Bypass)!,Bypass Detected
2026-05-04 12:10:44,0.0,0.0,0.0,0.0,WARNING: Zero Current Detected (Bypass)!,Bypass Detected
2026-05-04 12:10:44,0.0,0.0,0.0,0.0,WARNING: Zero Current Detected (Bypass)!,Bypass Detected
2026-05-04 12:10:45,0.0,0.0,0.0,0.0,WARNING: Zero Current Detected (Bypass)!,Bypass Detected
2026-05-04 12:10:45,0.0,0.0,0.0,0.0,WARNING: Zero Current Detected (Bypass)!,Bypass Detected
2026-05-04 12:10:46,0.0,0.0,0.0,0.0,WARNING: Zero Current Detected (Bypass)!,Bypass Detected
2026-05-04 12:10:47,0.0,0.0,0.0,0.0,WARNING: Zero Current Detected (Bypass)!,Bypass Detected
2026-05-04 12:10:47,0.0,0.0,0.0,0.0,WARNING: Zero Current Detected (Bypass)!,Bypass Detected
2026-05-04 12:10:48,0.0,0.0,0.0,0.0,WARNING: Zero Current Detected (Bypass)!,Bypass Detected
2026-05-04 12:10:48,0.0,0.0,0.0,0.0,WARNING: Zero Current Detected (Bypass)!,Bypass Detected
2026-05-04 12:10:49,0.0,0.0,0.0,0.0,WARNING: Zero Current Detected (Bypass)!,Bypass Detected
2026-05-04 12:10:49,0.0,0.0,0.0,0.0,WARNING: Zero Current Detected (Bypass)!,Bypass Detected
2026-05-04 12:10:50,0.0,0.0,0.0,0.0,WARNING: Zero Current Detected (Bypass)!,Bypass Detected
2026-05-04 12:10:51,0.0,0.0,0.0,0.0,WARNING: Zero Current Detected (Bypass)!,Bypass Detected
2026-05-04 12:10:51,0.0,0.0,0.0,0.0,WARNING: Zero Current Detected (Bypass)!,Bypass Detected
2026-05-04 12:10:52,0.0,0.0,0.0,0.0,WARNING: Zero Current Detected (Bypass)!,Bypass Detected
2026-05-04 12:10:52,0.0,0.0,0.0,0.0,WARNING: Zero Current Detected (Bypass)!,Bypass Detected
2026-05-04 12:10:53,0.0,0.0,0.0,0.0,WARNING: Zero Current Detected (Bypass)!,Bypass Detected
2026-05-04 12:10:53,0.0,0.0,0.0,0.0,WARNING: Zero Current Detected (Bypass)!,Bypass Detected
2026-05-04 12:10:54,0.0,0.0,0.0,0.0,WARNING: Zero Current Detected (Bypass)!,Bypass Detected
2026-05-04 12:10:55,0.0,0.0,0.0,0.0,WARNING: Zero Current Detected (Bypass)!,Bypass Detected
2026-05-04 12:10:55,0.0,0.0,0.0,0.0,WARNING: Zero Current Detected (Bypass)!,Bypass Detected
2026-05-04 12:10:56,0.0,0.0,0.0,0.0,WARNING: Zero Current Detected (Bypass)!,Bypass Detected
2026-05-04 12:10:56,0.0,0.0,0.0,0.0,WARNING: Zero Current Detected (Bypass)!,Bypass Detected
2026-05-04 12:10:57,0.0,0.0,0.0,0.0,WARNING: Zero Current Detected (Bypass)!,Bypass Detected
2026-05-04 12:10:57,0.0,0.0,0.0,0.0,WARNING: Zero Current Detected (Bypass)!,Bypass Detected
2026-05-04 12:10:58,0.0,0.0,0.0,0.0,WARNING: Zero Current Detected (Bypass)!,Bypass Detected
2026-05-04 12:10:59,0.0,0.0,0.0,0.0,WARNING: Zero Current Detected (Bypass)!,Bypass Detected
2026-05-04 12:10:59,0.0,0.0,0.0,0.0,WARNING: Zero Current Detected (Bypass)!,Bypass Detected
2026-05-04 12:11:00,0.0,0.0,0.0,0.0,WARNING: Zero Current Detected (Bypass)!,Bypass Detected
2026-05-04 12:11:00,0.0,0.0,0.0,0.0,WARNING: Zero Current Detected (Bypass)!,Bypass Detected
2026-05-04 12:11:01,0.0,0.0,0.0,0.0,WARNING: Zero Current Detected (Bypass)!,Bypass Detected
2026-05-04 12:11:01,0.0,0.0,0.0,0.0,WARNING: Zero Current Detected (Bypass)!,Bypass Detected
2026-05-04 12:11:02,0.0,0.0,0.0,0.0,WARNING: Zero Current Detected (Bypass)!,Bypass Detected
2026-05-04 12:11:02,0.0,0.0,0.0,0.0,WARNING: Zero Current Detected (Bypass)!,Bypass Detected
2026-05-04 12:11:03,0.0,0.0,0.0,0.0,WARNING: Zero Current Detected (Bypass)!,Bypass Detected
2026-05-04 12:11:03,0.0,0.0,0.0,0.0,WARNING: Zero Current Detected (Bypass)!,Bypass Detected
2026-05-04 12:11:04,0.0,0.0,0.0,0.0,WARNING: Zero Current Detected (Bypass)!,Bypass Detected
2026-05-04 12:11:05,0.0,0.0,0.0,0.0,WARNING: Zero Current Detected (Bypass)!,Bypass Detected
2026-05-04 12:11:05,0.0,0.0,0.0,0.0,WARNING: Zero Current Detected (Bypass)!,Bypass Detected
2026-05-04 12:11:06,0.0,0.0,0.0,0.0,WARNING: Zero Current Detected (Bypass)!,Bypass Detected
2026-05-04 12:11:06,0.0,0.0,0.0,0.0,WARNING: Zero Current Detected (Bypass)!,Bypass Detected
2026-05-04 12:11:07,0.0,0.0,0.0,0.0,WARNING: Zero Current Detected (Bypass)!,Bypass Detected
2026-05-04 12:11:07,0.0,0.0,0.0,0.0,WARNING: Zero Current Detected (Bypass)!,Bypass Detected
2026-05-04 12:11:08,0.0,0.0,0.0,0.0,WARNING: Zero Current Detected (Bypass)!,Bypass Detected
2026-05-04 12:11:09,0.0,0.0,0.0,0.0,WARNING: Zero Current Detected (Bypass)!,Bypass Detected
2026-05-04 12:11:09,0.0,0.0,0.0,0.0,WARNING: Zero Current Detected (Bypass)!,Bypass Detected
2026-05-04 12:11:10,0.0,0.0,0.0,0.0,WARNING: Zero Current Detected (Bypass)!,Bypass Detected
2026-05-04 12:11:10,0.0,0.0,0.0,0.0,WARNING: Zero Current Detected (Bypass)!,Bypass Detected
2026-05-04 12:11:11,0.0,0.0,0.0,0.0,WARNING: Zero Current Detected (Bypass)!,Bypass Detected
2026-05-04 12:11:11,0.0,0.0,0.0,0.0,WARNING: Zero Current Detected (Bypass)!,Bypass Detected
2026-05-04 12:11:12,0.0,0.0,0.0,0.0,WARNING: Zero Current Detected (Bypass)!,Bypass Detected
2026-05-04 12:11:12,0.0,0.0,0.0,0.0,WARNING: Zero Current Detected (Bypass)!,Bypass Detected
2026-05-04 12:11:13,0.0,0.0,0.0,0.0,WARNING: Zero Current Detected (Bypass)!,Bypass Detected
2026-05-04 12:11:14,0.0,0.0,0.0,0.0,WARNING: Zero Current Detected (Bypass)!,Bypass Detected
2026-05-04 12:11:14,0.0,0.0,0.0,0.0,WARNING: Zero Current Detected (Bypass)!,Bypass Detected
2026-05-04 12:11:15,0.0,0.0,0.0,0.0,WARNING: Zero Current Detected (Bypass)!,Bypass Detected
2026-05-04 12:11:15,0.0,0.0,0.0,0.0,WARNING: Zero Current Detected (Bypass)!,Bypass Detected
2026-05-04 12:11:16,0.0,0.0,0.0,0.0,WARNING: Zero Current Detected (Bypass)!,Bypass Detected
2026-05-04 12:11:16,0.0,0.0,0.0,0.0,WARNING: Zero Current Detected (Bypass)!,Bypass Detected
2026-05-04 12:11:17,0.0,0.0,0.0,0.0,WARNING: Zero Current Detected (Bypass)!,Bypass Detected
2026-05-04 12:11:17,0.0,0.0,0.0,0.0,WARNING: Zero Current Detected (Bypass)!,Bypass Detected
2026-05-04 12:11:18,0.0,0.0,0.0,0.0,WARNING: Zero Current Detected (Bypass)!,Bypass Detected
2026-05-04 12:11:19,0.0,0.0,0.0,0.0,WARNING: Zero Current Detected (Bypass)!,Bypass Detected
2026-05-04 12:11:19,0.0,0.0,0.0,0.0,WARNING: Zero Current Detected (Bypass)!,Bypass Detected
2026-05-04 12:11:20,0.0,0.0,0.0,0.0,WARNING: Zero Current Detected (Bypass)!,Bypass Detected
2026-05-04 12:11:20,0.0,0.0,0.0,0.0,WARNING: Zero Current Detected (Bypass)!,Bypass Detected
2026-05-04 12:11:21,0.0,0.0,0.0,0.0,WARNING: Zero Current Detected (Bypass)!,Bypass Detected
2026-05-04 12:11:22,0.0,0.0,0.0,0.0,WARNING: Zero Current Detected (Bypass)!,Bypass Detected
2026-05-04 12:11:22,0.0,0.0,0.0,0.0,WARNING: Zero Current Detected (Bypass)!,Bypass Detected
2026-05-04 12:11:23,0.0,0.0,0.0,0.0,WARNING: Zero Current Detected (Bypass)!,Bypass Detected
2026-05-04 12:11:23,0.0,0.0,0.0,0.0,WARNING: Zero Current Detected (Bypass)!,Bypass Detected
2026-05-04 12:11:24,0.0,0.0,0.0,0.0,WARNING: Zero Current Detected (Bypass)!,Bypass Detected
2026-05-04 12:11:24,0.0,0.0,0.0,0.0,WARNING: Zero Current Detected (Bypass)!,Bypass Detected
2026-05-04 12:11:25,0.0,0.0,0.0,0.0,WARNING: Zero Current Detected (Bypass)!,Bypass Detected
2026-05-04 12:11:25,0.0,0.0,0.0,0.0,WARNING: Zero Current Detected (Bypass)!,Bypass Detected
2026-05-04 12:11:26,0.0,0.0,0.0,0.0,WARNING: Zero Current Detected (Bypass)!,Bypass Detected
2026-05-04 12:11:27,0.0,0.0,0.0,0.0,WARNING: Zero Current Detected (Bypass)!,Bypass Detected
2026-05-04 12:11:27,0.0,0.0,0.0,0.0,WARNING: Zero Current Detected (Bypass)!,Bypass Detected
2026-05-04 12:11:28,0.0,0.0,0.0,0.0,WARNING: Zero Current Detected (Bypass)!,Bypass Detected
2026-05-04 12:11:28,0.0,0.0,0.0,0.0,WARNING: Zero Current Detected (Bypass)!,Bypass Detected
2026-05-04 12:11:29,0.0,0.0,0.0,0.0,WARNING: Zero Current Detected (Bypass)!,Bypass Detected
2026-05-04 12:11:29,0.0,0.0,0.0,0.0,WARNING: Zero Current Detected (Bypass)!,Bypass Detected
2026-05-04 12:11:30,0.0,0.0,0.0,0.0,WARNING: Zero Current Detected (Bypass)!,Bypass Detected
2026-05-04 12:11:31,0.0,0.0,0.0,0.0,WARNING: Zero Current Detected (Bypass)!,Bypass Detected
2026-05-04 12:11:31,0.0,0.0,0.0,0.0,WARNING: Zero Current Detected (Bypass)!,Bypass Detected
2026-05-04 12:11:32,0.0,0.0,0.0,0.0,WARNING: Zero Current Detected (Bypass)!,Bypass Detected
2026-05-04 12:11:32,0.0,0.0,0.0,0.0,WARNING: Zero Current Detected (Bypass)!,Bypass Detected
2026-05-04 12:11:33,0.0,0.0,0.0,0.0,WARNING: Zero Current Detected (Bypass)!,Bypass Detected
2026-05-04 12:11:33,0.0,0.0,0.0,0.0,WARNING: Zero Current Detected (Bypass)!,Bypass Detected
2026-05-04 12:11:34,0.0,0.0,0.0,0.0,WARNING: Zero Current Detected (Bypass)!,Bypass Detected
2026-05-04 12:11:34,0.0,0.0,0.0,0.0,WARNING: Zero Current Detected (Bypass)!,Bypass Detected
2026-05-04 12:11:35,0.0,0.0,0.0,0.0,WARNING: Zero Current Detected (Bypass)!,Bypass Detected
2026-05-04 12:11:35,0.0,0.0,0.0,0.0,WARNING: Zero Current Detected (Bypass)!,Bypass Detected
2026-05-04 12:11:36,0.0,0.0,0.0,0.0,WARNING: Zero Current Detected (Bypass)!,Bypass Detected
2026-05-04 12:11:37,0.0,0.0,0.0,0.0,WARNING: Zero Current Detected (Bypass)!,Bypass Detected
2026-05-04 12:11:37,0.0,0.0,0.0,0.0,WARNING: Zero Current Detected (Bypass)!,Bypass Detected
2026-05-04 12:11:38,0.0,0.0,0.0,0.0,WARNING: Zero Current Detected (Bypass)!,Bypass Detected
2026-05-04 12:11:38,0.0,0.0,0.0,0.0,WARNING: Zero Current Detected (Bypass)!,Bypass Detected
2026-05-04 12:11:39,0.0,0.0,0.0,0.0,WARNING: Zero Current Detected (Bypass)!,Bypass Detected
2026-05-04 12:11:39,0.0,0.0,0.0,0.0,WARNING: Zero Current Detected (Bypass)!,Bypass Detected
2026-05-04 12:11:40,0.0,0.0,0.0,0.0,WARNING: Zero Current Detected (Bypass)!,Bypass Detected
2026-05-04 12:11:40,0.0,0.0,0.0,0.0,WARNING: Zero Current Detected (Bypass)!,Bypass Detected
2026-05-04 12:11:41,0.0,0.0,0.0,0.0,WARNING: Zero Current Detected (Bypass)!,Bypass Detected
2026-05-04 12:11:42,0.0,0.0,0.0,0.0,WARNING: Zero Current Detected (Bypass)!,Bypass Detected
2026-05-04 12:11:42,0.0,0.0,0.0,0.0,WARNING: Zero Current Detected (Bypass)!,Bypass Detected
2026-05-04 12:11:43,0.0,0.0,0.0,0.0,WARNING: Zero Current Detected (Bypass)!,Bypass Detected
2026-05-04 12:11:43,0.0,0.0,0.0,0.0,WARNING: Zero Current Detected (Bypass)!,Bypass Detected
2026-05-04 12:11:44,0.0,0.0,0.0,0.0,WARNING: Zero Current Detected (Bypass)!,Bypass Detected
2026-05-04 12:11:44,0.0,0.0,0.0,0.0,WARNING: Zero Current Detected (Bypass)!,Bypass Detected
2026-05-04 12:11:45,0.0,0.0,0.0,0.0,WARNING: Zero Current Detected (Bypass)!,Bypass Detected
2026-05-04 12:11:45,0.0,0.0,0.0,0.0,WARNING: Zero Current Detected (Bypass)!,Bypass Detected
2026-05-04 12:11:46,0.0,0.0,0.0,0.0,WARNING: Zero Current Detected (Bypass)!,Bypass Detected
2026-05-04 12:11:47,0.0,0.0,0.0,0.0,WARNING: Zero Current Detected (Bypass)!,Bypass Detected
2026-05-04 12:11:47,0.0,0.0,0.0,0.0,WARNING: Zero Current Detected (Bypass)!,Bypass Detected
2026-05-04 12:11:48,0.0,0.0,0.0,0.0,WARNING: Zero Current Detected (Bypass)!,Bypass Detected
2026-05-04 12:11:48,0.0,0.0,0.0,0.0,WARNING: Zero Current Detected (Bypass)!,Bypass Detected
2026-05-04 12:11:49,0.0,0.0,0.0,0.0,WARNING: Zero Current Detected (Bypass)!,Bypass Detected
2026-05-04 12:11:49,0.0,0.0,0.0,0.0,WARNING: Zero Current Detected (Bypass)!,Bypass Detected
2026-05-04 12:11:50,0.0,0.0,0.0,0.0,WARNING: Zero Current Detected (Bypass)!,Bypass Detected
2026-05-04 12:11:51,0.0,0.0,0.0,0.0,WARNING: Zero Current Detected (Bypass)!,Bypass Detected
2026-05-04 12:11:51,0.0,0.0,0.0,0.0,WARNING: Zero Current Detected (Bypass)!,Bypass Detected
2026-05-04 12:11:52,0.0,0.0,0.0,0.0,WARNING: Zero Current Detected (Bypass)!,Bypass Detected
2026-05-04 12:11:52,0.0,0.0,0.0,0.0,WARNING: Zero Current Detected (Bypass)!,Bypass Detected
2026-05-04 12:11:53,0.0,0.0,0.0,0.0,WARNING: Zero Current Detected (Bypass)!,Bypass Detected
2026-05-04 12:11:53,0.0,0.0,0.0,0.0,WARNING: Zero Current Detected (Bypass)!,Bypass Detected
2026-05-04 12:11:54,0.0,0.0,0.0,0.0,WARNING: Zero Current Detected (Bypass)!,Bypass Detected
2026-05-04 12:11:54,0.0,0.0,0.0,0.0,WARNING: Zero Current Detected (Bypass)!,Bypass Detected
2026-05-04 12:11:55,0.0,0.0,0.0,0.0,WARNING: Zero Current Detected (Bypass)!,Bypass Detected
2026-05-04 12:11:56,0.0,0.0,0.0,0.0,WARNING: Zero Current Detected (Bypass)!,Bypass Detected
2026-05-04 12:11:56,0.0,0.0,0.0,0.0,WARNING: Zero Current Detected (Bypass)!,Bypass Detected
2026-05-04 12:11:57,0.0,0.0,0.0,0.0,WARNING: Zero Current Detected (Bypass)!,Bypass Detected
2026-05-04 12:11:57,0.0,0.0,0.0,0.0,WARNING: Zero Current Detected (Bypass)!,Bypass Detected
2026-05-04 12:11:58,0.0,0.0,0.0,0.0,WARNING: Zero Current Detected (Bypass)!,Bypass Detected
2026-05-04 12:11:58,0.0,0.0,0.0,0.0,WARNING: Zero Current Detected (Bypass)!,Bypass Detected
2026-05-04 12:11:59,0.0,0.0,0.0,0.0,WARNING: Zero Current Detected (Bypass)!,Bypass Detected
2026-05-04 12:11:59,0.0,0.0,0.0,0.0,WARNING: Zero Current Detected (Bypass)!,Bypass Detected
2026-05-04 12:12:00,0.0,0.0,0.0,0.0,WARNING: Zero Current Detected (Bypass)!,Bypass Detected
2026-05-04 12:12:01,0.0,0.0,0.0,0.0,WARNING: Zero Current Detected (Bypass)!,Bypass Detected
2026-05-04 12:12:01,0.0,0.0,0.0,0.0,WARNING: Zero Current Detected (Bypass)!,Bypass Detected
2026-05-04 12:12:02,0.0,0.0,0.0,0.0,WARNING: Zero Current Detected (Bypass)!,Bypass Detected
2026-05-04 12:12:02,0.0,0.0,0.0,0.0,WARNING: Zero Current Detected (Bypass)!,Bypass Detected
2026-05-04 12:12:03,0.0,0.0,0.0,0.0,WARNING: Zero Current Detected (Bypass)!,Bypass Detected
2026-05-04 12:12:03,0.0,0.0,0.0,0.0,WARNING: Zero Current Detected (Bypass)!,Bypass Detected
2026-05-04 12:12:04,0.0,0.0,0.0,0.0,WARNING: Zero Current Detected (Bypass)!,Bypass Detected
2026-05-04 12:12:05,0.0,0.0,0.0,0.0,WARNING: Zero Current Detected (Bypass)!,Bypass Detected
2026-05-04 12:12:05,0.0,0.0,0.0,0.0,WARNING: Zero Current Detected (Bypass)!,Bypass Detected
2026-05-04 12:12:06,0.0,0.0,0.0,0.0,WARNING: Zero Current Detected (Bypass)!,Bypass Detected
2026-05-04 12:12:06,0.0,0.0,0.0,0.0,WARNING: Zero Current Detected (Bypass)!,Bypass Detected
2026-05-04 12:12:07,0.0,0.0,0.0,0.0,WARNING: Zero Current Detected (Bypass)!,Bypass Detected
2026-05-04 12:12:07,2.81,0.91,2.557,16.77,Normal Operation,Normal
2026-05-04 12:12:08,2.18,0.99,2.158,15.59,CRITICAL: Voltage Tamper Detected! Voltage: 2.18 V,Voltage Tamper
2026-05-04 12:12:08,2.8,0.98,2.744,14.49,Normal Operation,Normal
2026-05-04 12:12:09,2.75,0.98,2.695,16.25,Normal Operation,Normal
2026-05-04 12:12:10,2.76,0.94,2.594,14.19,Normal Operation,Normal
2026-05-04 12:12:10,2.77,0.94,2.604,16.87,Normal Operation,Normal
2026-05-04 12:12:11,2.76,0.94,2.594,14.84,Normal Operation,Normal
2026-05-04 12:12:11,2.04,0.96,1.958,13.52,CRITICAL: Voltage Tamper Detected! Voltage: 2.04 V,Voltage Tamper
2026-05-04 12:12:12,2.81,0.0,0.0,14.32,WARNING: Zero Current Detected (Bypass)!,Bypass Detected
2026-05-04 12:12:12,2.79,0.94,2.623,15.59,Normal Operation,Normal
2026-05-04 12:12:13,2.78,0.0,0.0,15.95,WARNING: Zero Current Detected (Bypass)!,Bypass Detected
2026-05-04 12:12:13,2.79,0.93,2.595,16.13,Normal Operation,Normal
2026-05-04 12:12:14,2.79,0.0,0.0,14.82,WARNING: Zero Current Detected (Bypass)!,Bypass Detected
2026-05-04 12:12:14,2.79,0.94,2.623,13.49,Normal Operation,Normal
2026-05-04 12:12:15,2.81,0.94,2.641,14.6,Normal Operation,Normal
2026-05-04 12:12:16,2.77,0.91,2.521,15.21,Normal Operation,Normal
2026-05-04 12:12:16,2.83,0.94,2.66,13.27,Normal Operation,Normal
2026-05-04 12:12:17,2.77,0.91,2.521,15.37,Normal Operation,Normal
2026-05-04 12:12:17,2.81,0.98,2.754,13.6,Normal Operation,Normal
2026-05-04 12:12:18,2.78,0.93,2.585,16.57,Normal Operation,Normal
2026-05-04 12:12:18,2.75,0.93,2.558,13.92,Normal Operation,Normal
2026-05-04 12:12:19,2.09,0.97,2.027,15.37,CRITICAL: Voltage Tamper Detected! Voltage: 2.09 V,Voltage Tamper
2026-05-04 12:12:19,2.8,0.94,2.632,16.19,Normal Operation,Normal
2026-05-04 12:12:20,2.78,0.97,2.697,16.56,Normal Operation,Normal
2026-05-04 12:12:21,2.85,0.93,2.651,13.58,Normal Operation,Normal
2026-05-04 12:12:21,2.76,0.96,2.65,13.75,Normal Operation,Normal
2026-05-04 12:12:22,2.8,0.92,2.576,14.78,Normal Operation,Normal
2026-05-04 12:12:22,2.82,1.0,2.82,13.61,Normal Operation,Normal
2026-05-04 12:12:23,2.77,0.93,2.576,14.61,Normal Operation,Normal
2026-05-04 12:12:23,2.83,0.94,2.66,13.57,Normal Operation,Normal
2026-05-04 12:12:24,2.77,0.97,2.687,13.61,Normal Operation,Normal
2026-05-04 12:12:25,2.84,0.9,2.556,14.97,Normal Operation,Normal
2026-05-04 12:12:25,2.84,1.0,2.84,15.6,Normal Operation,Normal
2026-05-04 12:12:26,2.79,0.97,2.706,13.19,Normal Operation,Normal
2026-05-04 12:12:26,2.76,0.95,2.622,15.45,Normal Operation,Normal
2026-05-04 12:12:27,2.75,0.99,2.723,13.96,Normal Operation,Normal
2026-05-04 12:12:27,2.78,0.91,2.53,77.72,WARNING: Magnetic Interference Detected! Field: 77.72 G,Magnetic Tamper
2026-05-04 12:12:28,2.82,0.91,2.566,14.93,Normal Operation,Normal
2026-05-04 12:12:28,2.79,0.93,2.595,13.28,Normal Operation,Normal
2026-05-04 12:12:29,1.95,0.94,1.833,16.18,CRITICAL: Voltage Tamper Detected! Voltage: 1.95 V,Voltage Tamper
2026-05-04 12:12:30,2.81,0.93,2.613,15.15,Normal Operation,Normal
2026-05-04 12:12:30,2.8,0.0,0.0,14.15,WARNING: Zero Current Detected (Bypass)!,Bypass Detected
2026-05-04 12:12:31,2.0,0.99,1.98,16.82,CRITICAL: Voltage Tamper Detected! Voltage: 2.00 V,Voltage Tamper
2026-05-04 12:12:31,2.79,0.95,2.651,15.55,Normal Operation,Normal
2026-05-04 12:12:32,2.81,0.99,2.782,13.12,Normal Operation,Normal
2026-05-04 12:12:32,2.83,0.98,2.773,13.82,Normal Operation,Normal
2026-05-04 12:12:33,2.79,0.98,2.734,15.43,Normal Operation,Normal
2026-05-04 12:12:34,2.76,0.93,2.567,15.5,Normal Operation,Normal
2026-05-04 12:12:34,2.83,0.94,2.66,15.33,Normal Operation,Normal
2026-05-04 12:12:35,2.76,0.93,2.567,13.64,Normal Operation,Normal
2026-05-04 12:12:35,2.77,0.94,2.604,15.34,Normal Operation,Normal
2026-05-04 12:12:36,2.8,1.0,2.8,16.82,Normal Operation,Normal
2026-05-04 12:12:36,2.8,0.93,2.604,16.94,Normal Operation,Normal
2026-05-04 12:12:37,2.82,0.93,2.623,13.79,Normal Operation,Normal
2026-05-04 12:12:37,2.8,0.99,2.772,15.5,Normal Operation,Normal
2026-05-04 12:12:38,2.84,0.97,2.755,13.22,Normal Operation,Normal
2026-05-04 12:12:39,2.77,1.0,2.77,15.67,Normal Operation,Normal
2026-05-04 12:12:39,2.08,0.99,2.059,15.48,CRITICAL: Voltage Tamper Detected! Voltage: 2.08 V,Voltage Tamper
2026-05-04 12:12:40,2.83,0.95,2.688,14.25,Normal Operation,Normal
2026-05-04 12:12:40,2.83,0.96,2.717,16.14,Normal Operation,Normal
2026-05-04 12:12:41,2.78,0.92,2.558,16.25,Normal Operation,Normal
2026-05-04 12:12:41,1.97,0.98,1.931,13.5,CRITICAL: Voltage Tamper Detected! Voltage: 1.97 V,Voltage Tamper
2026-05-04 12:12:42,2.8,0.96,2.688,60.82,WARNING: Magnetic Interference Detected! Field: 60.82 G,Magnetic Tamper
2026-05-04 12:12:42,2.13,0.98,2.087,16.7,CRITICAL: Voltage Tamper Detected! Voltage: 2.13 V,Voltage Tamper
2026-05-04 12:12:43,2.79,0.95,2.651,13.62,Normal Operation,Normal
2026-05-04 12:12:44,2.77,0.99,2.742,14.29,Normal Operation,Normal
2026-05-04 12:12:44,2.82,0.97,2.735,15.15,Normal Operation,Normal
2026-05-04 12:12:45,2.85,0.96,2.736,16.84,Normal Operation,Normal
2026-05-04 12:12:45,2.83,0.0,0.0,16.53,WARNING: Zero Current Detected (Bypass)!,Bypass Detected
2026-05-04 12:12:46,2.8,0.97,2.716,14.62,Normal Operation,Normal
2026-05-04 12:12:46,2.83,0.93,2.632,16.86,Normal Operation,Normal
2026-05-04 12:12:47,2.8,0.97,2.716,16.29,Normal Operation,Normal
2026-05-04 12:12:47,2.83,0.98,2.773,15.71,Normal Operation,Normal
2026-05-04 12:12:48,2.83,0.98,2.773,13.33,Normal Operation,Normal
2026-05-04 12:12:49,2.76,0.98,2.705,16.8,Normal Operation,Normal
2026-05-04 12:12:49,2.79,0.99,2.762,16.01,Normal Operation,Normal
2026-05-04 12:12:50,2.78,0.95,2.641,13.19,Normal Operation,Normal
2026-05-04 12:12:50,2.76,0.96,2.65,15.15,Normal Operation,Normal
2026-05-04 12:12:51,2.84,1.0,2.84,15.71,Normal Operation,Normal
2026-05-04 12:12:51,2.8,0.93,2.604,15.86,Normal Operation,Normal
2026-05-04 12:12:52,2.78,0.99,2.752,16.14,Normal Operation,Normal
2026-05-04 12:12:53,2.85,0.97,2.764,13.72,Normal Operation,Normal
2026-05-04 12:12:53,2.81,0.92,2.585,14.4,Normal Operation,Normal
2026-05-04 12:12:54,2.77,0.96,2.659,13.92,Normal Operation,Normal
2026-05-04 12:12:54,2.77,0.92,2.548,14.81,Normal Operation,Normal
2026-05-04 12:12:55,2.82,0.9,2.538,14.83,Normal Operation,Normal
2026-05-04 12:12:55,2.79,0.91,2.539,16.59,Normal Operation,Normal
2026-05-04 12:12:56,2.79,0.9,2.511,14.32,Normal Operation,Normal
2026-05-04 12:12:57,2.8,0.93,2.604,13.94,Normal Operation,Normal
2026-05-04 12:12:57,2.75,1.0,2.75,15.15,Normal Operation,Normal
2026-05-04 12:12:58,2.79,1.0,2.79,16.41,Normal Operation,Normal
2026-05-04 12:12:58,2.83,0.95,2.688,15.3,Normal Operation,Normal
2026-05-04 12:12:59,2.8,0.93,2.604,96.15,WARNING: Magnetic Interference Detected! Field: 96.15 G,Magnetic Tamper
2026-05-04 12:12:59,2.77,0.96,2.659,13.15,Normal Operation,Normal
2026-05-04 12:13:00,2.78,0.95,2.641,13.93,Normal Operation,Normal
2026-05-04 12:13:01,2.83,0.93,2.632,14.21,Normal Operation,Normal
2026-05-04 12:13:01,2.82,0.99,2.792,13.83,Normal Operation,Normal
2026-05-04 12:13:02,2.84,0.98,2.783,16.59,Normal Operation,Normal
2026-05-04 12:13:02,2.85,0.93,2.651,15.32,Normal Operation,Normal
2026-05-04 12:13:03,2.75,0.91,2.502,14.62,Normal Operation,Normal
2026-05-04 12:13:03,2.78,0.99,2.752,15.78,Normal Operation,Normal
2026-05-04 12:13:04,2.71,0.92,2.493,14.23,Normal Operation,Normal
2026-05-04 12:13:04,2.72,0.94,2.557,15.47,Normal Operation,Normal
2026-05-04 12:13:05,2.71,0.94,2.547,14.2,Normal Operation,Normal
2026-05-04 12:13:06,2.72,0.93,2.53,15.26,Normal Operation,Normal
2026-05-04 12:13:06,2.71,0.99,2.683,14.65,Normal Operation,Normal
2026-05-04 12:13:07,2.75,0.96,2.64,15.25,Normal Operation,Normal
2026-05-04 12:13:07,2.73,0.95,2.593,15.64,Normal Operation,Normal
2026-05-04 12:13:08,2.75,0.93,2.558,14.15,Normal Operation,Normal
2026-05-04 12:13:08,2.73,0.91,2.484,15.72,Normal Operation,Normal
2026-05-04 12:13:09,2.73,0.98,2.675,14.45,Normal Operation,Normal
2026-05-04 12:13:09,2.73,0.99,2.703,15.64,Normal Operation,Normal
2026-05-04 12:13:10,2.74,0.93,2.548,14.08,Normal Operation,Normal
2026-05-04 12:13:11,2.71,0.92,2.493,15.82,Normal Operation,Normal
2026-05-04 12:13:11,2.71,0.92,2.493,14.09,Normal Operation,Normal
2026-05-04 12:13:12,2.74,0.9,2.466,14.01,Normal Operation,Normal
2026-05-04 12:13:12,2.71,0.98,2.656,14.12,Normal Operation,Normal
2026-05-04 12:13:13,2.74,0.96,2.63,14.74,Normal Operation,Normal
2026-05-04 12:13:13,2.71,0.97,2.629,14.27,Normal Operation,Normal
2026-05-04 12:13:14,2.78,0.93,2.585,15.18,Normal Operation,Normal
2026-05-04 12:13:15,2.7,0.97,2.619,15.98,Normal Operation,Normal
2026-05-04 12:13:15,2.79,0.92,2.567,15.02,Normal Operation,Normal
2026-05-04 12:13:16,2.71,0.91,2.466,15.15,Normal Operation,Normal
2026-05-04 12:13:16,2.78,0.97,2.697,15.3,Normal Operation,Normal
2026-05-04 12:13:17,2.78,0.93,2.585,14.25,Normal Operation,Normal
2026-05-04 12:13:17,2.72,0.96,2.611,14.3,Normal Operation,Normal
2026-05-04 12:13:18,2.76,0.99,2.732,14.41,Normal Operation,Normal
2026-05-04 12:13:18,2.77,0.93,2.576,14.48,Normal Operation,Normal
2026-05-04 12:13:19,2.73,0.92,2.512,15.06,Normal Operation,Normal
2026-05-04 12:13:20,2.72,0.99,2.693,15.77,Normal Operation,Normal
2026-05-04 12:13:20,2.76,0.96,2.65,15.31,Normal Operation,Normal
2026-05-04 12:13:21,2.76,0.95,2.622,15.19,Normal Operation,Normal
2026-05-04 12:13:21,2.77,0.98,2.715,15.23,Normal Operation,Normal
2026-05-04 12:13:22,2.75,0.99,2.723,14.42,Normal Operation,Normal
2026-05-04 12:13:22,2.75,0.96,2.64,14.65,Normal Operation,Normal
2026-05-04 12:13:23,2.79,0.99,2.762,14.12,Normal Operation,Normal
2026-05-04 12:13:24,2.78,0.91,2.53,15.77,Normal Operation,Normal
2026-05-04 12:13:24,2.79,0.9,2.511,14.36,Normal Operation,Normal
2026-05-04 12:13:25,2.76,0.96,2.65,14.92,Normal Operation,Normal
2026-05-04 12:13:25,2.7,0.96,2.592,15.57,Normal Operation,Normal
2026-05-04 12:13:26,2.75,0.97,2.667,14.46,Normal Operation,Normal
2026-05-04 12:13:26,2.79,0.91,2.539,14.51,Normal Operation,Normal
2026-05-04 12:13:27,2.7,0.94,2.538,15.52,Normal Operation,Normal
2026-05-04 12:13:27,2.73,0.96,2.621,15.13,Normal Operation,Normal
2026-05-04 12:13:28,2.78,0.95,2.641,15.58,Normal Operation,Normal
2026-05-04 12:13:28,2.73,0.95,2.593,15.87,Normal Operation,Normal
2026-05-04 12:13:29,2.79,0.98,2.734,14.3,Normal Operation,Normal
2026-05-04 12:13:30,2.76,0.97,2.677,14.34,Normal Operation,Normal
2026-05-04 12:13:30,2.75,1.0,2.75,15.38,Normal Operation,Normal
2026-05-04 12:13:31,2.78,0.95,2.641,14.82,Normal Operation,Normal
2026-05-04 12:13:31,2.8,0.91,2.548,15.76,Normal Operation,Normal
2026-05-04 12:13:32,2.74,0.92,2.521,15.98,Normal Operation,Normal
2026-05-04 12:13:32,2.76,0.92,2.539,14.33,Normal Operation,Normal
2026-05-04 12:13:33,2.79,0.94,2.623,14.25,Normal Operation,Normal
2026-05-04 12:13:34,2.71,0.96,2.602,14.12,Normal Operation,Normal
2026-05-04 12:13:34,2.75,0.92,2.53,15.89,Normal Operation,Normal
2026-05-04 12:13:35,2.77,0.93,2.576,14.51,Normal Operation,Normal
2026-05-04 12:13:35,2.75,0.98,2.695,15.05,Normal Operation,Normal
2026-05-04 12:13:36,2.7,0.98,2.646,15.26,Normal Operation,Normal
2026-05-04 12:13:36,2.79,0.97,2.706,14.76,Normal Operation,Normal
2026-05-04 12:13:37,2.77,0.93,2.576,14.1,Normal Operation,Normal
2026-05-04 12:13:37,2.77,0.95,2.631,15.15,Normal Operation,Normal
2026-05-04 12:13:38,2.71,0.99,2.683,15.44,Normal Operation,Normal
2026-05-04 12:13:39,2.79,0.94,2.623,14.03,Normal Operation,Normal
2026-05-04 12:13:39,2.7,0.92,2.484,14.23,Normal Operation,Normal
2026-05-04 12:13:40,2.76,0.92,2.539,14.75,Normal Operation,Normal
2026-05-04 12:13:40,2.73,0.97,2.648,15.25,Normal Operation,Normal
2026-05-04 12:13:41,2.75,0.9,2.475,14.83,Normal Operation,Normal
2026-05-04 12:13:41,2.74,0.99,2.713,14.66,Normal Operation,Normal
2026-05-04 12:13:42,2.76,0.94,2.594,15.03,Normal Operation,Normal
2026-05-04 12:13:43,2.7,0.91,2.457,14.19,Normal Operation,Normal
2026-05-04 12:13:43,2.78,0.99,2.752,15.92,Normal Operation,Normal
2026-05-04 12:13:44,2.71,0.95,2.575,14.28,Normal Operation,Normal
2026-05-04 12:13:44,0.0,0.0,0.0,0.0,WARNING: Zero Current Detected (Bypass)!,Bypass Detected
2026-05-04 12:13:45,0.0,0.0,0.0,0.0,WARNING: Zero Current Detected (Bypass)!,Bypass Detected
2026-05-04 12:13:45,0.0,0.0,0.0,0.0,WARNING: Zero Current Detected (Bypass)!,Bypass Detected
2026-05-04 12:13:46,0.0,0.0,0.0,0.0,WARNING: Zero Current Detected (Bypass)!,Bypass Detected
2026-05-04 12:13:46,0.0,0.0,0.0,0.0,WARNING: Zero Current Detected (Bypass)!,Bypass Detected
2026-05-04 12:13:47,0.0,0.0,0.0,0.0,WARNING: Zero Current Detected (Bypass)!,Bypass Detected
2026-05-04 12:13:48,0.0,0.0,0.0,0.0,WARNING: Zero Current Detected (Bypass)!,Bypass Detected
2026-05-04 12:13:48,0.0,0.0,0.0,0.0,WARNING: Zero Current Detected (Bypass)!,Bypass Detected
2026-05-04 12:13:49,0.0,0.0,0.0,0.0,WARNING: Zero Current Detected (Bypass)!,Bypass Detected
2026-05-04 12:13:49,0.0,0.0,0.0,0.0,WARNING: Zero Current Detected (Bypass)!,Bypass Detected
2026-05-04 12:13:50,0.0,0.0,0.0,0.0,WARNING: Zero Current Detected (Bypass)!,Bypass Detected
2026-05-04 12:13:50,0.0,0.0,0.0,0.0,WARNING: Zero Current Detected (Bypass)!,Bypass Detected
2026-05-04 12:13:51,0.0,0.0,0.0,0.0,WARNING: Zero Current Detected (Bypass)!,Bypass Detected
2026-05-04 12:13:52,0.0,0.0,0.0,0.0,WARNING: Zero Current Detected (Bypass)!,Bypass Detected
2026-05-04 12:13:52,0.0,0.0,0.0,0.0,WARNING: Zero Current Detected (Bypass)!,Bypass Detected
2026-05-04 12:13:53,0.0,0.0,0.0,0.0,WARNING: Zero Current Detected (Bypass)!,Bypass Detected
2026-05-04 12:13:53,0.0,0.0,0.0,0.0,WARNING: Zero Current Detected (Bypass)!,Bypass Detected
2026-05-04 12:13:54,0.0,0.0,0.0,0.0,WARNING: Zero Current Detected (Bypass)!,Bypass Detected
2026-05-04 12:13:54,0.0,0.0,0.0,0.0,WARNING: Zero Current Detected (Bypass)!,Bypass Detected
2026-05-04 12:13:55,0.0,0.0,0.0,0.0,WARNING: Zero Current Detected (Bypass)!,Bypass Detected
2026-05-04 12:13:55,0.0,0.0,0.0,0.0,WARNING: Zero Current Detected (Bypass)!,Bypass Detected
2026-05-04 12:13:56,0.0,0.0,0.0,0.0,WARNING: Zero Current Detected (Bypass)!,Bypass Detected
2026-05-04 12:13:57,0.0,0.0,0.0,0.0,WARNING: Zero Current Detected (Bypass)!,Bypass Detected
2026-05-04 12:13:57,0.0,0.0,0.0,0.0,WARNING: Zero Current Detected (Bypass)!,Bypass Detected
2026-05-04 12:13:58,0.0,0.0,0.0,0.0,WARNING: Zero Current Detected (Bypass)!,Bypass Detected
2026-05-04 12:13:58,0.0,0.0,0.0,0.0,WARNING: Zero Current Detected (Bypass)!,Bypass Detected
2026-05-04 12:13:59,0.0,0.0,0.0,0.0,WARNING: Zero Current Detected (Bypass)!,Bypass Detected
2026-05-04 12:13:59,0.0,0.0,0.0,0.0,WARNING: Zero Current Detected (Bypass)!,Bypass Detected
2026-05-04 12:14:00,0.0,0.0,0.0,0.0,WARNING: Zero Current Detected (Bypass)!,Bypass Detected
2026-05-04 12:14:01,0.0,0.0,0.0,0.0,WARNING: Zero Current Detected (Bypass)!,Bypass Detected
2026-05-04 12:14:01,0.0,0.0,0.0,0.0,WARNING: Zero Current Detected (Bypass)!,Bypass Detected
2026-05-04 12:14:02,0.0,0.0,0.0,0.0,WARNING: Zero Current Detected (Bypass)!,Bypass Detected
2026-05-04 12:14:02,0.0,0.0,0.0,0.0,WARNING: Zero Current Detected (Bypass)!,Bypass Detected
2026-05-04 12:14:03,0.0,0.0,0.0,0.0,WARNING: Zero Current Detected (Bypass)!,Bypass Detected
2026-05-04 12:14:03,0.0,0.0,0.0,0.0,WARNING: Zero Current Detected (Bypass)!,Bypass Detected
2026-05-04 12:14:04,0.0,0.0,0.0,0.0,WARNING: Zero Current Detected (Bypass)!,Bypass Detected
2026-05-04 12:14:04,0.0,0.0,0.0,0.0,WARNING: Zero Current Detected (Bypass)!,Bypass Detected
2026-05-04 12:14:05,0.0,0.0,0.0,0.0,WARNING: Zero Current Detected (Bypass)!,Bypass Detected
2026-05-04 12:14:06,0.0,0.0,0.0,0.0,WARNING: Zero Current Detected (Bypass)!,Bypass Detected
2026-05-04 12:14:06,0.0,0.0,0.0,0.0,WARNING: Zero Current Detected (Bypass)!,Bypass Detected
2026-05-04 12:14:07,0.0,0.0,0.0,0.0,WARNING: Zero Current Detected (Bypass)!,Bypass Detected
2026-05-04 12:14:07,0.0,0.0,0.0,0.0,WARNING: Zero Current Detected (Bypass)!,Bypass Detected
2026-05-04 12:14:08,0.0,0.0,0.0,0.0,WARNING: Zero Current Detected (Bypass)!,Bypass Detected
2026-05-04 12:14:08,0.0,0.0,0.0,0.0,WARNING: Zero Current Detected (Bypass)!,Bypass Detected
2026-05-04 12:14:09,0.0,0.0,0.0,0.0,WARNING: Zero Current Detected (Bypass)!,Bypass Detected
2026-05-04 12:14:10,0.0,0.0,0.0,0.0,WARNING: Zero Current Detected (Bypass)!,Bypass Detected
2026-05-04 12:14:10,0.0,0.0,0.0,0.0,WARNING: Zero Current Detected (Bypass)!,Bypass Detected
2026-05-04 12:14:11,0.0,0.0,0.0,0.0,WARNING: Zero Current Detected (Bypass)!,Bypass Detected
2026-05-04 12:14:11,0.0,0.0,0.0,0.0,WARNING: Zero Current Detected (Bypass)!,Bypass Detected
2026-05-04 12:14:12,0.0,0.0,0.0,0.0,WARNING: Zero Current Detected (Bypass)!,Bypass Detected
2026-05-04 12:14:12,0.0,0.0,0.0,0.0,WARNING: Zero Current Detected (Bypass)!,Bypass Detected
2026-05-04 12:14:13,0.0,0.0,0.0,0.0,WARNING: Zero Current Detected (Bypass)!,Bypass Detected
2026-05-04 12:14:13,0.0,0.0,0.0,0.0,WARNING: Zero Current Detected (Bypass)!,Bypass Detected
2026-05-04 12:14:14,0.0,0.0,0.0,0.0,WARNING: Zero Current Detected (Bypass)!,Bypass Detected
2026-05-04 12:14:15,0.0,0.0,0.0,0.0,WARNING: Zero Current Detected (Bypass)!,Bypass Detected
2026-05-04 12:14:15,0.0,0.0,0.0,0.0,WARNING: Zero Current Detected (Bypass)!,Bypass Detected
2026-05-04 12:14:16,0.0,0.0,0.0,0.0,WARNING: Zero Current Detected (Bypass)!,Bypass Detected
2026-05-04 12:14:16,0.0,0.0,0.0,0.0,WARNING: Zero Current Detected (Bypass)!,Bypass Detected
2026-05-04 12:14:17,0.0,0.0,0.0,0.0,WARNING: Zero Current Detected (Bypass)!,Bypass Detected
2026-05-04 12:14:17,0.0,0.0,0.0,0.0,WARNING: Zero Current Detected (Bypass)!,Bypass Detected
2026-05-04 12:14:18,0.0,0.0,0.0,0.0,WARNING: Zero Current Detected (Bypass)!,Bypass Detected
2026-05-04 12:14:19,0.0,0.0,0.0,0.0,WARNING: Zero Current Detected (Bypass)!,Bypass Detected
2026-05-04 12:14:19,0.0,0.0,0.0,0.0,WARNING: Zero Current Detected (Bypass)!,Bypass Detected
2026-05-04 12:14:20,0.0,0.0,0.0,0.0,WARNING: Zero Current Detected (Bypass)!,Bypass Detected
2026-05-04 12:14:20,0.0,0.0,0.0,0.0,WARNING: Zero Current Detected (Bypass)!,Bypass Detected
2026-05-04 12:14:21,2.79,0.91,2.539,15.1,Normal Operation,Normal
2026-05-04 12:14:21,2.8,0.97,2.716,15.21,Normal Operation,Normal
2026-05-04 12:14:22,2.78,0.95,2.641,14.67,Normal Operation,Normal
2026-05-04 12:14:22,2.79,0.94,2.623,14.13,Normal Operation,Normal
2026-05-04 12:14:23,2.72,0.92,2.502,15.6,Normal Operation,Normal
2026-05-04 12:14:24,2.73,0.93,2.539,14.51,Normal Operation,Normal
2026-05-04 12:14:24,2.77,0.95,2.631,14.52,Normal Operation,Normal
2026-05-04 12:14:25,2.78,0.96,2.669,14.91,Normal Operation,Normal
2026-05-04 12:14:25,2.8,0.98,2.744,16.08,Normal Operation,Normal
2026-05-04 12:14:26,2.8,0.93,2.604,16.19,Normal Operation,Normal
2026-05-04 12:14:26,2.77,0.91,2.521,13.25,Normal Operation,Normal
2026-05-04 12:14:27,2.76,0.98,2.705,16.61,Normal Operation,Normal
2026-05-04 12:14:27,2.77,0.92,2.548,16.4,Normal Operation,Normal
2026-05-04 12:14:28,2.8,0.97,2.716,16.14,Normal Operation,Normal
2026-05-04 12:14:29,2.85,0.0,0.0,13.8,WARNING: Zero Current Detected (Bypass)!,Bypass Detected
2026-05-04 12:14:29,2.8,0.0,0.0,15.46,WARNING: Zero Current Detected (Bypass)!,Bypass Detected
2026-05-04 12:14:30,2.81,0.91,2.557,13.59,Normal Operation,Normal
2026-05-04 12:14:30,2.83,0.97,2.745,15.9,Normal Operation,Normal
2026-05-04 12:14:31,2.8,0.92,2.576,15.41,Normal Operation,Normal
2026-05-04 12:14:31,2.78,0.91,2.53,13.36,Normal Operation,Normal
2026-05-04 12:14:32,2.75,0.95,2.612,15.6,Normal Operation,Normal
2026-05-04 12:14:33,2.83,0.92,2.604,14.98,Normal Operation,Normal
2026-05-04 12:14:33,2.77,0.99,2.742,98.77,WARNING: Magnetic Interference Detected! Field: 98.77 G,Magnetic Tamper
2026-05-04 12:14:34,2.83,0.96,2.717,14.55,Normal Operation,Normal
2026-05-04 12:14:34,2.75,0.94,2.585,16.6,Normal Operation,Normal
2026-05-04 12:14:35,2.84,0.94,2.67,13.8,Normal Operation,Normal
2026-05-04 12:14:35,2.84,0.99,2.812,14.96,Normal Operation,Normal
2026-05-04 12:14:36,2.84,1.0,2.84,13.85,Normal Operation,Normal
2026-05-04 12:14:36,2.76,0.99,2.732,16.45,Normal Operation,Normal
2026-05-04 12:14:37,2.76,0.99,2.732,69.33,WARNING: Magnetic Interference Detected! Field: 69.33 G,Magnetic Tamper
2026-05-04 12:14:38,2.84,0.97,2.755,13.45,Normal Operation,Normal
2026-05-04 12:14:38,2.82,0.0,0.0,16.09,WARNING: Zero Current Detected (Bypass)!,Bypass Detected
2026-05-04 12:14:39,2.78,0.92,2.558,76.1,WARNING: Magnetic Interference Detected! Field: 76.10 G,Magnetic Tamper
2026-05-04 12:14:39,2.76,0.92,2.539,14.31,Normal Operation,Normal
2026-05-04 12:14:40,2.36,0.99,2.336,15.01,CRITICAL: Voltage Tamper Detected! Voltage: 2.36 V,Voltage Tamper
2026-05-04 12:14:40,2.75,0.92,2.53,14.72,Normal Operation,Normal
2026-05-04 12:14:41,2.84,0.93,2.641,14.75,Normal Operation,Normal
2026-05-04 12:14:42,2.84,0.96,2.726,13.43,Normal Operation,Normal
2026-05-04 12:14:42,2.78,0.99,2.752,15.48,Normal Operation,Normal
2026-05-04 12:14:43,2.76,0.94,2.594,13.34,Normal Operation,Normal
2026-05-04 12:14:43,2.81,0.94,2.641,14.64,Normal Operation,Normal
2026-05-04 12:14:44,2.81,0.98,2.754,13.03,Normal Operation,Normal
2026-05-04 12:14:44,2.82,0.9,2.538,14.52,Normal Operation,Normal
2026-05-04 12:14:45,2.78,0.94,2.613,15.57,Normal Operation,Normal
2026-05-04 12:14:45,2.84,0.92,2.613,16.34,Normal Operation,Normal
2026-05-04 12:14:46,2.79,0.0,0.0,15.35,WARNING: Zero Current Detected (Bypass)!,Bypass Detected
2026-05-04 12:14:47,2.83,0.96,2.717,14.34,Normal Operation,Normal
2026-05-04 12:14:47,2.82,0.96,2.707,15.21,Normal Operation,Normal
2026-05-04 12:14:48,2.83,0.9,2.547,15.99,Normal Operation,Normal
2026-05-04 12:14:48,2.84,0.97,2.755,14.37,Normal Operation,Normal
2026-05-04 12:14:49,2.77,0.0,0.0,16.95,WARNING: Zero Current Detected (Bypass)!,Bypass Detected
2026-05-04 12:14:49,2.78,0.92,2.558,14.71,Normal Operation,Normal
2026-05-04 12:14:50,2.81,0.9,2.529,15.56,Normal Operation,Normal
2026-05-04 12:14:50,2.18,0.92,2.006,14.13,CRITICAL: Voltage Tamper Detected! Voltage: 2.18 V,Voltage Tamper
2026-05-04 12:14:51,2.8,0.98,2.744,16.59,Normal Operation,Normal
2026-05-04 12:14:52,2.79,0.93,2.595,14.8,Normal Operation,Normal
2026-05-04 12:14:52,2.85,0.92,2.622,16.86,Normal Operation,Normal
2026-05-04 12:14:53,2.77,0.96,2.659,16.79,Normal Operation,Normal
2026-05-04 12:14:53,2.76,1.0,2.76,14.99,Normal Operation,Normal
2026-05-04 12:14:54,2.84,0.98,2.783,16.28,Normal Operation,Normal
2026-05-04 12:14:54,2.85,0.0,0.0,15.93,WARNING: Zero Current Detected (Bypass)!,Bypass Detected
2026-05-04 12:14:55,2.81,1.0,2.81,14.2,Normal Operation,Normal
2026-05-04 12:14:56,1.89,0.99,1.871,13.79,CRITICAL: Voltage Tamper Detected! Voltage: 1.89 V,Voltage Tamper
2026-05-04 12:14:56,2.84,0.94,2.67,16.08,Normal Operation,Normal
2026-05-04 12:14:57,2.83,0.0,0.0,15.42,WARNING: Zero Current Detected (Bypass)!,Bypass Detected
2026-05-04 12:14:57,2.09,0.95,1.985,13.98,CRITICAL: Voltage Tamper Detected! Voltage: 2.09 V,Voltage Tamper
2026-05-04 12:14:58,2.06,0.94,1.936,14.91,CRITICAL: Voltage Tamper Detected! Voltage: 2.06 V,Voltage Tamper
2026-05-04 12:14:58,2.78,0.96,2.669,16.55,Normal Operation,Normal
2026-05-04 12:14:59,2.79,0.0,0.0,14.54,WARNING: Zero Current Detected (Bypass)!,Bypass Detected
2026-05-04 12:14:59,2.84,0.0,0.0,15.29,WARNING: Zero Current Detected (Bypass)!,Bypass Detected
2026-05-04 12:15:00,2.82,0.98,2.764,14.36,Normal Operation,Normal
2026-05-04 12:15:01,2.8,0.92,2.576,13.85,Normal Operation,Normal
2026-05-04 12:15:01,2.0,0.97,1.94,14.32,CRITICAL: Voltage Tamper Detected! Voltage: 2.00 V,Voltage Tamper
2026-05-04 12:15:02,2.01,0.9,1.809,14.34,CRITICAL: Voltage Tamper Detected! Voltage: 2.01 V,Voltage Tamper
2026-05-04 12:15:02,2.81,0.0,0.0,15.85,WARNING: Zero Current Detected (Bypass)!,Bypass Detected
2026-05-04 12:15:03,2.79,0.97,2.706,14.51,Normal Operation,Normal
2026-05-04 12:15:03,2.85,0.92,2.622,15.47,Normal Operation,Normal
2026-05-04 12:15:04,2.79,0.92,2.567,16.48,Normal Operation,Normal
2026-05-04 12:15:04,2.76,0.97,2.677,15.16,Normal Operation,Normal
2026-05-04 12:15:05,2.8,0.92,2.576,16.96,Normal Operation,Normal
2026-05-04 12:15:06,2.84,0.92,2.613,14.4,Normal Operation,Normal
2026-05-04 12:15:06,2.75,0.92,2.53,13.44,Normal Operation,Normal
2026-05-04 12:15:07,2.75,0.98,2.695,15.22,Normal Operation,Normal
2026-05-04 12:15:07,2.85,0.91,2.594,13.98,Normal Operation,Normal
2026-05-04 12:15:08,2.76,0.91,2.512,16.92,Normal Operation,Normal
2026-05-04 12:15:08,2.8,0.97,2.716,15.61,Normal Operation,Normal
2026-05-04 12:15:09,2.76,0.91,2.512,13.98,Normal Operation,Normal
2026-05-04 12:15:10,2.84,0.0,0.0,16.3,WARNING: Zero Current Detected (Bypass)!,Bypass Detected
2026-05-04 12:15:10,2.8,0.9,2.52,16.96,Normal Operation,Normal
2026-05-04 12:15:11,2.83,0.91,2.575,82.18,WARNING: Magnetic Interference Detected! Field: 82.18 G,Magnetic Tamper
2026-05-04 12:15:11,2.77,0.9,2.493,13.37,Normal Operation,Normal
2026-05-04 12:15:12,2.8,0.94,2.632,14.24,Normal Operation,Normal
2026-05-04 12:15:12,2.77,0.94,2.604,16.89,Normal Operation,Normal
2026-05-04 12:15:13,2.76,0.91,2.512,14.82,Normal Operation,Normal
2026-05-04 12:15:13,2.82,0.9,2.538,14.11,Normal Operation,Normal
2026-05-04 12:15:14,2.78,0.98,2.724,15.87,Normal Operation,Normal
2026-05-04 12:15:15,2.84,0.96,2.726,16.21,Normal Operation,Normal
2026-05-04 12:15:15,2.75,0.96,2.64,16.85,Normal Operation,Normal
2026-05-04 12:15:16,2.79,0.9,2.511,14.71,Normal Operation,Normal
2026-05-04 12:15:16,2.83,0.97,2.745,13.46,Normal Operation,Normal
2026-05-04 12:15:17,2.77,0.9,2.493,15.67,Normal Operation,Normal
2026-05-04 12:15:17,2.82,0.91,2.566,15.42,Normal Operation,Normal
2026-05-04 12:15:18,2.77,0.9,2.493,15.26,Normal Operation,Normal
2026-05-04 12:15:19,2.83,0.94,2.66,14.25,Normal Operation,Normal
2026-05-04 12:15:19,2.8,0.97,2.716,15.17,Normal Operation,Normal
2026-05-04 12:15:20,2.06,1.0,2.06,15.92,CRITICAL: Voltage Tamper Detected! Voltage: 2.06 V,Voltage Tamper
2026-05-04 12:15:20,2.8,0.97,2.716,15.6,Normal Operation,Normal
2026-05-04 12:15:21,2.83,0.92,2.604,15.74,Normal Operation,Normal
2026-05-04 12:15:21,2.79,0.98,2.734,97.09,WARNING: Magnetic Interference Detected! Field: 97.09 G,Magnetic Tamper
2026-05-04 12:15:22,2.78,0.9,2.502,13.42,Normal Operation,Normal
2026-05-04 12:15:23,2.77,0.93,2.576,14.34,Normal Operation,Normal
2026-05-04 12:15:23,2.79,0.96,2.678,15.22,Normal Operation,Normal
2026-05-04 12:15:24,2.08,0.99,2.059,17.0,CRITICAL: Voltage Tamper Detected! Voltage: 2.08 V,Voltage Tamper
2026-05-04 12:15:24,2.78,0.95,2.641,16.68,Normal Operation,Normal
2026-05-04 12:15:25,2.76,0.91,2.512,70.94,WARNING: Magnetic Interference Detected! Field: 70.94 G,Magnetic Tamper
2026-05-04 12:15:25,2.79,0.91,2.539,16.55,Normal Operation,Normal
2026-05-04 12:15:26,2.24,0.99,2.218,13.1,CRITICAL: Voltage Tamper Detected! Voltage: 2.24 V,Voltage Tamper
2026-05-04 12:15:26,2.81,0.97,2.726,16.34,Normal Operation,Normal
2026-05-04 12:15:27,2.8,0.95,2.66,13.63,Normal Operation,Normal
2026-05-04 12:15:28,2.84,0.98,2.783,14.3,Normal Operation,Normal
2026-05-04 12:15:28,2.81,0.97,2.726,15.51,Normal Operation,Normal
2026-05-04 12:15:29,2.75,0.96,2.64,16.78,Normal Operation,Normal
2026-05-04 12:15:29,2.31,0.95,2.195,13.62,CRITICAL: Voltage Tamper Detected! Voltage: 2.31 V,Voltage Tamper
2026-05-04 12:15:30,2.77,0.96,2.659,16.31,Normal Operation,Normal
2026-05-04 12:15:30,2.78,0.93,2.585,15.15,Normal Operation,Normal
2026-05-04 12:15:31,2.78,0.9,2.502,16.73,Normal Operation,Normal
2026-05-04 12:15:31,2.11,0.96,2.026,15.83,CRITICAL: Voltage Tamper Detected! Voltage: 2.11 V,Voltage Tamper
2026-05-04 12:15:32,2.84,0.0,0.0,15.29,WARNING: Zero Current Detected (Bypass)!,Bypass Detected
2026-05-04 12:15:33,2.79,0.97,2.706,14.17,Normal Operation,Normal
2026-05-04 12:15:33,2.76,0.92,2.539,14.88,Normal Operation,Normal
2026-05-04 12:15:34,2.21,0.97,2.144,13.51,CRITICAL: Voltage Tamper Detected! Voltage: 2.21 V,Voltage Tamper
2026-05-04 12:15:34,2.82,0.92,2.594,14.05,Normal Operation,Normal
2026-05-04 12:15:35,2.76,0.99,2.732,15.51,Normal Operation,Normal
2026-05-04 12:15:36,2.83,0.91,2.575,13.2,Normal Operation,Normal
2026-05-04 12:15:36,2.77,0.92,2.548,13.85,Normal Operation,Normal
2026-05-04 12:15:37,2.78,0.94,2.613,14.33,Normal Operation,Normal
2026-05-04 12:15:37,2.84,0.98,2.783,16.0,Normal Operation,Normal
2026-05-04 12:15:38,2.83,0.98,2.773,15.98,Normal Operation,Normal
2026-05-04 12:15:38,2.27,0.97,2.202,13.37,CRITICAL: Voltage Tamper Detected! Voltage: 2.27 V,Voltage Tamper
2026-05-04 12:15:39,2.77,0.96,2.659,13.58,Normal Operation,Normal
2026-05-04 12:15:40,2.83,0.96,2.717,90.96,WARNING: Magnetic Interference Detected! Field: 90.96 G,Magnetic Tamper
2026-05-04 12:15:40,2.78,0.96,2.669,62.6,WARNING: Magnetic Interference Detected! Field: 62.60 G,Magnetic Tamper
2026-05-04 12:15:41,2.84,0.97,2.755,14.95,Normal Operation,Normal
2026-05-04 12:15:41,2.76,0.95,2.622,15.85,Normal Operation,Normal
2026-05-04 12:15:42,2.79,0.91,2.539,13.11,Normal Operation,Normal
2026-05-04 12:15:42,2.84,0.92,2.613,85.05,WARNING: Magnetic Interference Detected! Field: 85.05 G,Magnetic Tamper
2026-05-04 12:15:43,2.77,0.97,2.687,16.03,Normal Operation,Normal
2026-05-04 12:15:44,2.84,0.97,2.755,15.78,Normal Operation,Normal
2026-05-04 12:15:44,2.84,0.95,2.698,73.97,WARNING: Magnetic Interference Detected! Field: 73.97 G,Magnetic Tamper
2026-05-04 12:15:45,2.08,0.94,1.955,13.58,CRITICAL: Voltage Tamper Detected! Voltage: 2.08 V,Voltage Tamper
2026-05-04 12:15:45,2.77,0.96,2.659,15.53,Normal Operation,Normal
2026-05-04 12:15:46,2.79,0.91,2.539,14.67,Normal Operation,Normal
2026-05-04 12:15:46,2.77,0.96,2.659,15.82,Normal Operation,Normal
2026-05-04 12:15:47,2.8,0.94,2.632,15.69,Normal Operation,Normal
2026-05-04 12:15:47,2.84,0.97,2.755,61.43,WARNING: Magnetic Interference Detected! Field: 61.43 G,Magnetic Tamper
2026-05-04 12:15:48,2.79,0.99,2.762,13.24,Normal Operation,Normal
2026-05-04 12:15:49,2.84,0.91,2.584,16.59,Normal Operation,Normal
2026-05-04 12:15:49,2.75,0.93,2.558,13.11,Normal Operation,Normal
2026-05-04 12:15:50,2.79,0.0,0.0,14.12,WARNING: Zero Current Detected (Bypass)!,Bypass Detected
2026-05-04 12:15:50,2.84,0.96,2.726,79.91,WARNING: Magnetic Interference Detected! Field: 79.91 G,Magnetic Tamper
2026-05-04 12:15:51,2.76,0.99,2.732,14.61,Normal Operation,Normal
2026-05-04 12:15:51,2.78,0.0,0.0,15.3,WARNING: Zero Current Detected (Bypass)!,Bypass Detected
2026-05-04 12:15:52,2.82,0.0,0.0,14.95,WARNING: Zero Current Detected (Bypass)!,Bypass Detected
2026-05-04 12:15:52,2.79,0.9,2.511,14.02,Normal Operation,Normal
2026-05-04 12:15:53,2.79,0.94,2.623,14.07,Normal Operation,Normal
2026-05-04 12:15:54,2.82,0.97,2.735,14.11,Normal Operation,Normal
2026-05-04 12:15:54,2.83,0.0,0.0,14.34,WARNING: Zero Current Detected (Bypass)!,Bypass Detected
2026-05-04 12:15:55,2.76,0.93,2.567,14.34,Normal Operation,Normal
2026-05-04 12:15:55,2.77,0.93,2.576,13.8,Normal Operation,Normal
2026-05-04 12:15:56,2.84,0.97,2.755,13.66,Normal Operation,Normal
2026-05-04 12:15:56,2.78,0.93,2.585,16.16,Normal Operation,Normal
2026-05-04 12:15:57,2.76,0.99,2.732,14.18,Normal Operation,Normal
2026-05-04 12:15:58,2.81,0.9,2.529,15.16,Normal Operation,Normal
2026-05-04 12:15:58,2.77,0.98,2.715,15.93,Normal Operation,Normal
2026-05-04 12:15:59,2.82,0.95,2.679,16.34,Normal Operation,Normal
2026-05-04 12:15:59,2.83,0.9,2.547,16.12,Normal Operation,Normal
2026-05-04 12:16:00,2.76,0.9,2.484,67.35,WARNING: Magnetic Interference Detected! Field: 67.35 G,Magnetic Tamper
2026-05-04 12:16:00,1.92,0.91,1.747,16.7,CRITICAL: Voltage Tamper Detected! Voltage: 1.92 V,Voltage Tamper
2026-05-04 12:16:01,2.78,0.91,2.53,13.85,Normal Operation,Normal
2026-05-04 12:16:02,2.78,0.91,2.53,16.92,Normal Operation,Normal
2026-05-04 12:16:02,2.78,0.92,2.558,16.59,Normal Operation,Normal
2026-05-04 12:16:03,2.8,0.99,2.772,14.34,Normal Operation,Normal
2026-05-04 12:16:03,2.79,0.92,2.567,16.97,Normal Operation,Normal
2026-05-04 12:17:13,2.77,0.97,2.687,13.92,Normal Operation,Normal
2026-05-04 12:17:13,2.84,1.0,2.84,15.61,Normal Operation,Normal
2026-05-04 12:17:14,2.81,0.94,2.641,16.33,Normal Operation,Normal
2026-05-04 12:17:14,2.77,0.0,0.0,13.94,WARNING: Zero Current Detected (Bypass)!,Bypass Detected
2026-05-04 12:17:15,2.81,0.93,2.613,14.02,Normal Operation,Normal
2026-05-04 12:17:15,2.76,0.91,2.512,14.33,Normal Operation,Normal
2026-05-04 12:17:16,2.12,0.98,2.078,14.23,CRITICAL: Voltage Tamper Detected! Voltage: 2.12 V,Voltage Tamper
2026-05-04 12:17:16,2.8,0.92,2.576,14.47,Normal Operation,Normal
2026-05-04 12:17:17,2.84,0.92,2.613,16.16,Normal Operation,Normal
2026-05-04 12:17:18,2.82,0.92,2.594,13.82,Normal Operation,Normal
2026-05-04 12:17:18,2.83,0.97,2.745,16.11,Normal Operation,Normal
2026-05-04 12:17:19,2.8,0.99,2.772,13.33,Normal Operation,Normal
2026-05-04 12:17:19,2.83,0.9,2.547,16.09,Normal Operation,Normal
2026-05-04 12:17:20,2.77,0.99,2.742,16.67,Normal Operation,Normal
2026-05-04 12:17:20,2.84,0.91,2.584,13.29,Normal Operation,Normal
2026-05-04 12:17:21,2.76,0.97,2.677,13.18,Normal Operation,Normal
2026-05-04 12:17:21,2.75,0.93,2.558,14.29,Normal Operation,Normal
2026-05-04 12:17:22,2.81,1.0,2.81,13.17,Normal Operation,Normal
2026-05-04 12:17:23,2.19,0.92,2.015,13.22,CRITICAL: Voltage Tamper Detected! Voltage: 2.19 V,Voltage Tamper
2026-05-04 12:17:23,2.79,0.95,2.651,77.07,WARNING: Magnetic Interference Detected! Field: 77.07 G,Magnetic Tamper
2026-05-04 12:17:24,2.8,0.94,2.632,13.34,Normal Operation,Normal
2026-05-04 12:17:24,2.76,0.95,2.622,15.76,Normal Operation,Normal
2026-05-04 12:17:25,2.75,0.95,2.612,82.24,WARNING: Magnetic Interference Detected! Field: 82.24 G,Magnetic Tamper
2026-05-04 12:17:25,2.84,0.0,0.0,16.49,WARNING: Zero Current Detected (Bypass)!,Bypass Detected
2026-05-04 12:17:26,2.82,0.9,2.538,13.26,Normal Operation,Normal
2026-05-04 12:17:26,2.82,0.9,2.538,16.57,Normal Operation,Normal
2026-05-04 12:17:27,2.83,0.94,2.66,82.15,WARNING: Magnetic Interference Detected! Field: 82.15 G,Magnetic Tamper
2026-05-04 12:17:28,2.83,0.98,2.773,15.22,Normal Operation,Normal
2026-05-04 12:17:28,2.79,0.0,0.0,13.54,WARNING: Zero Current Detected (Bypass)!,Bypass Detected
2026-05-04 12:17:29,2.81,0.92,2.585,15.1,Normal Operation,Normal
2026-05-04 12:17:29,2.81,0.92,2.585,13.07,Normal Operation,Normal
2026-05-04 12:17:30,2.76,0.97,2.677,15.77,Normal Operation,Normal
2026-05-04 12:17:30,2.84,0.93,2.641,88.38,WARNING: Magnetic Interference Detected! Field: 88.38 G,Magnetic Tamper
2026-05-04 12:17:31,2.83,0.95,2.688,14.78,Normal Operation,Normal
2026-05-04 12:17:32,2.81,0.91,2.557,13.28,Normal Operation,Normal
2026-05-04 12:17:32,2.76,0.92,2.539,15.94,Normal Operation,Normal
2026-05-04 12:17:33,2.82,0.92,2.594,69.95,WARNING: Magnetic Interference Detected! Field: 69.95 G,Magnetic Tamper
2026-05-04 12:17:33,2.83,0.93,2.632,13.97,Normal Operation,Normal
2026-05-04 12:17:34,2.8,1.0,2.8,15.12,Normal Operation,Normal
2026-05-04 12:17:34,2.33,0.96,2.237,13.04,CRITICAL: Voltage Tamper Detected! Voltage: 2.33 V,Voltage Tamper
2026-05-04 12:17:35,2.29,0.94,2.153,16.25,CRITICAL: Voltage Tamper Detected! Voltage: 2.29 V,Voltage Tamper
2026-05-04 12:17:35,2.8,0.99,2.772,92.59,WARNING: Magnetic Interference Detected! Field: 92.59 G,Magnetic Tamper
2026-05-04 12:17:36,2.76,0.95,2.622,62.32,WARNING: Magnetic Interference Detected! Field: 62.32 G,Magnetic Tamper
2026-05-04 12:17:37,2.84,0.93,2.641,13.92,Normal Operation,Normal
2026-05-04 12:17:37,2.77,0.95,2.631,13.9,Normal Operation,Normal
2026-05-04 12:17:38,2.84,0.0,0.0,13.33,WARNING: Zero Current Detected (Bypass)!,Bypass Detected
2026-05-04 12:17:38,2.75,0.95,2.612,16.54,Normal Operation,Normal
2026-05-04 12:17:39,2.78,0.96,2.669,67.73,WARNING: Magnetic Interference Detected! Field: 67.73 G,Magnetic Tamper
2026-05-04 12:17:39,2.79,0.97,2.706,13.2,Normal Operation,Normal
2026-05-04 12:17:40,2.83,0.91,2.575,13.91,Normal Operation,Normal
2026-05-04 12:17:40,2.8,0.94,2.632,15.24,Normal Operation,Normal
2026-05-04 12:17:41,2.84,0.95,2.698,13.09,Normal Operation,Normal
2026-05-04 12:17:42,2.85,0.96,2.736,15.18,Normal Operation,Normal
2026-05-04 12:17:42,2.83,1.0,2.83,14.57,Normal Operation,Normal
2026-05-04 12:17:43,2.84,0.93,2.641,13.17,Normal Operation,Normal
2026-05-04 12:17:43,2.83,0.91,2.575,13.78,Normal Operation,Normal
2026-05-04 12:17:44,2.83,0.99,2.802,14.15,Normal Operation,Normal
2026-05-04 12:17:44,2.78,0.94,2.613,91.4,WARNING: Magnetic Interference Detected! Field: 91.40 G,Magnetic Tamper
2026-05-04 12:17:45,2.8,0.95,2.66,14.93,Normal Operation,Normal
2026-05-04 12:17:45,2.83,0.96,2.717,14.6,Normal Operation,Normal
2026-05-04 12:17:46,2.82,0.91,2.566,14.81,Normal Operation,Normal
2026-05-04 12:17:47,2.77,0.91,2.521,14.12,Normal Operation,Normal
2026-05-04 12:17:47,2.78,0.97,2.697,13.69,Normal Operation,Normal
2026-05-04 12:17:48,2.79,0.95,2.651,16.7,Normal Operation,Normal
2026-05-04 12:17:48,1.84,0.98,1.803,13.1,CRITICAL: Voltage Tamper Detected! Voltage: 1.84 V,Voltage Tamper
2026-05-04 12:17:49,2.84,0.95,2.698,16.42,Normal Operation,Normal
2026-05-04 12:17:49,2.81,0.0,0.0,14.71,WARNING: Zero Current Detected (Bypass)!,Bypass Detected
2026-05-04 12:17:50,2.24,0.91,2.038,14.75,CRITICAL: Voltage Tamper Detected! Voltage: 2.24 V,Voltage Tamper
2026-05-04 12:17:50,2.82,0.97,2.735,13.6,Normal Operation,Normal
2026-05-04 12:17:51,2.1,0.93,1.953,14.14,CRITICAL: Voltage Tamper Detected! Voltage: 2.10 V,Voltage Tamper
2026-05-04 12:17:52,2.79,0.98,2.734,70.24,WARNING: Magnetic Interference Detected! Field: 70.24 G,Magnetic Tamper
2026-05-04 12:17:52,2.76,0.99,2.732,14.89,Normal Operation,Normal
2026-05-04 12:17:53,2.78,0.99,2.752,93.21,WARNING: Magnetic Interference Detected! Field: 93.21 G,Magnetic Tamper
2026-05-04 12:17:53,2.79,0.96,2.678,16.17,Normal Operation,Normal
2026-05-04 12:17:54,2.78,0.97,2.697,14.17,Normal Operation,Normal
2026-05-04 12:17:54,2.82,0.0,0.0,14.89,WARNING: Zero Current Detected (Bypass)!,Bypass Detected
2026-05-04 12:17:55,2.82,0.0,0.0,16.87,WARNING: Zero Current Detected (Bypass)!,Bypass Detected
2026-05-04 12:17:56,2.08,0.9,1.872,15.37,CRITICAL: Voltage Tamper Detected! Voltage: 2.08 V,Voltage Tamper
2026-05-04 12:17:56,2.78,0.92,2.558,13.49,Normal Operation,Normal
2026-05-04 12:17:57,2.81,0.91,2.557,15.75,Normal Operation,Normal
2026-05-04 12:17:57,2.77,0.98,2.715,13.62,Normal Operation,Normal
2026-05-04 12:17:58,2.81,0.9,2.529,15.65,Normal Operation,Normal
2026-05-04 12:17:58,2.81,0.99,2.782,16.54,Normal Operation,Normal
2026-05-04 12:17:59,2.79,0.93,2.595,14.85,Normal Operation,Normal
2026-05-04 12:17:59,2.84,0.92,2.613,13.58,Normal Operation,Normal
2026-05-04 12:18:00,2.79,0.93,2.595,16.83,Normal Operation,Normal
2026-05-04 12:18:01,2.75,0.99,2.723,15.97,Normal Operation,Normal
2026-05-04 12:18:01,2.84,0.94,2.67,14.24,Normal Operation,Normal
2026-05-04 12:18:02,2.78,0.91,2.53,15.96,Normal Operation,Normal
2026-05-04 12:18:02,2.78,0.95,2.641,13.95,Normal Operation,Normal
2026-05-04 12:18:03,2.78,0.0,0.0,14.94,WARNING: Zero Current Detected (Bypass)!,Bypass Detected
2026-05-04 12:18:03,2.75,0.97,2.667,16.4,Normal Operation,Normal
2026-05-04 12:18:04,2.81,0.98,2.754,16.49,Normal Operation,Normal
2026-05-04 12:18:05,2.76,0.98,2.705,16.76,Normal Operation,Normal
2026-05-04 12:18:05,2.79,0.95,2.651,15.01,Normal Operation,Normal
2026-05-04 12:18:06,2.84,0.98,2.783,16.31,Normal Operation,Normal
2026-05-04 12:18:06,2.82,0.99,2.792,16.91,Normal Operation,Normal
2026-05-04 12:18:07,2.81,0.95,2.669,14.46,Normal Operation,Normal
2026-05-04 12:18:07,2.8,0.93,2.604,15.45,Normal Operation,Normal
2026-05-04 12:18:08,2.76,0.95,2.622,13.8,Normal Operation,Normal
2026-05-04 12:18:08,2.77,0.0,0.0,15.09,WARNING: Zero Current Detected (Bypass)!,Bypass Detected
2026-05-04 12:18:09,2.83,0.94,2.66,14.89,Normal Operation,Normal
2026-05-04 12:18:10,2.77,0.98,2.715,81.61,WARNING: Magnetic Interference Detected! Field: 81.61 G,Magnetic Tamper
2026-05-04 12:18:10,2.78,0.98,2.724,16.66,Normal Operation,Normal
2026-05-04 12:18:11,2.76,0.94,2.594,16.23,Normal Operation,Normal
2026-05-04 12:18:11,2.84,0.99,2.812,16.29,Normal Operation,Normal
2026-05-04 12:18:12,2.19,0.92,2.015,16.86,CRITICAL: Voltage Tamper Detected! Voltage: 2.19 V,Voltage Tamper
2026-05-04 12:18:12,2.77,0.98,2.715,13.4,Normal Operation,Normal
2026-05-04 12:18:13,2.76,0.0,0.0,15.51,WARNING: Zero Current Detected (Bypass)!,Bypass Detected
2026-05-04 12:18:13,2.79,0.98,2.734,16.22,Normal Operation,Normal
2026-05-04 12:18:14,2.76,0.92,2.539,16.31,Normal Operation,Normal
2026-05-04 12:18:15,2.75,0.94,2.585,13.09,Normal Operation,Normal
2026-05-04 12:18:15,2.77,0.92,2.548,17.0,Normal Operation,Normal
2026-05-04 12:18:16,2.83,0.92,2.604,15.94,Normal Operation,Normal
2026-05-04 12:18:16,2.8,0.98,2.744,13.57,Normal Operation,Normal
2026-05-04 12:18:17,2.79,0.9,2.511,14.88,Normal Operation,Normal
2026-05-04 12:18:17,2.78,0.93,2.585,99.7,WARNING: Magnetic Interference Detected! Field: 99.70 G,Magnetic Tamper
2026-05-04 12:18:18,2.78,0.97,2.697,16.54,Normal Operation,Normal
2026-05-04 12:18:18,2.85,0.98,2.793,14.87,Normal Operation,Normal
2026-05-04 12:18:19,2.82,0.94,2.651,16.8,Normal Operation,Normal
2026-05-04 12:18:20,2.76,0.93,2.567,15.9,Normal Operation,Normal
2026-05-04 12:18:20,2.79,0.97,2.706,14.47,Normal Operation,Normal
2026-05-04 12:18:21,0.0,0.0,0.0,0.0,WARNING: Zero Current Detected (Bypass)!,Bypass Detected
2026-05-04 12:18:21,0.0,0.0,0.0,0.0,WARNING: Zero Current Detected (Bypass)!,Bypass Detected
2026-05-04 12:18:22,0.0,0.0,0.0,0.0,WARNING: Zero Current Detected (Bypass)!,Bypass Detected
2026-05-04 12:18:22,0.0,0.0,0.0,0.0,WARNING: Zero Current Detected (Bypass)!,Bypass Detected
2026-05-04 12:18:23,0.0,0.0,0.0,0.0,WARNING: Zero Current Detected (Bypass)!,Bypass Detected
2026-05-04 12:18:23,0.0,0.0,0.0,0.0,WARNING: Zero Current Detected (Bypass)!,Bypass Detected
2026-05-04 12:18:24,0.0,0.0,0.0,0.0,WARNING: Zero Current Detected (Bypass)!,Bypass Detected
2026-05-04 12:18:25,0.0,0.0,0.0,0.0,WARNING: Zero Current Detected (Bypass)!,Bypass Detected
2026-05-04 12:18:25,0.0,0.0,0.0,0.0,WARNING: Zero Current Detected (Bypass)!,Bypass Detected
2026-05-04 12:18:26,0.0,0.0,0.0,0.0,WARNING: Zero Current Detected (Bypass)!,Bypass Detected
2026-05-04 12:18:26,0.0,0.0,0.0,0.0,WARNING: Zero Current Detected (Bypass)!,Bypass Detected
2026-05-04 12:18:27,0.0,0.0,0.0,0.0,WARNING: Zero Current Detected (Bypass)!,Bypass Detected
2026-05-04 12:18:27,0.0,0.0,0.0,0.0,WARNING: Zero Current Detected (Bypass)!,Bypass Detected
2026-05-04 12:18:28,0.0,0.0,0.0,0.0,WARNING: Zero Current Detected (Bypass)!,Bypass Detected
2026-05-04 12:18:29,0.0,0.0,0.0,0.0,WARNING: Zero Current Detected (Bypass)!,Bypass Detected
2026-05-04 12:18:29,0.0,0.0,0.0,0.0,WARNING: Zero Current Detected (Bypass)!,Bypass Detected
2026-05-04 12:18:30,0.0,0.0,0.0,0.0,WARNING: Zero Current Detected (Bypass)!,Bypass Detected
2026-05-04 12:18:30,0.0,0.0,0.0,0.0,WARNING: Zero Current Detected (Bypass)!,Bypass Detected
2026-05-04 12:18:31,0.0,0.0,0.0,0.0,WARNING: Zero Current Detected (Bypass)!,Bypass Detected
2026-05-04 12:18:31,0.0,0.0,0.0,0.0,WARNING: Zero Current Detected (Bypass)!,Bypass Detected
2026-05-04 12:18:32,0.0,0.0,0.0,0.0,WARNING: Zero Current Detected (Bypass)!,Bypass Detected
2026-05-04 12:18:32,0.0,0.0,0.0,0.0,WARNING: Zero Current Detected (Bypass)!,Bypass Detected
2026-05-04 12:18:33,0.0,0.0,0.0,0.0,WARNING: Zero Current Detected (Bypass)!,Bypass Detected
2026-05-04 12:18:34,0.0,0.0,0.0,0.0,WARNING: Zero Current Detected (Bypass)!,Bypass Detected
2026-05-04 12:18:34,0.0,0.0,0.0,0.0,WARNING: Zero Current Detected (Bypass)!,Bypass Detected
2026-05-04 12:18:35,0.0,0.0,0.0,0.0,WARNING: Zero Current Detected (Bypass)!,Bypass Detected
2026-05-04 12:18:35,0.0,0.0,0.0,0.0,WARNING: Zero Current Detected (Bypass)!,Bypass Detected
2026-05-04 12:18:36,0.0,0.0,0.0,0.0,WARNING: Zero Current Detected (Bypass)!,Bypass Detected
2026-05-04 12:18:36,0.0,0.0,0.0,0.0,WARNING: Zero Current Detected (Bypass)!,Bypass Detected
2026-05-04 12:18:37,0.0,0.0,0.0,0.0,WARNING: Zero Current Detected (Bypass)!,Bypass Detected
2026-05-04 12:18:37,0.0,0.0,0.0,0.0,WARNING: Zero Current Detected (Bypass)!,Bypass Detected
2026-05-04 12:18:38,0.0,0.0,0.0,0.0,WARNING: Zero Current Detected (Bypass)!,Bypass Detected
2026-05-04 12:18:39,0.0,0.0,0.0,0.0,WARNING: Zero Current Detected (Bypass)!,Bypass Detected
2026-05-04 12:18:39,0.0,0.0,0.0,0.0,WARNING: Zero Current Detected (Bypass)!,Bypass Detected
2026-05-04 12:18:40,0.0,0.0,0.0,0.0,WARNING: Zero Current Detected (Bypass)!,Bypass Detected
2026-05-04 12:18:40,0.0,0.0,0.0,0.0,WARNING: Zero Current Detected (Bypass)!,Bypass Detected
2026-05-04 12:18:41,0.0,0.0,0.0,0.0,WARNING: Zero Current Detected (Bypass)!,Bypass Detected
2026-05-04 12:18:41,0.0,0.0,0.0,0.0,WARNING: Zero Current Detected (Bypass)!,Bypass Detected
2026-05-04 12:18:42,0.0,0.0,0.0,0.0,WARNING: Zero Current Detected (Bypass)!,Bypass Detected
2026-05-04 12:18:43,0.0,0.0,0.0,0.0,WARNING: Zero Current Detected (Bypass)!,Bypass Detected
2026-05-04 12:18:43,0.0,0.0,0.0,0.0,WARNING: Zero Current Detected (Bypass)!,Bypass Detected
2026-05-04 12:18:44,0.0,0.0,0.0,0.0,WARNING: Zero Current Detected (Bypass)!,Bypass Detected
2026-05-04 12:18:44,0.0,0.0,0.0,0.0,WARNING: Zero Current Detected (Bypass)!,Bypass Detected
2026-05-04 12:18:45,0.0,0.0,0.0,0.0,WARNING: Zero Current Detected (Bypass)!,Bypass Detected
2026-05-04 12:18:45,0.0,0.0,0.0,0.0,WARNING: Zero Current Detected (Bypass)!,Bypass Detected
2026-05-04 12:18:46,0.0,0.0,0.0,0.0,WARNING: Zero Current Detected (Bypass)!,Bypass Detected
2026-05-04 12:18:46,0.0,0.0,0.0,0.0,WARNING: Zero Current Detected (Bypass)!,Bypass Detected
2026-05-04 12:18:47,0.0,0.0,0.0,0.0,WARNING: Zero Current Detected (Bypass)!,Bypass Detected
2026-05-04 12:18:48,0.0,0.0,0.0,0.0,WARNING: Zero Current Detected (Bypass)!,Bypass Detected
2026-05-04 12:18:48,0.0,0.0,0.0,0.0,WARNING: Zero Current Detected (Bypass)!,Bypass Detected
2026-05-04 12:18:49,0.0,0.0,0.0,0.0,WARNING: Zero Current Detected (Bypass)!,Bypass Detected
2026-05-04 12:18:49,0.0,0.0,0.0,0.0,WARNING: Zero Current Detected (Bypass)!,Bypass Detected
2026-05-04 12:18:50,0.0,0.0,0.0,0.0,WARNING: Zero Current Detected (Bypass)!,Bypass Detected
2026-05-04 12:18:50,0.0,0.0,0.0,0.0,WARNING: Zero Current Detected (Bypass)!,Bypass Detected
2026-05-04 12:18:51,0.0,0.0,0.0,0.0,WARNING: Zero Current Detected (Bypass)!,Bypass Detected
2026-05-04 12:18:52,0.0,0.0,0.0,0.0,WARNING: Zero Current Detected (Bypass)!,Bypass Detected
2026-05-04 12:18:52,0.0,0.0,0.0,0.0,WARNING: Zero Current Detected (Bypass)!,Bypass Detected
2026-05-04 12:18:53,0.0,0.0,0.0,0.0,WARNING: Zero Current Detected (Bypass)!,Bypass Detected
2026-05-04 12:18:53,0.0,0.0,0.0,0.0,WARNING: Zero Current Detected (Bypass)!,Bypass Detected
2026-05-04 12:18:54,2.82,0.95,2.679,15.98,Normal Operation,Normal
2026-05-04 12:18:54,2.76,0.99,2.732,15.64,Normal Operation,Normal
2026-05-04 12:18:55,2.82,0.94,2.651,14.71,Normal Operation,Normal
2026-05-04 12:18:55,2.77,0.99,2.742,99.53,WARNING: Magnetic Interference Detected! Field: 99.53 G,Magnetic Tamper
2026-05-04 12:18:56,2.76,0.95,2.622,16.75,Normal Operation,Normal
2026-05-04 12:18:57,2.83,0.96,2.717,78.88,WARNING: Magnetic Interference Detected! Field: 78.88 G,Magnetic Tamper
2026-05-04 12:18:57,2.76,0.92,2.539,14.48,Normal Operation,Normal
2026-05-04 12:18:58,2.83,0.99,2.802,14.59,Normal Operation,Normal
2026-05-04 12:18:58,2.82,0.92,2.594,90.34,WARNING: Magnetic Interference Detected! Field: 90.34 G,Magnetic Tamper
2026-05-04 12:18:59,2.76,0.0,0.0,15.3,WARNING: Zero Current Detected (Bypass)!,Bypass Detected
2026-05-04 12:18:59,2.8,0.96,2.688,13.89,Normal Operation,Normal
2026-05-04 12:19:00,2.76,0.94,2.594,15.06,Normal Operation,Normal
2026-05-04 12:19:01,2.79,0.9,2.511,15.46,Normal Operation,Normal
2026-05-04 12:19:01,2.19,0.93,2.037,14.82,CRITICAL: Voltage Tamper Detected! Voltage: 2.19 V,Voltage Tamper
2026-05-04 12:19:02,2.85,0.99,2.821,14.11,Normal Operation,Normal
2026-05-04 12:19:02,2.77,0.9,2.493,14.6,Normal Operation,Normal
2026-05-04 12:19:03,2.8,0.98,2.744,16.49,Normal Operation,Normal
2026-05-04 12:19:03,2.77,0.95,2.631,13.91,Normal Operation,Normal
2026-05-04 12:19:04,2.77,0.96,2.659,70.48,WARNING: Magnetic Interference Detected! Field: 70.48 G,Magnetic Tamper
2026-05-04 12:19:04,2.23,0.92,2.052,14.91,CRITICAL: Voltage Tamper Detected! Voltage: 2.23 V,Voltage Tamper
2026-05-04 12:19:05,2.84,0.99,2.812,15.92,Normal Operation,Normal
2026-05-04 12:19:06,2.81,0.95,2.669,16.4,Normal Operation,Normal
2026-05-04 12:19:06,2.82,0.95,2.679,13.97,Normal Operation,Normal
2026-05-04 12:19:07,2.75,0.95,2.612,14.38,Normal Operation,Normal
2026-05-04 12:19:07,2.75,0.96,2.64,14.24,Normal Operation,Normal
2026-05-04 12:19:08,2.73,0.92,2.512,15.39,Normal Operation,Normal
2026-05-04 12:19:08,2.76,0.97,2.677,15.24,Normal Operation,Normal
2026-05-04 12:19:09,2.79,0.97,2.706,14.05,Normal Operation,Normal
2026-05-04 12:19:10,2.75,0.95,2.612,14.31,Normal Operation,Normal
2026-05-04 12:19:10,2.79,0.97,2.706,15.61,Normal Operation,Normal
2026-05-04 12:19:11,2.76,0.92,2.539,14.16,Normal Operation,Normal
2026-05-04 12:19:11,2.74,0.91,2.493,14.78,Normal Operation,Normal
2026-05-04 12:19:12,2.76,0.94,2.594,14.1,Normal Operation,Normal
2026-05-04 12:19:12,2.76,0.94,2.594,15.84,Normal Operation,Normal
2026-05-04 12:19:13,2.71,0.94,2.547,14.55,Normal Operation,Normal
2026-05-04 12:19:13,2.71,0.96,2.602,15.77,Normal Operation,Normal
2026-05-04 12:19:14,2.76,1.0,2.76,15.29,Normal Operation,Normal
2026-05-04 12:19:15,2.71,0.97,2.629,14.81,Normal Operation,Normal
2026-05-04 12:19:15,2.73,0.98,2.675,15.76,Normal Operation,Normal
2026-05-04 12:19:16,2.74,0.97,2.658,14.34,Normal Operation,Normal
2026-05-04 12:19:16,2.72,0.95,2.584,14.96,Normal Operation,Normal
2026-05-04 12:19:17,2.79,0.99,2.762,14.4,Normal Operation,Normal
2026-05-04 12:19:17,2.74,0.9,2.466,15.5,Normal Operation,Normal
2026-05-04 12:19:18,2.77,0.92,2.548,15.13,Normal Operation,Normal
2026-05-04 12:19:19,2.74,0.97,2.658,14.62,Normal Operation,Normal
2026-05-04 12:19:19,2.76,0.93,2.567,15.89,Normal Operation,Normal
2026-05-04 12:19:20,2.8,0.98,2.744,14.1,Normal Operation,Normal
2026-05-04 12:19:20,2.78,0.99,2.752,15.51,Normal Operation,Normal
2026-05-04 12:19:21,2.74,0.93,2.548,14.46,Normal Operation,Normal
2026-05-04 12:19:21,2.79,0.94,2.623,15.53,Normal Operation,Normal
2026-05-04 12:19:22,2.73,0.98,2.675,14.8,Normal Operation,Normal
2026-05-04 12:19:22,2.71,0.97,2.629,14.65,Normal Operation,Normal
2026-05-04 12:19:23,2.75,0.94,2.585,14.03,Normal Operation,Normal
2026-05-04 12:19:24,2.77,0.99,2.742,14.52,Normal Operation,Normal
2026-05-04 12:19:24,2.79,0.96,2.678,15.96,Normal Operation,Normal
2026-05-04 12:19:25,2.77,0.95,2.631,14.4,Normal Operation,Normal
2026-05-04 12:19:25,2.71,0.95,2.575,14.88,Normal Operation,Normal
2026-05-04 12:19:26,2.79,0.91,2.539,14.98,Normal Operation,Normal
2026-05-04 12:19:26,2.72,0.95,2.584,14.05,Normal Operation,Normal
2026-05-04 12:19:27,2.77,0.9,2.493,14.94,Normal Operation,Normal
2026-05-04 12:19:28,2.76,0.98,2.705,15.37,Normal Operation,Normal
2026-05-04 12:19:28,2.73,0.97,2.648,15.62,Normal Operation,Normal
2026-05-04 12:19:29,2.76,0.94,2.594,15.2,Normal Operation,Normal
2026-05-04 12:19:29,2.79,0.92,2.567,15.13,Normal Operation,Normal
2026-05-04 12:19:30,2.72,0.9,2.448,15.8,Normal Operation,Normal
2026-05-04 12:19:30,2.74,0.93,2.548,15.71,Normal Operation,Normal
2026-05-04 12:19:31,2.71,0.98,2.656,14.6,Normal Operation,Normal
2026-05-04 12:19:31,2.73,0.95,2.593,15.44,Normal Operation,Normal
2026-05-04 12:19:32,2.76,0.94,2.594,15.01,Normal Operation,Normal
2026-05-04 12:19:33,2.73,0.95,2.593,14.85,Normal Operation,Normal
2026-05-04 12:19:33,2.72,0.98,2.666,15.52,Normal Operation,Normal
2026-05-04 12:19:34,2.78,0.98,2.724,15.24,Normal Operation,Normal
2026-05-04 12:19:34,2.79,0.95,2.651,15.29,Normal Operation,Normal
2026-05-04 12:19:35,1.9,0.91,1.729,14.5,CRITICAL: Voltage Tamper Detected! Voltage: 1.90 V,Voltage Tamper
2026-05-04 12:19:35,2.8,0.96,2.688,13.89,Normal Operation,Normal
2026-05-04 12:19:36,2.8,0.96,2.688,13.4,Normal Operation,Normal
2026-05-04 12:19:36,2.79,0.9,2.511,16.89,Normal Operation,Normal
2026-05-04 12:19:37,2.76,0.95,2.622,15.12,Normal Operation,Normal
2026-05-04 12:19:38,2.81,0.92,2.585,15.87,Normal Operation,Normal
2026-05-04 12:19:38,2.77,1.0,2.77,16.25,Normal Operation,Normal
2026-05-04 12:19:39,2.78,0.95,2.641,13.07,Normal Operation,Normal
2026-05-04 12:19:39,2.78,0.92,2.558,14.47,Normal Operation,Normal
2026-05-04 12:19:40,2.79,1.0,2.79,15.52,Normal Operation,Normal
2026-05-04 12:19:41,2.75,0.98,2.695,14.97,Normal Operation,Normal
2026-05-04 12:19:41,2.77,0.96,2.659,15.37,Normal Operation,Normal
2026-05-04 12:19:42,2.75,0.96,2.64,15.11,Normal Operation,Normal
2026-05-04 12:19:42,2.84,0.92,2.613,16.48,Normal Operation,Normal
2026-05-04 12:19:43,2.85,0.94,2.679,84.66,WARNING: Magnetic Interference Detected! Field: 84.66 G,Magnetic Tamper
2026-05-04 12:19:43,2.81,0.0,0.0,13.83,WARNING: Zero Current Detected (Bypass)!,Bypass Detected
2026-05-04 12:19:44,1.98,0.91,1.802,16.69,CRITICAL: Voltage Tamper Detected! Voltage: 1.98 V,Voltage Tamper
2026-05-04 12:19:44,2.81,0.98,2.754,15.72,Normal Operation,Normal
2026-05-04 12:19:45,2.76,0.93,2.567,14.52,Normal Operation,Normal
2026-05-04 12:19:46,2.76,0.96,2.65,86.37,WARNING: Magnetic Interference Detected! Field: 86.37 G,Magnetic Tamper
2026-05-04 12:19:46,2.82,0.93,2.623,15.7,Normal Operation,Normal
2026-05-04 12:19:47,2.76,0.0,0.0,15.18,WARNING: Zero Current Detected (Bypass)!,Bypass Detected
2026-05-04 12:19:47,2.77,0.97,2.687,16.43,Normal Operation,Normal
2026-05-04 12:19:48,2.82,0.93,2.623,16.1,Normal Operation,Normal
2026-05-04 12:19:48,2.82,0.97,2.735,14.89,Normal Operation,Normal
2026-05-04 12:19:49,1.92,0.99,1.901,13.85,CRITICAL: Voltage Tamper Detected! Voltage: 1.92 V,Voltage Tamper
2026-05-04 12:19:50,2.84,0.93,2.641,16.04,Normal Operation,Normal
2026-05-04 12:19:50,2.84,0.94,2.67,14.58,Normal Operation,Normal
2026-05-04 12:19:51,2.75,1.0,2.75,14.54,Normal Operation,Normal
2026-05-04 12:19:51,2.33,0.97,2.26,14.18,CRITICAL: Voltage Tamper Detected! Voltage: 2.33 V,Voltage Tamper
2026-05-04 12:19:52,2.77,0.99,2.742,68.36,WARNING: Magnetic Interference Detected! Field: 68.36 G,Magnetic Tamper
2026-05-04 12:19:52,2.77,0.94,2.604,13.08,Normal Operation,Normal
2026-05-04 12:19:53,2.78,0.0,0.0,15.31,WARNING: Zero Current Detected (Bypass)!,Bypass Detected
2026-05-04 12:19:53,2.76,0.92,2.539,16.39,Normal Operation,Normal
2026-05-04 12:19:54,2.8,0.96,2.688,92.28,WARNING: Magnetic Interference Detected! Field: 92.28 G,Magnetic Tamper
2026-05-04 12:19:55,2.77,0.0,0.0,16.36,WARNING: Zero Current Detected (Bypass)!,Bypass Detected
2026-05-04 12:19:55,2.82,0.95,2.679,13.48,Normal Operation,Normal
2026-05-04 12:19:56,2.8,0.91,2.548,16.5,Normal Operation,Normal
2026-05-04 12:19:56,2.78,0.93,2.585,16.74,Normal Operation,Normal
2026-05-04 12:19:57,2.76,0.99,2.732,13.37,Normal Operation,Normal
2026-05-04 12:19:57,2.84,1.0,2.84,14.63,Normal Operation,Normal
2026-05-04 12:19:58,2.83,1.0,2.83,14.09,Normal Operation,Normal
2026-05-04 12:19:58,2.81,0.95,2.669,16.23,Normal Operation,Normal
2026-05-04 12:19:59,2.8,0.95,2.66,13.68,Normal Operation,Normal
2026-05-04 12:20:00,2.79,0.91,2.539,16.43,Normal Operation,Normal
2026-05-04 12:20:00,2.79,0.99,2.762,14.12,Normal Operation,Normal
2026-05-04 12:20:01,2.04,0.97,1.979,14.6,CRITICAL: Voltage Tamper Detected! Voltage: 2.04 V,Voltage Tamper
2026-05-04 12:20:01,2.81,0.91,2.557,16.72,Normal Operation,Normal
2026-05-04 13:43:27,2.8,0.99,2.772,15.87,Normal Operation,Normal
2026-05-04 13:43:27,2.78,0.99,2.752,16.42,Normal Operation,Normal
2026-05-04 13:43:28,2.19,0.98,2.146,14.66,CRITICAL: Voltage Tamper Detected! Voltage: 2.19 V,Voltage Tamper
2026-05-04 13:43:28,1.81,0.9,1.629,16.29,CRITICAL: Voltage Tamper Detected! Voltage: 1.81 V,Voltage Tamper
2026-05-04 13:43:29,2.8,0.98,2.744,15.35,Normal Operation,Normal
2026-05-04 13:43:30,2.79,0.92,2.567,16.49,Normal Operation,Normal
2026-05-04 13:43:30,2.79,0.92,2.567,15.18,Normal Operation,Normal
2026-05-04 13:43:31,2.82,0.96,2.707,13.89,Normal Operation,Normal
2026-05-04 13:43:31,2.76,0.91,2.512,15.84,Normal Operation,Normal
2026-05-04 13:43:32,2.81,0.0,0.0,14.43,WARNING: Zero Current Detected (Bypass)!,Bypass Detected
2026-05-04 13:43:33,2.85,0.97,2.764,16.9,Normal Operation,Normal
2026-05-04 13:43:33,2.77,0.92,2.548,15.81,Normal Operation,Normal
2026-05-04 13:43:34,2.83,0.96,2.717,13.15,Normal Operation,Normal
2026-05-04 13:43:34,2.8,0.95,2.66,13.33,Normal Operation,Normal
2026-05-04 13:43:35,2.77,0.93,2.576,14.59,Normal Operation,Normal
2026-05-04 13:43:36,2.8,0.97,2.716,13.54,Normal Operation,Normal
2026-05-04 13:43:36,1.88,0.91,1.711,14.32,CRITICAL: Voltage Tamper Detected! Voltage: 1.88 V,Voltage Tamper
2026-05-04 13:43:37,2.81,0.94,2.641,15.77,Normal Operation,Normal
2026-05-04 13:43:37,2.78,0.98,2.724,13.0,Normal Operation,Normal
2026-05-04 13:43:38,2.84,0.97,2.755,15.54,Normal Operation,Normal
2026-05-04 13:43:39,2.83,0.94,2.66,79.43,WARNING: Magnetic Interference Detected! Field: 79.43 G,Magnetic Tamper
2026-05-04 13:43:39,2.81,0.94,2.641,14.2,Normal Operation,Normal
2026-05-04 13:43:40,2.83,0.0,0.0,14.62,WARNING: Zero Current Detected (Bypass)!,Bypass Detected
2026-05-04 13:43:40,2.82,0.99,2.792,13.3,Normal Operation,Normal
2026-05-04 13:43:41,2.82,0.94,2.651,15.97,Normal Operation,Normal
2026-05-04 13:43:41,2.83,0.94,2.66,13.15,Normal Operation,Normal
2026-05-04 13:43:42,2.84,0.98,2.783,13.51,Normal Operation,Normal
2026-05-04 13:43:42,2.79,0.99,2.762,15.15,Normal Operation,Normal
2026-05-04 13:43:43,2.79,0.95,2.651,13.41,Normal Operation,Normal
2026-05-04 13:43:44,2.83,0.98,2.773,15.35,Normal Operation,Normal
2026-05-04 13:43:44,2.79,1.0,2.79,14.23,Normal Operation,Normal
2026-05-04 13:43:45,2.84,0.96,2.726,15.84,Normal Operation,Normal
2026-05-04 13:43:45,2.79,0.95,2.651,14.83,Normal Operation,Normal
2026-05-04 13:43:46,2.76,0.97,2.677,78.36,WARNING: Magnetic Interference Detected! Field: 78.36 G,Magnetic Tamper
2026-05-04 13:43:46,2.8,0.96,2.688,14.92,Normal Operation,Normal
2026-05-04 13:43:47,2.81,1.0,2.81,96.26,WARNING: Magnetic Interference Detected! Field: 96.26 G,Magnetic Tamper
2026-05-04 13:43:48,2.81,0.94,2.641,13.69,Normal Operation,Normal
2026-05-04 13:43:48,2.8,0.97,2.716,13.41,Normal Operation,Normal
2026-05-04 13:43:49,2.82,0.9,2.538,13.85,Normal Operation,Normal
2026-05-04 13:43:49,2.84,0.97,2.755,16.89,Normal Operation,Normal
2026-05-04 13:43:50,2.8,0.97,2.716,13.55,Normal Operation,Normal
2026-05-04 13:43:51,2.85,1.0,2.85,15.77,Normal Operation,Normal
2026-05-04 13:43:51,2.79,0.92,2.567,14.69,Normal Operation,Normal
2026-05-04 13:43:52,2.14,0.91,1.947,16.96,CRITICAL: Voltage Tamper Detected! Voltage: 2.14 V,Voltage Tamper
2026-05-04 13:43:52,2.82,0.98,2.764,16.13,Normal Operation,Normal
2026-05-04 13:43:53,2.77,0.98,2.715,16.14,Normal Operation,Normal
2026-05-04 13:43:53,2.83,0.92,2.604,16.61,Normal Operation,Normal
2026-05-04 13:43:54,2.81,0.96,2.698,16.83,Normal Operation,Normal
2026-05-04 13:43:55,2.83,0.94,2.66,15.58,Normal Operation,Normal
2026-05-04 13:43:55,2.79,0.94,2.623,16.63,Normal Operation,Normal
2026-05-04 13:43:56,2.81,0.98,2.754,13.97,Normal Operation,Normal
2026-05-04 13:43:56,2.77,0.96,2.659,13.91,Normal Operation,Normal
2026-05-04 13:43:57,2.79,0.93,2.595,16.89,Normal Operation,Normal
2026-05-04 13:43:58,2.8,0.92,2.576,13.0,Normal Operation,Normal
2026-05-04 13:43:58,2.8,0.94,2.632,16.12,Normal Operation,Normal
2026-05-04 13:43:59,2.83,0.99,2.802,13.27,Normal Operation,Normal
2026-05-04 13:43:59,2.81,0.94,2.641,16.08,Normal Operation,Normal
2026-05-04 13:44:00,2.81,0.9,2.529,15.12,Normal Operation,Normal
2026-05-04 13:44:01,2.85,0.95,2.708,16.31,Normal Operation,Normal
2026-05-04 13:44:01,2.82,0.94,2.651,14.45,Normal Operation,Normal
2026-05-04 13:44:02,2.79,0.98,2.734,15.53,Normal Operation,Normal
2026-05-04 13:44:03,2.84,0.97,2.755,14.33,Normal Operation,Normal
2026-05-04 13:44:03,2.78,0.94,2.613,14.1,Normal Operation,Normal
2026-05-04 13:44:04,2.82,0.91,2.566,13.57,Normal Operation,Normal
2026-05-04 13:44:05,2.82,0.9,2.538,86.79,WARNING: Magnetic Interference Detected! Field: 86.79 G,Magnetic Tamper
2026-05-04 13:44:05,2.77,0.95,2.631,14.77,Normal Operation,Normal
2026-05-04 13:44:06,2.79,0.9,2.511,16.32,Normal Operation,Normal
2026-05-04 13:44:07,2.82,0.96,2.707,16.12,Normal Operation,Normal
2026-05-04 13:44:07,2.84,0.98,2.783,16.83,Normal Operation,Normal
2026-05-04 13:44:08,1.92,0.99,1.901,14.22,CRITICAL: Voltage Tamper Detected! Voltage: 1.92 V,Voltage Tamper
2026-05-04 13:44:09,2.75,0.92,2.53,13.58,Normal Operation,Normal
2026-05-04 13:44:10,2.84,0.9,2.556,16.44,Normal Operation,Normal
2026-05-04 13:44:10,2.83,1.0,2.83,16.57,Normal Operation,Normal
2026-05-04 13:44:11,2.77,0.93,2.576,16.44,Normal Operation,Normal
2026-05-04 13:44:12,2.75,0.9,2.475,16.19,Normal Operation,Normal
2026-05-04 13:44:12,2.85,0.91,2.594,16.56,Normal Operation,Normal
2026-05-04 13:44:13,2.8,0.96,2.688,13.56,Normal Operation,Normal
2026-05-04 13:44:14,2.82,0.92,2.594,14.09,Normal Operation,Normal
2026-05-04 13:44:15,2.8,1.0,2.8,16.97,Normal Operation,Normal
2026-05-04 13:44:15,2.77,0.94,2.604,14.59,Normal Operation,Normal
2026-05-04 13:44:16,2.81,0.97,2.726,15.26,Normal Operation,Normal
2026-05-04 13:44:17,2.1,1.0,2.1,13.67,CRITICAL: Voltage Tamper Detected! Voltage: 2.10 V,Voltage Tamper
2026-05-04 13:44:17,2.82,0.99,2.792,15.92,Normal Operation,Normal
2026-05-04 13:44:18,2.81,0.91,2.557,14.56,Normal Operation,Normal
2026-05-04 13:44:19,2.82,0.93,2.623,16.51,Normal Operation,Normal
2026-05-04 13:44:19,2.76,0.94,2.594,16.34,Normal Operation,Normal
2026-05-04 13:44:20,2.78,0.98,2.724,16.15,Normal Operation,Normal
2026-05-04 13:44:21,2.82,0.92,2.594,14.01,Normal Operation,Normal
2026-05-04 13:44:21,2.81,0.93,2.613,14.07,Normal Operation,Normal
2026-05-04 13:44:22,2.76,0.0,0.0,14.62,WARNING: Zero Current Detected (Bypass)!,Bypass Detected
2026-05-04 13:44:23,2.79,0.9,2.511,13.24,Normal Operation,Normal
2026-05-04 13:44:23,2.76,0.9,2.484,96.9,WARNING: Magnetic Interference Detected! Field: 96.90 G,Magnetic Tamper
2026-05-04 13:44:24,2.81,0.98,2.754,14.84,Normal Operation,Normal
2026-05-04 13:44:25,2.78,0.95,2.641,16.84,Normal Operation,Normal
2026-05-04 13:44:26,2.76,0.97,2.677,16.93,Normal Operation,Normal
2026-05-04 13:44:26,2.35,1.0,2.35,15.5,CRITICAL: Voltage Tamper Detected! Voltage: 2.35 V,Voltage Tamper
2026-05-04 13:44:27,2.8,0.97,2.716,15.31,Normal Operation,Normal
2026-05-04 13:44:28,2.79,0.93,2.595,15.44,Normal Operation,Normal
2026-05-04 13:44:28,2.76,0.97,2.677,15.26,Normal Operation,Normal
2026-05-04 13:44:29,2.79,0.0,0.0,14.03,WARNING: Zero Current Detected (Bypass)!,Bypass Detected
2026-05-04 13:44:30,2.84,0.97,2.755,14.52,Normal Operation,Normal
2026-05-04 13:44:30,2.8,0.99,2.772,14.91,Normal Operation,Normal
2026-05-04 13:44:31,2.78,0.97,2.697,15.78,Normal Operation,Normal
2026-05-04 13:44:32,2.77,0.93,2.576,14.92,Normal Operation,Normal
2026-05-04 13:44:32,1.86,0.94,1.748,15.66,CRITICAL: Voltage Tamper Detected! Voltage: 1.86 V,Voltage Tamper
2026-05-04 13:44:33,2.78,0.99,2.752,84.99,WARNING: Magnetic Interference Detected! Field: 84.99 G,Magnetic Tamper
2026-05-04 13:44:34,2.75,0.96,2.64,89.8,WARNING: Magnetic Interference Detected! Field: 89.80 G,Magnetic Tamper
2026-05-04 13:44:34,2.07,0.92,1.904,15.83,CRITICAL: Voltage Tamper Detected! Voltage: 2.07 V,Voltage Tamper
2026-05-04 13:44:35,2.77,0.95,2.631,13.81,Normal Operation,Normal
2026-05-04 13:44:36,2.83,0.9,2.547,14.56,Normal Operation,Normal
2026-05-04 13:44:36,2.75,0.95,2.612,13.59,Normal Operation,Normal
2026-05-04 13:44:37,2.79,0.91,2.539,13.3,Normal Operation,Normal
2026-05-04 13:44:38,2.85,0.91,2.594,15.28,Normal Operation,Normal
2026-05-04 13:44:38,2.82,0.99,2.792,13.84,Normal Operation,Normal
2026-05-04 13:44:39,2.83,0.94,2.66,16.17,Normal Operation,Normal
2026-05-04 13:44:40,2.85,0.99,2.821,15.62,Normal Operation,Normal
2026-05-04 13:44:40,2.79,0.9,2.511,13.61,Normal Operation,Normal
2026-05-04 13:44:41,2.77,0.99,2.742,15.63,Normal Operation,Normal
2026-05-04 13:44:42,2.82,0.0,0.0,14.81,WARNING: Zero Current Detected (Bypass)!,Bypass Detected
2026-05-04 13:44:42,2.79,0.92,2.567,16.45,Normal Operation,Normal
2026-05-04 13:44:43,2.85,0.0,0.0,15.72,WARNING: Zero Current Detected (Bypass)!,Bypass Detected
2026-05-04 13:44:43,2.84,0.9,2.556,16.75,Normal Operation,Normal
2026-05-04 13:44:44,2.84,0.96,2.726,14.58,Normal Operation,Normal
2026-05-04 13:44:45,2.83,0.9,2.547,73.77,WARNING: Magnetic Interference Detected! Field: 73.77 G,Magnetic Tamper
2026-05-04 13:44:45,2.81,0.99,2.782,14.17,Normal Operation,Normal
2026-05-04 13:44:46,2.83,0.99,2.802,13.15,Normal Operation,Normal
2026-05-04 13:44:46,2.84,0.0,0.0,14.26,WARNING: Zero Current Detected (Bypass)!,Bypass Detected
2026-05-04 13:44:47,2.8,0.95,2.66,14.67,Normal Operation,Normal
2026-05-04 13:44:48,2.82,0.93,2.623,16.34,Normal Operation,Normal
2026-05-04 13:44:48,2.77,0.9,2.493,15.7,Normal Operation,Normal
2026-05-04 13:44:49,2.82,0.96,2.707,13.29,Normal Operation,Normal
2026-05-04 13:44:49,2.83,0.94,2.66,16.93,Normal Operation,Normal
2026-05-04 13:44:50,2.76,0.98,2.705,15.86,Normal Operation,Normal
2026-05-04 13:44:51,2.83,0.96,2.717,83.83,WARNING: Magnetic Interference Detected! Field: 83.83 G,Magnetic Tamper
2026-05-04 13:44:51,2.78,0.95,2.641,16.9,Normal Operation,Normal
2026-05-04 13:44:52,2.81,0.96,2.698,14.12,Normal Operation,Normal
2026-05-04 13:44:52,2.85,0.98,2.793,16.07,Normal Operation,Normal
2026-05-04 13:44:53,2.78,0.91,2.53,14.97,Normal Operation,Normal
2026-05-04 13:44:53,2.77,0.92,2.548,13.52,Normal Operation,Normal
2026-05-04 13:44:54,2.1,0.92,1.932,13.09,CRITICAL: Voltage Tamper Detected! Voltage: 2.10 V,Voltage Tamper
2026-05-04 13:44:55,2.78,0.98,2.724,15.51,Normal Operation,Normal
2026-05-04 13:44:55,2.8,0.0,0.0,15.84,WARNING: Zero Current Detected (Bypass)!,Bypass Detected
2026-05-04 13:44:56,2.84,0.92,2.613,15.56,Normal Operation,Normal
2026-05-04 13:44:56,2.84,0.92,2.613,15.87,Normal Operation,Normal
2026-05-04 13:44:57,2.8,0.94,2.632,14.39,Normal Operation,Normal
2026-05-04 13:44:57,2.76,0.93,2.567,15.95,Normal Operation,Normal
2026-05-04 13:44:58,2.8,0.91,2.548,16.35,Normal Operation,Normal
2026-05-04 13:44:59,2.79,0.0,0.0,16.62,WARNING: Zero Current Detected (Bypass)!,Bypass Detected
2026-05-04 13:44:59,2.81,0.99,2.782,71.03,WARNING: Magnetic Interference Detected! Field: 71.03 G,Magnetic Tamper
2026-05-04 13:45:00,2.82,0.97,2.735,16.16,Normal Operation,Normal
2026-05-04 13:45:00,2.79,0.0,0.0,14.22,WARNING: Zero Current Detected (Bypass)!,Bypass Detected
2026-05-04 13:45:01,2.35,0.95,2.232,15.09,CRITICAL: Voltage Tamper Detected! Voltage: 2.35 V,Voltage Tamper
2026-05-04 13:45:02,2.82,0.98,2.764,14.19,Normal Operation,Normal
2026-05-04 13:45:02,2.75,0.98,2.695,61.33,WARNING: Magnetic Interference Detected! Field: 61.33 G,Magnetic Tamper
2026-05-04 13:45:03,2.84,0.99,2.812,15.68,Normal Operation,Normal
2026-05-04 13:45:03,2.79,0.97,2.706,13.3,Normal Operation,Normal
2026-05-04 13:45:04,2.75,0.99,2.723,15.34,Normal Operation,Normal
2026-05-04 13:45:05,2.81,0.99,2.782,13.49,Normal Operation,Normal
2026-05-04 13:45:05,2.36,0.91,2.148,15.73,CRITICAL: Voltage Tamper Detected! Voltage: 2.36 V,Voltage Tamper
2026-05-04 13:45:06,2.79,0.91,2.539,74.59,WARNING: Magnetic Interference Detected! Field: 74.59 G,Magnetic Tamper
2026-05-04 13:45:06,2.84,0.96,2.726,15.71,Normal Operation,Normal
2026-05-04 13:45:07,2.8,0.91,2.548,14.1,Normal Operation,Normal
2026-05-04 13:45:08,2.77,0.96,2.659,15.24,Normal Operation,Normal
2026-05-04 13:45:08,2.8,0.9,2.52,13.57,Normal Operation,Normal
2026-05-04 13:45:09,2.84,0.92,2.613,16.06,Normal Operation,Normal
2026-05-04 13:45:09,2.83,0.93,2.632,14.73,Normal Operation,Normal
2026-05-04 13:45:10,2.84,0.93,2.641,13.96,Normal Operation,Normal
2026-05-04 13:45:10,2.81,0.97,2.726,13.91,Normal Operation,Normal
2026-05-04 13:45:11,2.36,0.92,2.171,16.72,CRITICAL: Voltage Tamper Detected! Voltage: 2.36 V,Voltage Tamper
2026-05-04 13:45:12,2.82,0.96,2.707,13.18,Normal Operation,Normal
2026-05-04 13:45:12,2.83,0.98,2.773,14.99,Normal Operation,Normal
2026-05-04 13:45:13,2.83,0.96,2.717,13.39,Normal Operation,Normal
2026-05-04 13:45:13,2.77,0.0,0.0,16.02,WARNING: Zero Current Detected (Bypass)!,Bypass Detected
2026-05-04 13:45:14,2.84,0.93,2.641,16.05,Normal Operation,Normal
2026-05-04 13:45:15,2.83,0.96,2.717,79.27,WARNING: Magnetic Interference Detected! Field: 79.27 G,Magnetic Tamper
2026-05-04 13:45:15,2.79,0.92,2.567,13.89,Normal Operation,Normal
2026-05-04 13:45:16,2.84,0.94,2.67,75.32,WARNING: Magnetic Interference Detected! Field: 75.32 G,Magnetic Tamper
2026-05-04 13:45:16,2.78,0.93,2.585,13.41,Normal Operation,Normal
2026-05-04 13:45:17,2.85,0.97,2.764,14.42,Normal Operation,Normal
2026-05-04 13:45:18,2.85,0.91,2.594,16.87,Normal Operation,Normal
2026-05-04 13:45:18,2.81,0.98,2.754,15.05,Normal Operation,Normal
2026-05-04 13:45:19,2.76,0.96,2.65,14.18,Normal Operation,Normal
2026-05-04 13:45:19,0.0,0.0,0.0,0.0,WARNING: Zero Current Detected (Bypass)!,Bypass Detected
2026-05-04 13:45:20,0.0,0.0,0.0,0.0,WARNING: Zero Current Detected (Bypass)!,Bypass Detected
2026-05-04 13:45:20,0.0,0.0,0.0,0.0,WARNING: Zero Current Detected (Bypass)!,Bypass Detected
2026-05-04 13:45:21,0.0,0.0,0.0,0.0,WARNING: Zero Current Detected (Bypass)!,Bypass Detected
2026-05-04 13:45:22,0.0,0.0,0.0,0.0,WARNING: Zero Current Detected (Bypass)!,Bypass Detected
2026-05-04 13:45:22,0.0,0.0,0.0,0.0,WARNING: Zero Current Detected (Bypass)!,Bypass Detected
2026-05-04 13:45:23,0.0,0.0,0.0,0.0,WARNING: Zero Current Detected (Bypass)!,Bypass Detected
2026-05-04 13:45:23,0.0,0.0,0.0,0.0,WARNING: Zero Current Detected (Bypass)!,Bypass Detected
2026-05-04 13:45:24,0.0,0.0,0.0,0.0,WARNING: Zero Current Detected (Bypass)!,Bypass Detected
2026-05-04 13:45:25,0.0,0.0,0.0,0.0,WARNING: Zero Current Detected (Bypass)!,Bypass Detected
2026-05-04 13:45:25,0.0,0.0,0.0,0.0,WARNING: Zero Current Detected (Bypass)!,Bypass Detected
2026-05-04 13:45:26,0.0,0.0,0.0,0.0,WARNING: Zero Current Detected (Bypass)!,Bypass Detected
2026-05-04 13:45:26,0.0,0.0,0.0,0.0,WARNING: Zero Current Detected (Bypass)!,Bypass Detected
2026-05-04 13:45:27,0.0,0.0,0.0,0.0,WARNING: Zero Current Detected (Bypass)!,Bypass Detected
2026-05-04 13:45:28,0.0,0.0,0.0,0.0,WARNING: Zero Current Detected (Bypass)!,Bypass Detected
2026-05-04 13:45:28,0.0,0.0,0.0,0.0,WARNING: Zero Current Detected (Bypass)!,Bypass Detected
2026-05-04 13:45:29,0.0,0.0,0.0,0.0,WARNING: Zero Current Detected (Bypass)!,Bypass Detected
2026-05-04 13:45:29,0.0,0.0,0.0,0.0,WARNING: Zero Current Detected (Bypass)!,Bypass Detected
2026-05-04 13:45:30,0.0,0.0,0.0,0.0,WARNING: Zero Current Detected (Bypass)!,Bypass Detected
2026-05-04 13:45:30,0.0,0.0,0.0,0.0,WARNING: Zero Current Detected (Bypass)!,Bypass Detected
2026-05-04 13:45:31,0.0,0.0,0.0,0.0,WARNING: Zero Current Detected (Bypass)!,Bypass Detected
2026-05-04 13:45:32,0.0,0.0,0.0,0.0,WARNING: Zero Current Detected (Bypass)!,Bypass Detected
2026-05-04 13:45:32,0.0,0.0,0.0,0.0,WARNING: Zero Current Detected (Bypass)!,Bypass Detected
2026-05-04 13:45:33,0.0,0.0,0.0,0.0,WARNING: Zero Current Detected (Bypass)!,Bypass Detected
2026-05-04 13:45:33,0.0,0.0,0.0,0.0,WARNING: Zero Current Detected (Bypass)!,Bypass Detected
2026-05-04 13:45:34,0.0,0.0,0.0,0.0,WARNING: Zero Current Detected (Bypass)!,Bypass Detected
2026-05-04 13:45:35,0.0,0.0,0.0,0.0,WARNING: Zero Current Detected (Bypass)!,Bypass Detected
2026-05-04 13:45:35,0.0,0.0,0.0,0.0,WARNING: Zero Current Detected (Bypass)!,Bypass Detected
2026-05-04 13:45:36,0.0,0.0,0.0,0.0,WARNING: Zero Current Detected (Bypass)!,Bypass Detected
2026-05-04 13:45:36,0.0,0.0,0.0,0.0,WARNING: Zero Current Detected (Bypass)!,Bypass Detected
2026-05-04 13:45:37,0.0,0.0,0.0,0.0,WARNING: Zero Current Detected (Bypass)!,Bypass Detected
2026-05-04 13:45:38,0.0,0.0,0.0,0.0,WARNING: Zero Current Detected (Bypass)!,Bypass Detected
2026-05-04 13:45:38,0.0,0.0,0.0,0.0,WARNING: Zero Current Detected (Bypass)!,Bypass Detected
2026-05-04 13:45:39,0.0,0.0,0.0,0.0,WARNING: Zero Current Detected (Bypass)!,Bypass Detected
2026-05-04 13:45:39,0.0,0.0,0.0,0.0,WARNING: Zero Current Detected (Bypass)!,Bypass Detected
2026-05-04 13:45:40,0.0,0.0,0.0,0.0,WARNING: Zero Current Detected (Bypass)!,Bypass Detected
2026-05-04 13:45:40,0.0,0.0,0.0,0.0,WARNING: Zero Current Detected (Bypass)!,Bypass Detected
2026-05-04 13:45:41,0.0,0.0,0.0,0.0,WARNING: Zero Current Detected (Bypass)!,Bypass Detected
2026-05-04 13:45:42,0.0,0.0,0.0,0.0,WARNING: Zero Current Detected (Bypass)!,Bypass Detected
2026-05-04 13:45:42,0.0,0.0,0.0,0.0,WARNING: Zero Current Detected (Bypass)!,Bypass Detected
2026-05-04 13:45:43,0.0,0.0,0.0,0.0,WARNING: Zero Current Detected (Bypass)!,Bypass Detected
2026-05-04 13:45:43,0.0,0.0,0.0,0.0,WARNING: Zero Current Detected (Bypass)!,Bypass Detected
2026-05-04 13:45:44,0.0,0.0,0.0,0.0,WARNING: Zero Current Detected (Bypass)!,Bypass Detected
2026-05-04 13:45:44,0.0,0.0,0.0,0.0,WARNING: Zero Current Detected (Bypass)!,Bypass Detected
2026-05-04 13:45:45,0.0,0.0,0.0,0.0,WARNING: Zero Current Detected (Bypass)!,Bypass Detected
2026-05-04 13:45:46,0.0,0.0,0.0,0.0,WARNING: Zero Current Detected (Bypass)!,Bypass Detected
2026-05-04 13:45:46,0.0,0.0,0.0,0.0,WARNING: Zero Current Detected (Bypass)!,Bypass Detected
2026-05-04 13:45:47,0.0,0.0,0.0,0.0,WARNING: Zero Current Detected (Bypass)!,Bypass Detected
2026-05-04 13:45:47,0.0,0.0,0.0,0.0,WARNING: Zero Current Detected (Bypass)!,Bypass Detected
2026-05-04 13:45:48,0.0,0.0,0.0,0.0,WARNING: Zero Current Detected (Bypass)!,Bypass Detected
2026-05-04 13:45:49,0.0,0.0,0.0,0.0,WARNING: Zero Current Detected (Bypass)!,Bypass Detected
2026-05-04 13:45:49,0.0,0.0,0.0,0.0,WARNING: Zero Current Detected (Bypass)!,Bypass Detected
2026-05-04 13:45:50,0.0,0.0,0.0,0.0,WARNING: Zero Current Detected (Bypass)!,Bypass Detected
2026-05-04 13:45:50,0.0,0.0,0.0,0.0,WARNING: Zero Current Detected (Bypass)!,Bypass Detected
2026-05-04 13:45:51,0.0,0.0,0.0,0.0,WARNING: Zero Current Detected (Bypass)!,Bypass Detected
2026-05-04 13:45:52,0.0,0.0,0.0,0.0,WARNING: Zero Current Detected (Bypass)!,Bypass Detected
2026-05-04 13:45:52,0.0,0.0,0.0,0.0,WARNING: Zero Current Detected (Bypass)!,Bypass Detected
2026-05-04 13:45:53,0.0,0.0,0.0,0.0,WARNING: Zero Current Detected (Bypass)!,Bypass Detected
2026-05-04 13:45:53,2.72,0.95,2.584,15.68,Normal Operation,Normal
2026-05-04 13:45:54,2.75,0.93,2.558,15.45,Normal Operation,Normal
2026-05-04 13:45:54,2.71,0.94,2.547,14.23,Normal Operation,Normal
2026-05-04 13:45:55,2.71,0.95,2.575,14.55,Normal Operation,Normal
2026-05-04 13:45:56,2.73,0.99,2.703,15.19,Normal Operation,Normal
2026-05-04 13:45:56,2.73,0.92,2.512,15.23,Normal Operation,Normal
2026-05-04 13:45:57,2.71,0.9,2.439,14.77,Normal Operation,Normal
2026-05-04 13:45:57,2.77,0.98,2.715,15.62,Normal Operation,Normal
2026-05-04 13:45:58,2.71,0.91,2.466,14.41,Normal Operation,Normal
2026-05-04 13:45:59,2.77,0.91,2.521,14.84,Normal Operation,Normal
2026-05-04 13:45:59,2.78,0.93,2.585,15.68,Normal Operation,Normal
2026-05-04 13:46:00,2.77,0.9,2.493,14.94,Normal Operation,Normal
2026-05-04 13:46:00,2.75,0.95,2.612,15.49,Normal Operation,Normal
2026-05-04 13:46:01,2.78,0.91,2.53,14.93,Normal Operation,Normal
2026-05-04 13:46:01,2.76,0.99,2.732,15.79,Normal Operation,Normal
2026-05-04 13:46:02,2.72,0.92,2.502,15.62,Normal Operation,Normal
2026-05-04 13:46:03,2.8,0.96,2.688,14.53,Normal Operation,Normal
2026-05-04 13:46:03,2.73,0.96,2.621,15.13,Normal Operation,Normal
2026-05-04 13:46:04,2.74,0.95,2.603,15.82,Normal Operation,Normal
2026-05-04 13:46:04,2.78,0.91,2.53,14.71,Normal Operation,Normal
2026-05-04 13:46:05,2.77,0.97,2.687,14.58,Normal Operation,Normal
2026-05-04 13:46:06,2.71,0.92,2.493,15.9,Normal Operation,Normal
2026-05-04 13:46:06,2.73,0.98,2.675,14.52,Normal Operation,Normal
2026-05-04 13:46:07,2.8,1.0,2.8,15.23,Normal Operation,Normal
2026-05-04 13:46:07,2.74,0.94,2.576,15.69,Normal Operation,Normal
2026-05-04 13:46:08,2.74,0.92,2.521,14.36,Normal Operation,Normal
2026-05-04 13:46:09,2.75,0.96,2.64,15.17,Normal Operation,Normal
2026-05-04 13:46:09,2.79,0.94,2.623,14.47,Normal Operation,Normal
2026-05-04 13:46:10,2.74,0.99,2.713,15.31,Normal Operation,Normal
2026-05-04 13:46:10,2.74,0.91,2.493,15.19,Normal Operation,Normal
2026-05-04 13:46:11,2.77,0.93,2.576,14.28,Normal Operation,Normal
2026-05-04 13:46:11,2.74,1.0,2.74,15.73,Normal Operation,Normal
2026-05-04 13:46:12,2.77,0.92,2.548,15.08,Normal Operation,Normal
2026-05-04 13:46:13,2.79,0.92,2.567,15.85,Normal Operation,Normal
2026-05-04 13:46:13,2.71,0.91,2.466,15.33,Normal Operation,Normal
2026-05-04 13:46:14,2.74,1.0,2.74,15.31,Normal Operation,Normal
2026-05-04 13:46:14,2.7,0.98,2.646,14.67,Normal Operation,Normal
2026-05-04 13:46:15,2.79,0.95,2.651,14.5,Normal Operation,Normal
2026-05-04 13:46:16,2.72,0.99,2.693,15.94,Normal Operation,Normal
2026-05-04 13:46:17,2.77,1.0,2.77,15.75,Normal Operation,Normal
2026-05-04 13:46:17,2.78,0.94,2.613,15.3,Normal Operation,Normal
2026-05-04 13:46:18,2.72,0.97,2.638,15.49,Normal Operation,Normal
2026-05-04 13:46:18,2.73,0.93,2.539,15.13,Normal Operation,Normal
2026-05-04 13:46:19,2.78,0.95,2.641,15.02,Normal Operation,Normal
2026-05-04 13:46:20,2.75,0.98,2.695,14.86,Normal Operation,Normal
2026-05-04 13:46:20,2.75,0.92,2.53,15.47,Normal Operation,Normal
2026-05-04 13:46:21,2.77,0.99,2.742,15.59,Normal Operation,Normal
2026-05-04 13:46:21,2.72,0.96,2.611,15.49,Normal Operation,Normal
2026-05-04 13:46:22,2.73,0.93,2.539,15.35,Normal Operation,Normal
2026-05-04 13:46:23,2.7,0.96,2.592,15.78,Normal Operation,Normal
2026-05-04 13:46:23,2.7,0.92,2.484,15.59,Normal Operation,Normal
2026-05-04 13:46:24,2.76,0.93,2.567,15.84,Normal Operation,Normal
2026-05-04 13:46:25,2.78,0.93,2.585,15.89,Normal Operation,Normal
2026-05-04 13:46:25,2.75,0.97,2.667,14.63,Normal Operation,Normal
2026-05-04 13:46:26,2.76,0.95,2.622,14.02,Normal Operation,Normal
